Transaction_ID,Account_ID,Customer_ID,Transaction_Date,Transaction_Type,Channel,Amount,Balance_After_Transaction,Transaction_Status,Branch_ID
TXN000000001,ACC0021330,CUST027591,2022-11-27,Deposit,UPI,57583.27,3190809.72,Success,BR0763
TXN000000002,ACC0113893,CUST010128,2023-08-20,"Atm withdrawal",Branch,12160.64,5997641.82,Success,BR0104
TXN000000003,ACC0103444,CUST082331,2024-10-25,"Loan payment","Internet Banking",143276.51,247917.95,Success,BR0331
TXN000000004,ACC0047132,CUST066207,2023-04-26,"Atm withdrawal",Unknown,264986.15,2294910.61,Failed,BR0431
TXN000000005,ACC0107078,CUST022109,2024-12-09,Unknown,Branch,262560.72,3891240.67,Success,BR0622
TXN000000006,ACC0013499,CUST069336,2023-10-31,Withdrawal,UPI,234600.35,4658541.10,Success,BR0529
TXN000000007,ACC0023971,CUST095506,2023-04-06,Upi,"Internet Banking",295063.56,435838.55,Failed,BR0847
TXN000000008,ACC0062667,CUST012951,2022-02-05,Deposit,Unknown,170505.45,2161779.91,Failed,BR0386
TXN000000009,ACC0127346,CUST027492,2025-11-15,Deposit,UPI,133438.12,5370335.73,Failed,BR0334
TXN000000010,ACC0062577,CUST078970,2022-01-29,Deposit,ATM,163037.15,5900513.83,Unknown,BR0601
TXN000000011,ACC0047503,CUST071249,2022-09-20,"Card payment",Branch,248438.75,5505809.01,Pending,BR0182
TXN000000012,ACC0004749,CUST064422,2024-02-10,Unknown,ATM,282592.60,3175903.58,Unknown,BR0864
TXN000000013,ACC0101579,CUST085834,2022-11-10,"Card payment",Branch,85478.53,4936574.47,Success,BR0537
TXN000000014,ACC0115446,CUST040789,2025-06-18,Withdrawal,ATM,22715.57,2889491.53,Reversed,BR0520
TXN000000015,ACC0128725,CUST057505,2022-06-10,Unknown,ATM,17871.39,3606567.95,Pending,BR0091
TXN000000016,ACC0035057,CUST049002,2024-02-11,Deposit,Unknown,294231.74,5487896.73,Success,BR0133
TXN000000017,ACC0093868,CUST087106,2023-03-29,Unknown,"Mobile App",186356.08,855931.80,Success,BR0535
TXN000000018,ACC0056316,CUST098725,2023-03-26,Withdrawal,"mobile app",272392.26,5492691.55,Success,BR0168
TXN000000019,ACC0067861,CUST090483,2023-10-31,Deposit,ATM,120398.54,3060469.87,Reversed,BR0684
TXN000000020,ACC0017289,CUST092184,2022-11-02,"Card payment",POS,276196.03,566165.67,Success,BR0854
TXN000000021,ACC0067385,CUST071919,2025-04-27,Withdrawal,"Internet Banking",202084.91,1136998.99,Pending,BR0643
TXN000000022,ACC0010690,CUST006083,2023-07-17,"Card payment","Mobile App",249215.15,4826701.90,Pending,BR0716
TXN000000023,ACC0019988,CUST080420,2022-07-03,Withdrawal,POS,223624.81,5339337.53,Success,BR0118
TXN000000024,ACC0093252,CUST066411,2025-09-16,"Atm withdrawal",ATM,237080.82,2234138.50,Success,BR0662
TXN000000025,ACC0065339,CUST036900,2023-02-13,"Card payment",ATM,266727.30,5454881.80,Failed,BR0694
TXN000000026,ACC0090177,CUST031731,2023-09-27,Deposit,"Mobile App",126372.24,5832439.25,Success,BR0469
TXN000000027,ACC0075106,CUST063782,2025-04-04,"Loan payment","Mobile App",292103.22,3066115.25,Reversed,BR0499
TXN000000028,ACC0079692,CUST095588,2025-03-14,"Atm withdrawal","Mobile App",40742.30,3958439.36,Failed,BR0558
TXN000000029,ACC0105949,CUST098466,2023-03-15,Deposit,Unknown,123891.16,1364015.82,Failed,BR0806
TXN000000030,ACC0052476,CUST043561,2025-06-30,Deposit,Unknown,219358.76,3979285.75,Success,BR0712
TXN000000031,ACC0095771,CUST026657,2023-10-20,Withdrawal,ATM,175071.50,3311637.41,Success,BR0156
TXN000000032,ACC0000676,CUST016581,2025-03-14,Deposit,Unknown,110370.02,520050.68,Success,BR0495
TXN000000033,ACC0034004,CUST018876,2022-11-20,Unknown,ATM,22135.42,2790184.16,Failed,BR0118
TXN000000034,ACC0007107,CUST057763,2022-12-02,Transfer,"Internet Banking",60798.61,4408816.92,Success,BR0500
TXN000000035,ACC0015488,CUST062688,NULL,Withdrawal,Branch,0.00,5469155.25,Success,BR0022
TXN000000036,ACC0017451,CUST098042,2025-01-26,Withdrawal,UPI,95672.65,1829592.51,Reversed,BR0696
TXN000000037,ACC0050475,CUST033631,2025-11-06,Upi,"Internet Banking",286443.00,2550523.11,Unknown,BR0923
TXN000000038,ACC0051965,CUST075692,2022-02-03,Deposit,"mobile app",193419.41,643185.60,Success,BR0829
TXN000000039,ACC0101535,CUST069718,2025-01-02,"Atm withdrawal","mobile app",214632.95,3282696.27,Pending,BR0574
TXN000000040,ACC0018016,CUST018342,2024-12-10,Withdrawal,Unknown,205031.03,3517841.78,Unknown,BR0171
TXN000000041,ACC0007293,CUST074962,2025-04-27,Transfer,"mobile app",23256.57,1490940.73,Success,BR0474
TXN000000042,ACC0107187,CUST034038,2022-05-03,"Loan payment","Internet Banking",171859.37,2067693.90,Failed,BR0200
TXN000000043,ACC0064336,CUST004914,2022-09-03,"Card payment","Mobile App",224201.30,1400493.09,Unknown,BR0829
TXN000000044,ACC0017699,CUST047056,2025-07-10,Withdrawal,Branch,108118.83,2400266.41,Reversed,BR0792
TXN000000045,ACC0117769,CUST040468,2022-11-24,"Atm withdrawal",POS,258994.76,2078066.56,Failed,BR0347
TXN000000046,ACC0055308,CUST070876,2022-11-22,Deposit,"Mobile App",223497.44,2106532.17,Success,BR0553
TXN000000047,ACC0042405,CUST098281,2024-05-19,"Loan payment","Mobile App",89604.75,2234586.27,Success,BR0230
TXN000000048,ACC0064157,CUST026294,2023-04-12,"Atm withdrawal",Unknown,147123.48,3213618.66,Failed,BR0502
TXN000000049,ACC0013364,CUST076637,2024-12-12,Unknown,"Mobile App",244626.81,2791028.82,Pending,BR0979
TXN000000050,ACC0083039,CUST018949,2024-02-01,"Card payment",POS,116238.93,3434147.02,Unknown,BR0441
TXN000000051,ACC0099600,CUST099961,2022-06-29,"Atm withdrawal",Branch,69277.81,3329319.68,Failed,BR0180
TXN000000052,ACC0122484,CUST010677,2023-01-10,Upi,ATM,27177.56,2315969.83,Success,BR0438
TXN000000053,ACC0120999,CUST067273,2025-09-14,Unknown,Branch,129363.13,0.00,Reversed,BR0461
TXN000000054,ACC0091278,CUST046128,2023-10-17,Upi,"mobile app",207756.54,4640808.37,Unknown,BR0810
TXN000000055,ACC0013771,CUST077709,2022-03-08,"Card payment","Internet Banking",293662.59,1214271.47,Unknown,BR0175
TXN000000056,ACC0015025,CUST079074,2023-06-01,Withdrawal,Unknown,188749.48,1858878.20,Reversed,BR0868
TXN000000057,ACC0058549,CUST083703,2025-12-03,"Loan payment","mobile app",121129.03,1576172.40,Pending,BR0120
TXN000000058,ACC0109514,CUST055827,2022-12-22,Withdrawal,Branch,120794.88,2733543.41,Failed,BR0538
TXN000000059,ACC0000971,CUST006443,NULL,Transfer,"Mobile App",74943.59,1682605.87,Reversed,BR0237
TXN000000060,ACC0084041,CUST007772,2022-11-22,"Card payment",ATM,248501.17,1590027.03,Failed,BR0743
TXN000000061,ACC0111540,CUST022581,2022-01-04,"Loan payment","mobile app",237125.39,2700405.52,Success,BR0010
TXN000000062,ACC0109037,CUST097827,2024-10-29,"Loan payment",UPI,68158.91,5418713.57,Reversed,BR0371
TXN000000063,ACC0041452,CUST087318,2025-05-04,Withdrawal,POS,12945.60,4231928.99,Failed,BR0155
TXN000000064,ACC0018639,CUST037676,2023-11-24,"Atm withdrawal",Branch,210429.91,5601514.44,Failed,BR0209
TXN000000065,ACC0116807,CUST043376,2025-01-02,Upi,ATM,272599.79,2145350.44,Reversed,BR0053
TXN000000066,ACC0126083,CUST084252,2022-11-11,"Loan payment",ATM,48895.62,321829.05,Unknown,BR0175
TXN000000067,ACC0027134,CUST048892,2022-04-03,"Loan payment","Mobile App",7321.19,297395.33,Success,BR0794
TXN000000068,ACC0059705,CUST047417,2024-02-05,Withdrawal,ATM,194557.73,4002526.73,Unknown,BR0207
TXN000000069,ACC0031409,CUST096296,2022-10-27,Deposit,"Mobile App",81125.98,4687881.31,Success,BR0770
TXN000000070,ACC0049319,CUST045732,2024-12-31,Upi,Unknown,8778.44,3061061.27,Unknown,BR0572
TXN000000071,ACC0123663,CUST031600,2023-06-12,Upi,"mobile app",179739.58,1863005.23,Success,BR0084
TXN000000072,ACC0119015,CUST031135,2024-11-30,"Card payment",Unknown,168547.35,4449932.14,Success,BR0378
TXN000000073,ACC0122538,CUST044923,2025-09-26,"Atm withdrawal","mobile app",275202.74,5852655.63,Failed,BR0955
TXN000000074,ACC0032001,CUST027816,2023-05-25,Deposit,Branch,198628.54,2237632.31,Pending,BR0782
TXN000000075,ACC0088122,CUST061302,2023-08-10,"Atm withdrawal",UPI,186329.22,279353.12,Reversed,BR0631
TXN000000076,ACC0024123,CUST020448,2022-01-26,Deposit,"Internet Banking",274663.50,1008177.28,Success,BR0871
TXN000000077,ACC0035226,CUST058754,2022-09-01,Unknown,UPI,157040.69,2392579.02,Failed,BR0386
TXN000000078,ACC0125078,CUST090983,2025-03-27,Withdrawal,ATM,273462.72,4184226.03,Reversed,BR0602
TXN000000079,ACC0065098,CUST085725,2022-12-06,"Atm withdrawal",ATM,139598.98,4430327.68,Reversed,BR0373
TXN000000080,ACC0040828,CUST045893,2025-07-03,"Atm withdrawal",Unknown,193692.44,1505001.32,Success,BR0150
TXN000000081,ACC0125836,CUST045489,2025-10-15,Deposit,UPI,275939.67,4649516.23,Pending,BR0464
TXN000000082,ACC0120693,CUST017197,2022-01-31,Withdrawal,UPI,224945.09,947747.83,Pending,BR0125
TXN000000083,ACC0102559,CUST028558,2023-06-05,"Atm withdrawal","Mobile App",235150.70,3072749.99,Reversed,BR0804
TXN000000084,ACC0042438,CUST016147,2023-03-03,Deposit,"Internet Banking",285220.89,3209855.52,Success,BR0800
TXN000000085,ACC0002070,CUST052807,2022-10-21,Deposit,"Internet Banking",76813.32,106055.43,Reversed,BR0058
TXN000000086,ACC0105697,CUST094022,NULL,Upi,"mobile app",224290.45,792270.15,Success,BR0597
TXN000000087,ACC0057742,CUST048452,2024-12-05,Transfer,ATM,162077.87,2703692.06,Failed,BR0717
TXN000000088,ACC0088351,CUST089939,2025-08-16,Unknown,"mobile app",180080.28,4440905.89,Success,BR0550
TXN000000089,ACC0097218,CUST032681,2024-12-17,Withdrawal,"Mobile App",227038.49,4244547.54,Success,BR0297
TXN000000090,ACC0070551,CUST022044,2022-02-26,"Loan payment",ATM,236215.11,1290099.92,Pending,BR0529
TXN000000091,ACC0015514,CUST094175,2025-11-14,"Atm withdrawal","Internet Banking",274203.32,4804879.70,Pending,BR0008
TXN000000092,ACC0035816,CUST025255,2023-04-10,Deposit,Branch,0.00,1725003.18,Success,BR0253
TXN000000093,ACC0082377,CUST027914,2023-03-27,"Loan payment",ATM,192204.33,4354785.12,Reversed,BR0905
TXN000000094,ACC0038118,CUST047524,2025-06-25,Upi,ATM,129043.37,4822771.50,Success,BR0751
TXN000000095,ACC0125966,CUST054965,2023-03-01,Withdrawal,"Internet Banking",54614.98,2421463.02,Pending,BR0023
TXN000000096,ACC0113486,CUST057558,2022-01-02,"Card payment",UPI,143635.73,371084.50,Unknown,BR0798
TXN000000097,ACC0107118,CUST099843,2024-10-03,Withdrawal,ATM,216471.93,4371263.18,Reversed,BR0655
TXN000000098,ACC0066369,CUST031165,2022-10-08,Unknown,Branch,234929.04,1774641.65,Reversed,BR0201
TXN000000099,ACC0060232,CUST036271,2025-06-02,"Card payment",Unknown,0.00,3690491.27,Reversed,BR0191
TXN000000100,ACC0129566,CUST034733,2025-06-05,"Loan payment",ATM,31976.95,973693.38,Pending,BR0605
TXN000000101,ACC0074529,CUST031664,2024-05-31,Deposit,ATM,166635.37,4775463.47,Success,BR0830
TXN000000102,ACC0056832,CUST073257,2025-10-07,"Atm withdrawal","mobile app",151916.97,3378531.79,Unknown,BR0311
TXN000000103,ACC0088820,CUST071184,2023-12-25,Transfer,Branch,109433.22,4963045.99,Success,BR0523
TXN000000104,ACC0064900,CUST093138,2025-04-13,"Loan payment","Internet Banking",220989.73,1681280.72,Success,BR0513
TXN000000105,ACC0041182,CUST039637,2024-01-26,Unknown,UPI,224300.48,2296260.35,Pending,BR0187
TXN000000106,ACC0030887,CUST061562,2024-11-18,Transfer,ATM,213810.96,291993.96,Pending,BR0622
TXN000000107,ACC0100851,CUST046674,2022-02-13,Unknown,POS,138656.17,5554774.68,Success,BR0644
TXN000000108,ACC0103777,CUST059274,2022-03-18,Deposit,UPI,183492.42,1761832.45,Success,BR0429
TXN000000109,ACC0123917,CUST039868,2023-04-22,Deposit,"Internet Banking",49429.50,5788700.58,Failed,BR0191
TXN000000110,ACC0113873,CUST090689,2025-07-25,Unknown,ATM,142575.19,880454.66,Success,BR0513
TXN000000111,ACC0015244,CUST077333,2022-07-01,"Loan payment","Mobile App",12551.76,4052798.11,Success,BR0449
TXN000000112,ACC0045929,CUST094999,2025-06-11,"Card payment",ATM,290389.78,5565592.55,Success,BR0913
TXN000000113,ACC0041312,CUST072598,2024-01-12,Deposit,UPI,76777.75,3708904.55,Success,BR0960
TXN000000114,ACC0061629,CUST023524,2025-07-25,Transfer,UPI,168966.39,4874914.06,Failed,BR0581
TXN000000115,ACC0027666,CUST053885,2025-10-21,"Card payment","Internet Banking",145213.98,3935534.42,Success,BR0069
TXN000000116,ACC0082477,CUST039274,2024-12-18,Withdrawal,Unknown,31980.16,4097987.56,Success,BR0673
TXN000000117,ACC0074673,CUST071711,2024-02-05,"Atm withdrawal",POS,210546.66,5076205.56,Pending,BR0741
TXN000000118,ACC0118072,CUST068260,2025-11-22,Unknown,ATM,195938.67,2143978.80,Reversed,BR0920
TXN000000119,ACC0119256,CUST076189,2023-10-18,"Loan payment",POS,74269.07,4887514.30,Failed,BR0751
TXN000000120,ACC0029395,CUST025766,2025-04-26,Unknown,Unknown,182237.81,1063256.58,Success,BR0452
TXN000000121,ACC0127284,CUST022264,2025-02-15,"Atm withdrawal","Internet Banking",154100.50,1024679.70,Failed,BR0165
TXN000000122,ACC0050931,CUST074015,2022-01-03,Transfer,ATM,181372.61,899693.77,Success,BR0785
TXN000000123,ACC0021768,CUST005848,2024-10-18,"Loan payment","mobile app",285204.52,1915435.48,Success,BR0288
TXN000000124,ACC0108112,CUST009746,2023-05-22,Upi,POS,143709.75,31670.51,Success,BR0322
TXN000000125,ACC0068092,CUST039213,2023-09-18,Deposit,UPI,199501.62,2878478.70,Pending,BR0845
TXN000000126,ACC0000355,CUST028469,2025-01-24,Transfer,POS,260339.98,5981124.56,Reversed,BR0051
TXN000000127,ACC0021161,CUST004093,2025-05-14,"Atm withdrawal",Unknown,84711.63,4610841.86,Reversed,BR0243
TXN000000128,ACC0118825,CUST036189,2025-01-11,"Loan payment",Unknown,197511.54,4488548.42,Unknown,BR0777
TXN000000129,ACC0049912,CUST025330,2025-04-18,"Loan payment",Unknown,76693.23,1585487.31,Pending,BR0800
TXN000000130,ACC0012572,CUST080675,NULL,Deposit,Branch,79389.29,3624595.73,Success,BR0056
TXN000000131,ACC0006537,CUST038386,2023-06-18,Withdrawal,POS,112522.27,5591770.17,Success,BR0917
TXN000000132,ACC0115950,CUST007136,2025-09-21,Deposit,"Mobile App",111770.99,2623196.44,Success,BR0261
TXN000000133,ACC0128793,CUST045510,2022-07-03,Deposit,Unknown,85964.06,4732107.20,Success,BR0109
TXN000000134,ACC0095061,CUST022556,2025-11-07,Withdrawal,UPI,189069.56,4647624.94,Success,BR0027
TXN000000135,ACC0089913,CUST014907,2023-03-02,Withdrawal,"Mobile App",44399.99,3536666.73,Success,BR0507
TXN000000136,ACC0006165,CUST060529,2023-03-06,Deposit,"Internet Banking",260777.47,2179742.33,Success,BR0293
TXN000000137,ACC0091842,CUST012445,2024-03-25,Withdrawal,ATM,92095.21,261476.82,Success,BR0016
TXN000000138,ACC0066835,CUST049715,2022-11-23,Upi,POS,108137.74,3870985.73,Unknown,BR0676
TXN000000139,ACC0076727,CUST035205,2025-09-22,Withdrawal,"Mobile App",128251.23,3146081.18,Success,BR0384
TXN000000140,ACC0055287,CUST043456,2023-09-03,"Atm withdrawal",UPI,230197.29,2116333.31,Pending,BR0386
TXN000000141,ACC0126939,CUST018649,2025-02-03,Unknown,"mobile app",293146.34,869926.31,Success,BR0403
TXN000000142,ACC0077132,CUST040032,2023-11-01,Unknown,ATM,62172.01,5481538.84,Success,BR0778
TXN000000143,ACC0073665,CUST098470,2023-09-23,Transfer,"mobile app",167114.85,513582.86,Success,BR0284
TXN000000144,ACC0082633,CUST053438,2024-05-15,"Loan payment","Mobile App",24172.91,5532931.63,Failed,BR0322
TXN000000145,ACC0020941,CUST036629,2025-08-30,"Loan payment",ATM,255839.07,51840.21,Success,BR0964
TXN000000146,ACC0110889,CUST086249,2022-09-05,Transfer,UPI,123484.74,3261523.54,Success,BR0967
TXN000000147,ACC0056599,CUST032178,2022-07-30,Deposit,"Internet Banking",217930.26,1752245.59,Pending,BR0919
TXN000000148,ACC0010894,CUST042685,2022-02-05,Withdrawal,"Internet Banking",10776.45,5152650.40,Success,BR0373
TXN000000149,ACC0121459,CUST070004,2024-08-06,Deposit,Branch,119493.63,3252860.70,Success,BR0562
TXN000000150,ACC0117852,CUST087881,2022-03-23,Deposit,Branch,46683.00,4907827.69,Pending,BR0773
TXN000000151,ACC0126052,CUST037279,2025-12-18,Unknown,"Internet Banking",258404.45,2077371.26,Failed,BR0523
TXN000000152,ACC0050388,CUST068508,2024-07-05,"Loan payment",ATM,45821.28,4439431.37,Pending,BR0262
TXN000000153,ACC0049058,CUST030985,2022-06-20,Upi,POS,237410.83,4924271.55,Reversed,BR0923
TXN000000154,ACC0027869,CUST072716,2022-02-10,Withdrawal,"Internet Banking",135226.09,2351493.64,Failed,BR0844
TXN000000155,ACC0062779,CUST070576,2025-02-19,Deposit,UPI,120537.34,3653520.36,Success,BR0244
TXN000000156,ACC0091569,CUST075938,2025-02-11,Deposit,"Mobile App",66787.69,5925894.52,Pending,BR0387
TXN000000157,ACC0098461,CUST085457,2025-07-09,Withdrawal,ATM,34073.35,1663432.15,Pending,BR0892
TXN000000158,ACC0107937,CUST007435,2025-09-02,"Atm withdrawal",Unknown,244069.52,5465477.33,Reversed,BR0186
TXN000000159,ACC0121761,CUST056389,2024-04-01,Deposit,ATM,176647.03,5153803.59,Success,BR0155
TXN000000160,ACC0057372,CUST094235,2025-01-29,Deposit,ATM,203459.54,5290777.10,Success,BR0120
TXN000000161,ACC0003594,CUST067165,2022-05-03,Unknown,"Internet Banking",250303.23,3339570.88,Success,BR0253
TXN000000162,ACC0046819,CUST097940,2024-11-22,Unknown,Unknown,95519.10,4349479.28,Success,BR0553
TXN000000163,ACC0037085,CUST098625,2024-08-16,Deposit,ATM,109822.02,4901881.47,Success,BR0785
TXN000000164,ACC0107821,CUST045812,2024-07-08,Transfer,ATM,45950.37,2935997.14,Reversed,BR0289
TXN000000165,ACC0036621,CUST046396,2023-12-14,"Loan payment",UPI,251909.05,5277077.30,Failed,BR0924
TXN000000166,ACC0015895,CUST007061,2023-05-04,Withdrawal,ATM,284636.31,1264269.13,Reversed,BR0378
TXN000000167,ACC0129460,CUST041238,2024-04-07,"Card payment","Internet Banking",501.76,2671573.53,Success,BR0200
TXN000000168,ACC0064586,CUST008778,2023-01-22,Withdrawal,Branch,77156.71,4052872.12,Pending,BR0447
TXN000000169,ACC0020361,CUST032835,2023-04-12,Upi,POS,215869.26,2366166.00,Pending,BR0986
TXN000000170,ACC0068654,CUST064247,2022-08-19,"Atm withdrawal",POS,201828.01,864751.77,Success,BR0363
TXN000000171,ACC0081171,CUST077711,2023-04-05,"Atm withdrawal","Mobile App",239111.12,3925519.90,Reversed,BR0669
TXN000000172,ACC0109103,CUST048865,2025-10-06,Deposit,Unknown,189950.91,3637274.02,Failed,BR0686
TXN000000173,ACC0121419,CUST077349,2024-06-24,"Card payment",UPI,133558.24,2820954.44,Unknown,BR0225
TXN000000174,ACC0067872,CUST026746,2022-02-20,Upi,Unknown,166485.67,1345393.25,Unknown,BR0272
TXN000000175,ACC0007155,CUST034900,2025-04-30,"Card payment",Unknown,256882.18,4137368.91,Failed,BR0132
TXN000000176,ACC0090742,CUST035767,2023-07-09,"Atm withdrawal","mobile app",263755.38,4967940.88,Reversed,BR0833
TXN000000177,ACC0004511,CUST027168,2022-03-14,Withdrawal,"Mobile App",294079.89,5130495.44,Reversed,BR0987
TXN000000178,ACC0056970,CUST039815,2022-02-03,"Atm withdrawal","mobile app",8440.27,362612.15,Unknown,BR0182
TXN000000179,ACC0030579,CUST060439,2023-01-27,"Loan payment",ATM,274501.23,2287628.28,Failed,BR0187
TXN000000180,ACC0094150,CUST020441,2024-07-06,"Loan payment",ATM,273308.88,5212573.77,Failed,BR0267
TXN000000181,ACC0017389,CUST029660,2023-06-01,Deposit,ATM,268329.77,5783265.91,Unknown,BR0538
TXN000000182,ACC0010283,CUST067865,2025-11-05,Transfer,"mobile app",161915.94,4190077.62,Failed,BR0179
TXN000000183,ACC0128883,CUST021456,2023-04-12,Withdrawal,"Mobile App",7301.09,5616203.92,Success,BR0706
TXN000000184,ACC0033491,CUST056664,NULL,"Card payment","mobile app",182324.84,1330841.30,Unknown,BR0778
TXN000000185,ACC0006974,CUST060275,2022-11-16,Withdrawal,"mobile app",21737.61,2058714.70,Success,BR0917
TXN000000186,ACC0036995,CUST090657,2023-11-14,"Card payment","Mobile App",72303.09,1523650.23,Failed,BR0754
TXN000000187,ACC0129688,CUST070735,2023-10-21,Deposit,Unknown,258089.80,2534231.65,Unknown,BR0302
TXN000000188,ACC0053681,CUST005137,2025-01-02,"Loan payment",ATM,253193.80,5275635.55,Failed,BR0731
TXN000000189,ACC0081360,CUST003574,2022-07-25,"Atm withdrawal",Unknown,58008.96,521656.46,Pending,BR0562
TXN000000190,ACC0064946,CUST044387,2025-05-28,"Card payment",ATM,103986.44,3366664.89,Pending,BR0218
TXN000000191,ACC0032008,CUST076417,2023-03-14,Transfer,Unknown,267338.99,2181020.94,Success,BR0804
TXN000000192,ACC0024844,CUST007410,2025-04-30,Withdrawal,Branch,188532.46,407755.83,Unknown,BR0607
TXN000000193,ACC0073550,CUST073700,2024-06-25,"Card payment","mobile app",242853.91,4286792.67,Pending,BR0484
TXN000000194,ACC0029899,CUST080532,2024-08-01,Withdrawal,UPI,203052.36,2957444.71,Success,BR0463
TXN000000195,ACC0105015,CUST099017,2025-05-04,Deposit,Unknown,3005.31,4666019.11,Reversed,BR0435
TXN000000196,ACC0085640,CUST060920,2023-08-03,Transfer,Branch,214693.11,4157347.29,Pending,BR0403
TXN000000197,ACC0034743,CUST049499,2022-12-24,Deposit,ATM,640.11,2981626.10,Success,BR0134
TXN000000198,ACC0102498,CUST075989,2024-10-01,Upi,ATM,249341.43,2990851.93,Pending,BR0280
TXN000000199,ACC0042062,CUST073633,2023-06-15,"Card payment","Internet Banking",97856.19,1902153.53,Unknown,BR0498
TXN000000200,ACC0010445,CUST002331,2022-06-17,Deposit,ATM,87668.90,452069.28,Failed,BR0273
TXN000000201,ACC0072901,CUST017224,2025-01-09,Withdrawal,"Mobile App",293037.18,5461967.52,Success,BR0100
TXN000000202,ACC0023014,CUST048024,2025-08-03,Deposit,"Internet Banking",128334.61,105307.42,Success,BR0368
TXN000000203,ACC0118407,CUST079737,2024-07-26,Unknown,"Internet Banking",18895.46,1456931.60,Failed,BR0193
TXN000000204,ACC0057250,CUST021317,2023-06-15,Deposit,Unknown,191048.07,413411.98,Failed,BR0601
TXN000000205,ACC0120311,CUST066216,2024-11-10,Withdrawal,Branch,704.19,2743354.45,Failed,BR0517
TXN000000206,ACC0125136,CUST051533,2024-07-16,"Atm withdrawal",Unknown,163767.32,732699.83,Failed,BR0654
TXN000000207,ACC0033089,CUST055404,2023-02-10,"Loan payment","Internet Banking",224319.04,903886.71,Reversed,BR0267
TXN000000208,ACC0064896,CUST088246,2025-10-06,Transfer,Branch,187883.92,2655724.41,Unknown,BR0334
TXN000000209,ACC0075613,CUST087035,2024-10-17,"Atm withdrawal",Branch,177732.14,1351569.18,Unknown,BR0477
TXN000000210,ACC0085970,CUST025975,2022-08-14,"Loan payment",Unknown,289148.06,463963.87,Success,BR0402
TXN000000211,ACC0044777,CUST025425,2024-01-20,Deposit,ATM,175871.86,3069455.32,Success,BR0292
TXN000000212,ACC0061160,CUST028365,2023-01-22,Withdrawal,Unknown,250454.92,3835756.11,Success,BR0726
TXN000000213,ACC0029813,CUST073233,2023-10-04,Unknown,ATM,140538.70,0.00,Failed,BR0463
TXN000000214,ACC0111206,CUST075470,2025-08-05,Withdrawal,"Mobile App",57659.60,2553945.53,Success,BR0937
TXN000000215,ACC0027409,CUST043908,2024-02-26,Transfer,Unknown,47111.91,5033685.08,Success,BR0463
TXN000000216,ACC0058014,CUST029769,2023-11-24,Transfer,"Internet Banking",125182.79,1347428.68,Failed,BR0784
TXN000000217,ACC0037792,CUST079965,2025-02-26,Transfer,Branch,19584.83,5902224.22,Reversed,BR0133
TXN000000218,ACC0052636,CUST001873,2025-09-06,Deposit,"Internet Banking",17516.52,344041.56,Pending,BR0500
TXN000000219,ACC0123264,CUST097356,2025-03-13,Deposit,"Internet Banking",274240.84,3958619.26,Success,BR0443
TXN000000220,ACC0009599,CUST023934,2024-12-16,Withdrawal,ATM,62463.76,28942.52,Reversed,BR0409
TXN000000221,ACC0007912,CUST085701,2024-08-09,Transfer,"mobile app",193561.16,1301959.51,Success,BR0555
TXN000000222,ACC0080284,CUST021698,2023-01-03,Deposit,"mobile app",284198.42,3901585.84,Pending,BR0907
TXN000000223,ACC0051852,CUST002632,2025-06-18,Deposit,Branch,175532.67,5443873.77,Success,BR0221
TXN000000224,ACC0052920,CUST073914,2022-02-05,"Loan payment",ATM,131881.09,5846837.17,Pending,BR0088
TXN000000225,ACC0048457,CUST058093,2022-06-03,Upi,Unknown,0.00,1692050.83,Success,BR0741
TXN000000226,ACC0068566,CUST041037,2024-05-24,Unknown,Branch,273965.74,3081650.11,Unknown,BR0986
TXN000000227,ACC0087617,CUST046428,2023-12-31,Unknown,ATM,223823.93,4174106.14,Reversed,BR0935
TXN000000228,ACC0008074,CUST018530,2022-09-27,"Loan payment","Internet Banking",46003.14,4277489.66,Success,BR0151
TXN000000229,ACC0070780,CUST072254,2025-08-28,Upi,"Internet Banking",208104.09,2309233.90,Pending,BR0506
TXN000000230,ACC0102790,CUST084002,2025-12-29,Deposit,ATM,211193.89,2636507.45,Reversed,BR0857
TXN000000231,ACC0042885,CUST056757,2025-07-20,"Atm withdrawal","Mobile App",285607.01,5563385.25,Success,BR0957
TXN000000232,ACC0022940,CUST071916,2025-04-04,Transfer,POS,189688.93,2103075.80,Reversed,BR0810
TXN000000233,ACC0079401,CUST039392,2025-07-25,Deposit,"Mobile App",107147.99,4525481.84,Unknown,BR0375
TXN000000234,ACC0103121,CUST017454,2023-09-09,Upi,Branch,45594.33,2587715.90,Unknown,BR0863
TXN000000235,ACC0103130,CUST017776,2025-11-20,Unknown,"Internet Banking",51112.04,5013437.17,Failed,BR0283
TXN000000236,ACC0040466,CUST087170,2023-09-20,Deposit,"Mobile App",204775.92,2923621.08,Success,BR0817
TXN000000237,ACC0007763,CUST011020,2024-02-27,Transfer,"Mobile App",83675.79,707929.75,Success,BR0628
TXN000000238,ACC0003795,CUST012522,2023-12-22,Withdrawal,"Internet Banking",214030.12,5203346.92,Unknown,BR0472
TXN000000239,ACC0117328,CUST076361,2025-03-07,Transfer,POS,195620.05,4006797.80,Success,BR0213
TXN000000240,ACC0000469,CUST024880,2024-05-22,Withdrawal,"mobile app",205354.15,2957855.07,Success,BR0044
TXN000000241,ACC0052206,CUST052364,2023-11-02,Upi,ATM,286847.93,618524.32,Success,BR0401
TXN000000242,ACC0073882,CUST097869,2025-07-13,"Card payment",POS,257180.21,4164969.07,Reversed,BR0041
TXN000000243,ACC0033386,CUST050020,2023-12-10,Transfer,UPI,45000.84,1175884.53,Success,BR0633
TXN000000244,ACC0000758,CUST080432,2023-07-14,Deposit,"mobile app",53972.34,4792330.21,Unknown,BR0981
TXN000000245,ACC0086685,CUST038064,2023-01-04,Upi,POS,31502.59,4474012.99,Unknown,BR0083
TXN000000246,ACC0075401,CUST063901,2022-06-30,Deposit,Branch,71986.14,775421.67,Success,BR0054
TXN000000247,ACC0061170,CUST013160,2025-09-25,"Atm withdrawal",Branch,0.00,5985901.65,Reversed,BR0212
TXN000000248,ACC0005853,CUST085061,2022-05-31,Unknown,"Internet Banking",103503.29,3306032.25,Success,BR0135
TXN000000249,ACC0077773,CUST013446,2023-04-14,Transfer,"Internet Banking",207601.70,2188282.96,Failed,BR0168
TXN000000250,ACC0034943,CUST075708,2023-01-17,Upi,"Mobile App",261100.31,1489413.62,Unknown,BR0087
TXN000000251,ACC0049170,CUST068442,2022-01-12,Deposit,UPI,221243.10,799304.27,Success,BR0737
TXN000000252,ACC0120498,CUST050316,2025-08-15,Deposit,ATM,54310.54,3969471.45,Pending,BR0550
TXN000000253,ACC0006406,CUST033441,2022-11-16,Unknown,ATM,185147.74,3132872.68,Reversed,BR0139
TXN000000254,ACC0034145,CUST017628,2025-03-27,Deposit,Unknown,33508.63,3804143.48,Success,BR0164
TXN000000255,ACC0103298,CUST047697,2025-01-12,"Atm withdrawal",POS,207034.32,478315.86,Success,BR0583
TXN000000256,ACC0018426,CUST050686,2022-07-06,"Loan payment",POS,15701.61,5194415.96,Success,BR0826
TXN000000257,ACC0010310,CUST094393,2025-06-30,Deposit,ATM,16860.67,4807790.37,Unknown,BR0829
TXN000000258,ACC0102996,CUST032340,2022-03-24,Withdrawal,Unknown,50464.11,568484.40,Success,BR0143
TXN000000259,ACC0111031,CUST086240,2023-12-23,Withdrawal,"Internet Banking",205266.44,5843576.91,Success,BR0874
TXN000000260,ACC0016639,CUST077467,2024-02-25,Transfer,"Mobile App",135781.69,2525386.05,Success,BR0445
TXN000000261,ACC0086111,CUST018126,2025-05-16,"Loan payment",ATM,108783.88,9612.35,Reversed,BR0966
TXN000000262,ACC0121278,CUST011055,2025-11-28,"Loan payment",ATM,33468.83,2623597.59,Success,BR0184
TXN000000263,ACC0124512,CUST032979,2023-09-30,"Loan payment",POS,143572.07,1214118.56,Success,BR0366
TXN000000264,ACC0017566,CUST024306,2024-05-24,Upi,"Mobile App",123291.40,924259.12,Pending,BR0556
TXN000000265,ACC0120430,CUST048295,2025-11-28,"Loan payment",Branch,30797.50,4965072.57,Pending,BR0007
TXN000000266,ACC0116036,CUST014005,2025-08-03,Unknown,ATM,140288.93,4275997.10,Success,BR0452
TXN000000267,ACC0047677,CUST059158,2025-08-28,"Atm withdrawal",ATM,203039.10,981434.10,Success,BR0860
TXN000000268,ACC0079077,CUST066751,2025-04-11,Deposit,ATM,155478.66,3651089.61,Success,BR0554
TXN000000269,ACC0114484,CUST012220,2022-01-14,"Atm withdrawal",ATM,97261.13,3224022.15,Success,BR0400
TXN000000270,ACC0016560,CUST035553,2023-06-13,Upi,POS,7149.89,2768942.04,Success,BR0918
TXN000000271,ACC0064224,CUST060243,2023-07-13,Deposit,ATM,151197.90,5848775.04,Failed,BR0871
TXN000000272,ACC0041245,CUST019687,2024-07-30,Transfer,UPI,92813.61,5028953.68,Success,BR0950
TXN000000273,ACC0003312,CUST032047,2023-03-26,"Loan payment","Mobile App",2069.54,2979125.86,Success,BR0083
TXN000000274,ACC0054025,CUST059098,2023-01-11,"Card payment",ATM,0.00,213991.52,Success,BR0611
TXN000000275,ACC0002445,CUST079740,2022-02-26,Upi,"Mobile App",198674.27,1870248.79,Success,BR0358
TXN000000276,ACC0037146,CUST098294,2022-03-05,Transfer,"mobile app",129815.16,2832025.99,Success,BR0197
TXN000000277,ACC0061398,CUST003044,2022-02-16,Unknown,"Internet Banking",46865.97,648117.04,Success,BR0025
TXN000000278,ACC0108952,CUST037296,2023-05-04,"Loan payment",ATM,296540.76,1534791.30,Failed,BR0537
TXN000000279,ACC0030547,CUST084247,2025-03-28,Withdrawal,POS,188678.76,5740817.49,Success,BR0865
TXN000000280,ACC0015485,CUST035069,2023-08-17,"Atm withdrawal",Unknown,185665.99,5795336.34,Failed,BR0951
TXN000000281,ACC0066223,CUST070546,2024-05-21,Withdrawal,ATM,242732.57,589003.62,Reversed,BR0197
TXN000000282,ACC0077650,CUST069375,2023-03-01,Deposit,Branch,236546.89,3157415.63,Success,BR0829
TXN000000283,ACC0038856,CUST072647,2023-02-22,Deposit,Branch,59415.76,1186378.41,Success,BR0452
TXN000000284,ACC0062498,CUST019399,2024-11-10,Withdrawal,Branch,245639.17,4815435.90,Unknown,BR0729
TXN000000285,ACC0000631,CUST031711,2025-08-02,Deposit,ATM,120618.89,77652.73,Success,BR0344
TXN000000286,ACC0019637,CUST044098,2022-01-01,Deposit,Unknown,125470.02,1549493.46,Unknown,BR0058
TXN000000287,ACC0042775,CUST069804,2022-09-27,Deposit,Unknown,95560.13,4592599.61,Success,BR0280
TXN000000288,ACC0094086,CUST080360,2025-01-24,"Card payment",POS,299733.95,3999532.10,Failed,BR0816
TXN000000289,ACC0129805,CUST021360,2024-10-05,Deposit,POS,186077.12,1691127.54,Success,BR0524
TXN000000290,ACC0103685,CUST073612,2023-01-02,"Card payment",ATM,135175.53,3827502.07,Failed,BR0458
TXN000000291,ACC0009802,CUST032786,2025-02-18,Deposit,ATM,116068.33,2611452.54,Pending,BR0777
TXN000000292,ACC0057180,CUST065543,2024-05-17,"Atm withdrawal","mobile app",120580.16,5834654.15,Failed,BR0174
TXN000000293,ACC0124991,CUST063309,2023-06-18,Transfer,POS,50484.40,1811504.74,Unknown,BR0069
TXN000000294,ACC0106444,CUST031068,2022-09-14,"Loan payment","Internet Banking",272248.02,2350951.93,Failed,BR0072
TXN000000295,ACC0035772,CUST018634,2023-12-01,"Card payment","mobile app",169227.80,5667689.76,Unknown,BR0987
TXN000000296,ACC0041238,CUST007343,2022-08-27,Deposit,ATM,169802.05,3692481.82,Success,BR0884
TXN000000297,ACC0124105,CUST031814,2024-08-09,"Loan payment",ATM,277392.14,4482244.96,Success,BR0915
TXN000000298,ACC0116751,CUST091679,2022-03-04,Unknown,UPI,250964.89,3059881.13,Unknown,BR0242
TXN000000299,ACC0089119,CUST049270,2023-09-13,Upi,Branch,186966.08,2407882.00,Success,BR0117
TXN000000300,ACC0005294,CUST050799,2022-01-05,Deposit,UPI,54603.22,5290936.80,Success,BR0376
TXN000000301,ACC0015593,CUST000239,2025-04-10,Unknown,ATM,216764.94,1849434.16,Reversed,BR0903
TXN000000302,ACC0074226,CUST034591,2023-09-10,Withdrawal,UPI,243340.59,3405388.81,Success,BR0006
TXN000000303,ACC0046903,CUST017075,2025-06-30,Withdrawal,ATM,198063.60,5693202.80,Success,BR0289
TXN000000304,ACC0103959,CUST010003,2022-07-29,Deposit,"Mobile App",273410.00,1808236.03,Success,BR0853
TXN000000305,ACC0099122,CUST090956,2023-01-18,Deposit,"Internet Banking",185536.54,456539.82,Failed,BR0644
TXN000000306,ACC0042528,CUST067763,2025-05-07,Deposit,ATM,193769.50,2094515.87,Pending,BR0483
TXN000000307,ACC0101401,CUST010724,2024-01-25,Transfer,UPI,221426.93,2931382.72,Success,BR0204
TXN000000308,ACC0104092,CUST084809,2024-06-30,"Loan payment","Internet Banking",102622.06,1094682.56,Success,BR0835
TXN000000309,ACC0129919,CUST066957,2022-09-05,Deposit,"mobile app",217813.23,3941655.65,Reversed,BR0436
TXN000000310,ACC0089272,CUST020142,2025-06-02,Upi,Branch,139628.54,1676146.10,Pending,BR0886
TXN000000311,ACC0053636,CUST015061,2023-04-30,"Atm withdrawal",UPI,19559.07,4672438.03,Success,BR0603
TXN000000312,ACC0008092,CUST070397,2023-10-13,Unknown,ATM,107931.76,1325216.99,Failed,BR0805
TXN000000313,ACC0072420,CUST033618,2022-01-08,"Atm withdrawal","Mobile App",107753.64,4069.21,Success,BR0657
TXN000000314,ACC0092449,CUST081119,2022-04-14,"Atm withdrawal","Mobile App",41051.15,3536655.86,Failed,BR0728
TXN000000315,ACC0056314,CUST085586,2025-12-12,Deposit,Unknown,0.00,5903267.99,Pending,BR0404
TXN000000316,ACC0125644,CUST046463,2023-01-02,"Card payment",ATM,156557.43,1567261.27,Success,BR0104
TXN000000317,ACC0048412,CUST080024,2022-08-23,"Card payment",ATM,42462.92,5088812.34,Success,BR0401
TXN000000318,ACC0055867,CUST006566,2022-09-04,Withdrawal,ATM,217019.30,3306540.33,Success,BR0840
TXN000000319,ACC0016486,CUST009997,2023-06-04,Deposit,ATM,277863.88,3848602.70,Success,BR0471
TXN000000320,ACC0116617,CUST008940,2022-09-05,"Card payment","Mobile App",13236.22,5736110.00,Success,BR0356
TXN000000321,ACC0083635,CUST014057,2025-12-12,Withdrawal,UPI,286290.57,4917302.02,Unknown,BR0670
TXN000000322,ACC0001737,CUST066294,2024-12-04,Unknown,"mobile app",137129.88,4459785.84,Reversed,BR0597
TXN000000323,ACC0042294,CUST066631,2022-03-15,"Card payment",ATM,199984.11,2065711.36,Failed,BR0402
TXN000000324,ACC0007280,CUST050100,2022-08-10,Withdrawal,Unknown,93427.88,1774637.75,Reversed,BR0716
TXN000000325,ACC0037211,CUST049083,2025-04-07,Deposit,POS,65714.54,1842520.84,Pending,BR0924
TXN000000326,ACC0093249,CUST008986,2025-04-11,"Card payment","Mobile App",41139.20,3647419.31,Failed,BR0217
TXN000000327,ACC0016638,CUST026116,2024-05-21,Transfer,"mobile app",265206.52,788818.20,Reversed,BR0423
TXN000000328,ACC0119502,CUST004642,2022-06-22,"Card payment",Branch,196777.07,5491936.36,Unknown,BR0240
TXN000000329,ACC0104208,CUST018936,2025-08-11,Upi,ATM,72921.80,1940789.80,Success,BR0078
TXN000000330,ACC0064731,CUST060105,2024-10-07,Deposit,"mobile app",201066.36,4019371.00,Pending,BR0077
TXN000000331,ACC0104171,CUST030242,2022-08-17,Unknown,UPI,29170.62,1221783.56,Pending,BR0360
TXN000000332,ACC0039304,CUST048345,2024-06-18,"Atm withdrawal",Unknown,103511.28,5493427.31,Success,BR0890
TXN000000333,ACC0113702,CUST013756,2023-07-25,"Atm withdrawal",ATM,112460.39,194522.18,Success,BR0539
TXN000000334,ACC0003564,CUST030208,2025-06-12,Withdrawal,ATM,222019.20,4324052.97,Success,BR0350
TXN000000335,ACC0050097,CUST063349,2023-04-16,Upi,Unknown,229287.88,841092.49,Success,BR0407
TXN000000336,ACC0090484,CUST059009,2025-06-22,"Atm withdrawal",Unknown,146749.63,1778630.98,Unknown,BR0167
TXN000000337,ACC0012615,CUST011522,2022-01-10,Upi,ATM,134817.01,1191152.44,Pending,BR0243
TXN000000338,ACC0059723,CUST094747,2024-06-15,Unknown,"mobile app",114960.22,2864812.54,Reversed,BR0324
TXN000000339,ACC0029617,CUST042298,2025-08-25,"Atm withdrawal",POS,101410.74,2677436.99,Unknown,BR0124
TXN000000340,ACC0047927,CUST082510,2024-05-06,"Atm withdrawal","mobile app",231316.19,1466780.62,Success,BR0716
TXN000000341,ACC0016436,CUST069653,2024-09-29,Unknown,Unknown,226667.12,5030750.49,Success,BR0811
TXN000000342,ACC0024140,CUST069374,2023-02-12,Withdrawal,"Mobile App",215249.27,3175508.17,Failed,BR0305
TXN000000343,ACC0079336,CUST037265,2022-11-18,Deposit,ATM,75586.57,3360133.47,Failed,BR0619
TXN000000344,ACC0085950,CUST060922,2023-07-28,Deposit,"Mobile App",25724.56,5923915.53,Success,BR0570
TXN000000345,ACC0051828,CUST003997,2025-10-27,Deposit,"mobile app",27696.25,3551527.16,Failed,BR0094
TXN000000346,ACC0017393,CUST072802,2022-01-10,Deposit,Unknown,119325.33,4317307.02,Pending,BR0227
TXN000000347,ACC0031781,CUST044653,2023-09-08,Withdrawal,UPI,115059.48,4999497.42,Failed,BR0740
TXN000000348,ACC0103713,CUST067162,2024-09-02,"Card payment",Unknown,295808.79,2261735.68,Reversed,BR0688
TXN000000349,ACC0045352,CUST094771,2022-07-24,Deposit,POS,220343.01,5958991.90,Failed,BR0882
TXN000000350,ACC0077876,CUST087810,2024-03-14,Withdrawal,"mobile app",208386.78,4530477.94,Success,BR0828
TXN000000351,ACC0110506,CUST017096,2022-12-02,"Card payment","mobile app",276965.76,3291876.51,Success,BR0321
TXN000000352,ACC0034771,CUST055822,2022-12-09,Upi,ATM,255648.70,752432.21,Failed,BR0598
TXN000000353,ACC0098242,CUST022656,2024-02-11,Transfer,"Internet Banking",141509.06,592473.64,Pending,BR0484
TXN000000354,ACC0089780,CUST037013,2022-08-08,Deposit,"Internet Banking",253568.84,3095835.12,Success,BR0259
TXN000000355,ACC0068890,CUST040400,2022-12-07,"Card payment",ATM,128567.35,4643862.48,Reversed,BR0891
TXN000000356,ACC0005760,CUST046334,2023-10-25,Unknown,ATM,0.00,3309515.80,Unknown,BR0382
TXN000000357,ACC0088816,CUST055511,2025-10-27,Withdrawal,"Mobile App",106795.43,723232.95,Success,BR0160
TXN000000358,ACC0013582,CUST008126,2022-10-02,"Card payment","mobile app",262781.21,1990148.86,Success,BR0969
TXN000000359,ACC0040567,CUST067286,2023-10-17,"Atm withdrawal",Branch,201257.17,5999554.36,Success,BR0782
TXN000000360,ACC0014267,CUST058178,2023-11-24,"Card payment",ATM,58045.56,1491977.55,Success,BR0132
TXN000000361,ACC0084734,CUST038070,2023-08-30,Withdrawal,ATM,234805.90,623562.73,Pending,BR0031
TXN000000362,ACC0074442,CUST000005,2023-11-09,Withdrawal,ATM,92816.59,2240627.64,Success,BR0511
TXN000000363,ACC0017953,CUST073247,2025-08-29,"Loan payment",ATM,190556.71,5238720.86,Reversed,BR0708
TXN000000364,ACC0025982,CUST067166,2024-09-25,Unknown,ATM,218163.85,2838864.08,Success,BR0704
TXN000000365,ACC0061437,CUST046099,2024-04-07,"Card payment",ATM,71954.97,4284904.55,Reversed,BR0483
TXN000000366,ACC0129198,CUST062075,2023-05-05,Unknown,"Internet Banking",247348.91,1284866.60,Success,BR0385
TXN000000367,ACC0062318,CUST060494,2023-08-24,Withdrawal,Unknown,252962.00,4571446.18,Failed,BR0057
TXN000000368,ACC0031616,CUST072017,2024-07-07,Withdrawal,Unknown,204693.21,4149671.25,Success,BR0314
TXN000000369,ACC0071591,CUST037871,2023-11-15,Unknown,UPI,5366.19,4420486.16,Pending,BR0726
TXN000000370,ACC0107342,CUST092447,2022-05-04,"Atm withdrawal",POS,272497.17,3689190.32,Success,BR0256
TXN000000371,ACC0022350,CUST034647,2025-01-16,Upi,UPI,5739.52,4868869.51,Failed,BR0312
TXN000000372,ACC0016917,CUST080812,2024-08-16,Deposit,UPI,88258.93,931976.23,Failed,BR0753
TXN000000373,ACC0076881,CUST016928,2025-07-28,"Atm withdrawal","Internet Banking",292953.71,0.00,Success,BR0810
TXN000000374,ACC0077123,CUST051732,2025-04-21,Withdrawal,"mobile app",295991.93,5507455.68,Failed,BR0425
TXN000000375,ACC0104053,CUST011545,2024-12-04,Withdrawal,Unknown,37441.21,3876085.00,Pending,BR0750
TXN000000376,ACC0058448,CUST077905,2024-04-24,"Atm withdrawal",UPI,130357.61,4453212.48,Success,BR0419
TXN000000377,ACC0031383,CUST089069,2023-09-13,Deposit,POS,50546.68,3781310.87,Pending,BR0209
TXN000000378,ACC0023129,CUST046698,2025-12-18,Withdrawal,UPI,229718.46,2205330.24,Pending,BR0038
TXN000000379,ACC0005487,CUST022611,2024-03-07,Upi,ATM,249754.66,559202.37,Pending,BR0198
TXN000000380,ACC0005828,CUST092992,2023-07-28,"Atm withdrawal","Internet Banking",55236.39,3794755.04,Success,BR0334
TXN000000381,ACC0010456,CUST024606,2025-10-15,"Loan payment","Mobile App",205551.82,2210527.14,Reversed,BR0258
TXN000000382,ACC0016426,CUST080881,2025-05-29,Upi,Unknown,290153.17,782671.54,Reversed,BR0154
TXN000000383,ACC0047722,CUST094367,2024-10-25,"Loan payment",Unknown,123395.31,3297262.77,Success,BR0264
TXN000000384,ACC0069342,CUST029165,2023-12-28,"Loan payment","Mobile App",85935.66,1855305.51,Success,BR0667
TXN000000385,ACC0001233,CUST071779,2024-07-09,"Loan payment",UPI,294004.66,3057881.99,Reversed,BR0919
TXN000000386,ACC0113811,CUST033757,2025-08-14,Deposit,"Internet Banking",47864.19,920407.26,Unknown,BR0903
TXN000000387,ACC0059400,CUST003025,2024-07-25,"Atm withdrawal",POS,283160.16,187427.52,Success,BR0468
TXN000000388,ACC0044995,CUST034791,2024-12-31,Unknown,"mobile app",246590.28,3644864.27,Success,BR0269
TXN000000389,ACC0120892,CUST099979,2023-06-18,Deposit,"Internet Banking",71662.85,2389328.13,Success,BR0621
TXN000000390,ACC0068378,CUST052167,2023-01-23,Upi,UPI,146093.85,1286134.16,Pending,BR0830
TXN000000391,ACC0064597,CUST037043,2022-03-30,Unknown,POS,142430.48,1257138.52,Unknown,BR0779
TXN000000392,ACC0095419,CUST010181,2025-09-26,Transfer,POS,218126.51,585120.58,Success,BR0759
TXN000000393,ACC0113104,CUST029781,2023-12-27,"Loan payment",UPI,233033.53,5551577.14,Success,BR0714
TXN000000394,ACC0021724,CUST022182,2024-04-14,"Card payment","Mobile App",212853.49,3475438.79,Pending,BR0231
TXN000000395,ACC0100815,CUST011094,2025-03-13,Upi,Branch,253188.28,2628461.64,Pending,BR0030
TXN000000396,ACC0102473,CUST005413,2024-12-05,Withdrawal,"mobile app",123472.61,3502942.58,Unknown,BR0695
TXN000000397,ACC0005318,CUST003817,2023-11-14,Transfer,Unknown,182820.46,1940785.05,Pending,BR0581
TXN000000398,ACC0101005,CUST026849,2025-09-10,Transfer,"Mobile App",201861.95,398915.87,Success,BR0643
TXN000000399,ACC0083822,CUST083323,2022-07-11,Withdrawal,ATM,207933.52,1166593.74,Success,BR0418
TXN000000400,ACC0111705,CUST059786,2025-05-20,"Card payment",Unknown,56258.69,5664042.51,Reversed,BR0456
TXN000000401,ACC0008065,CUST000591,2022-11-02,Upi,"Mobile App",228228.12,3259084.45,Failed,BR0044
TXN000000402,ACC0014483,CUST006920,2025-03-02,Withdrawal,POS,43406.57,4171379.82,Success,BR0635
TXN000000403,ACC0100583,CUST004552,2024-06-13,"Card payment",Branch,160019.43,5464920.33,Success,BR0964
TXN000000404,ACC0094853,CUST072300,2023-09-25,"Loan payment",ATM,226417.20,4796755.39,Success,BR0985
TXN000000405,ACC0003477,CUST075121,2022-07-26,Unknown,ATM,147171.78,3747517.32,Success,BR0563
TXN000000406,ACC0103849,CUST016215,2023-05-30,Upi,ATM,17203.12,5155608.10,Success,BR0045
TXN000000407,ACC0081763,CUST075079,2024-05-24,Deposit,ATM,0.00,3277811.31,Success,BR0843
TXN000000408,ACC0063268,CUST030364,2022-12-04,Upi,UPI,56636.24,5977483.70,Success,BR0403
TXN000000409,ACC0027405,CUST019188,2023-03-23,Unknown,"mobile app",215165.20,2011633.95,Unknown,BR0084
TXN000000410,ACC0024953,CUST032138,2022-09-02,Withdrawal,UPI,264796.72,4184469.59,Success,BR0073
TXN000000411,ACC0121621,CUST064888,2022-09-20,Deposit,ATM,237938.77,3577943.55,Success,BR0005
TXN000000412,ACC0053883,CUST088117,2023-08-19,Withdrawal,Branch,131900.93,234363.19,Success,BR0665
TXN000000413,ACC0113678,CUST044158,2025-07-05,Upi,Unknown,55977.69,2529507.50,Reversed,BR0412
TXN000000414,ACC0101721,CUST043271,2024-03-06,"Loan payment",ATM,260349.72,4474731.17,Pending,BR0778
TXN000000415,ACC0094109,CUST056652,2024-10-12,Deposit,"mobile app",277433.79,2083584.91,Failed,BR0439
TXN000000416,ACC0059213,CUST052301,2025-12-24,Transfer,ATM,74477.46,2601265.30,Success,BR0468
TXN000000417,ACC0092311,CUST041027,2022-07-09,Deposit,POS,146884.90,0.00,Success,BR0039
TXN000000418,ACC0121910,CUST030929,2025-07-25,Withdrawal,Branch,183062.29,2960845.76,Reversed,BR0003
TXN000000419,ACC0000365,CUST003826,2025-12-24,Deposit,Unknown,109070.00,4462137.25,Pending,BR0424
TXN000000420,ACC0033467,CUST098255,2022-01-09,Unknown,ATM,254501.41,2961555.78,Pending,BR0744
TXN000000421,ACC0077334,CUST004090,2023-11-05,Unknown,Branch,192998.04,500623.73,Pending,BR0289
TXN000000422,ACC0058084,CUST043591,2025-08-05,Transfer,UPI,238498.73,3939657.01,Unknown,BR0561
TXN000000423,ACC0018994,CUST084975,2024-10-07,"Atm withdrawal","Mobile App",35361.19,5818152.58,Success,BR0052
TXN000000424,ACC0005176,CUST096034,2023-06-07,"Atm withdrawal",ATM,17199.56,5423958.03,Failed,BR0822
TXN000000425,ACC0098749,CUST081399,2024-02-15,Deposit,Branch,166586.78,291807.82,Reversed,BR0809
TXN000000426,ACC0112126,CUST034768,2023-03-12,Unknown,"Internet Banking",117168.04,488100.33,Success,BR0554
TXN000000427,ACC0125893,CUST082473,2022-10-18,Withdrawal,Branch,138645.62,4856651.76,Unknown,BR0448
TXN000000428,ACC0106310,CUST023790,2025-02-01,"Card payment",ATM,162729.67,3420827.01,Reversed,BR0915
TXN000000429,ACC0115349,CUST040042,2023-02-12,"Loan payment",Unknown,52110.98,2864760.38,Reversed,BR0070
TXN000000430,ACC0108761,CUST072423,2024-06-17,Withdrawal,"Mobile App",282070.78,5900145.06,Success,BR0568
TXN000000431,ACC0060761,CUST027892,2024-05-30,Deposit,"mobile app",69357.41,5699803.23,Success,BR0230
TXN000000432,ACC0080154,CUST072054,2025-09-18,Unknown,ATM,250992.29,1660972.76,Failed,BR0355
TXN000000433,ACC0023706,CUST002746,2023-05-02,Transfer,"Internet Banking",191863.58,3880839.25,Reversed,BR0591
TXN000000434,ACC0122649,CUST023723,2023-07-31,Upi,Unknown,22251.71,5605219.64,Success,BR0213
TXN000000435,ACC0122478,CUST007213,2025-10-13,Upi,Unknown,136930.52,1799490.32,Failed,BR0175
TXN000000436,ACC0107015,CUST065571,2022-07-08,Upi,Unknown,1195.52,3839446.37,Success,BR0454
TXN000000437,ACC0068928,CUST077717,2022-06-08,Withdrawal,ATM,27645.64,1870911.61,Pending,BR0454
TXN000000438,ACC0049627,CUST034622,2022-02-02,"Atm withdrawal","Internet Banking",9103.37,3228885.10,Success,BR0937
TXN000000439,ACC0092898,CUST043578,2022-08-18,Withdrawal,Unknown,199421.67,1569700.14,Failed,BR0526
TXN000000440,ACC0089984,CUST014372,2022-08-09,"Card payment",ATM,225514.46,2010534.87,Success,BR0104
TXN000000441,ACC0126920,CUST035493,2022-10-04,Deposit,Branch,32540.42,3607556.00,Failed,BR0037
TXN000000442,ACC0073885,CUST076528,2023-02-07,Upi,"Internet Banking",274061.00,4874953.07,Success,BR0878
TXN000000443,ACC0067218,CUST009925,2023-09-24,Deposit,"mobile app",3063.45,956028.78,Pending,BR0447
TXN000000444,ACC0017794,CUST095539,2023-07-05,Deposit,Unknown,63317.14,3613267.63,Success,BR0758
TXN000000445,ACC0119977,CUST029215,2024-06-26,"Loan payment",Branch,193464.14,2554811.49,Pending,BR0848
TXN000000446,ACC0110664,CUST050945,2022-06-02,Transfer,POS,259260.42,5862936.33,Success,BR0133
TXN000000447,ACC0024555,CUST043719,2022-04-23,"Loan payment","mobile app",134231.94,2210549.46,Reversed,BR0576
TXN000000448,ACC0026693,CUST073493,2025-01-23,Withdrawal,Branch,245391.67,695969.32,Unknown,BR0658
TXN000000449,ACC0077924,CUST090869,2025-09-03,Upi,"mobile app",110752.86,2067395.57,Success,BR0924
TXN000000450,ACC0041359,CUST053894,2023-08-08,Transfer,ATM,253525.89,1116035.77,Failed,BR0021
TXN000000451,ACC0052418,CUST074954,2025-05-02,"Atm withdrawal",ATM,289616.06,4803145.71,Reversed,BR0219
TXN000000452,ACC0025871,CUST036046,2024-06-18,Withdrawal,"Internet Banking",48169.81,3331438.38,Unknown,BR0703
TXN000000453,ACC0096011,CUST009739,2025-06-28,Transfer,POS,121516.06,3301542.95,Unknown,BR0864
TXN000000454,ACC0115039,CUST055220,2025-09-05,"Loan payment",Unknown,50667.54,4034848.78,Unknown,BR0979
TXN000000455,ACC0079579,CUST049763,2023-09-21,Deposit,Unknown,3924.95,5297415.70,Success,BR0941
TXN000000456,ACC0099765,CUST020220,NULL,Withdrawal,"mobile app",202882.63,951422.67,Pending,BR0667
TXN000000457,ACC0071741,CUST021861,2023-03-11,Transfer,"mobile app",249937.81,259180.84,Reversed,BR0311
TXN000000458,ACC0099701,CUST021820,2023-07-25,Unknown,ATM,193107.05,5195520.23,Success,BR0884
TXN000000459,ACC0128356,CUST045859,2024-06-09,"Loan payment",ATM,213770.97,536449.24,Success,BR0400
TXN000000460,ACC0027409,CUST044097,NULL,Transfer,Unknown,44566.15,1865987.49,Success,BR0898
TXN000000461,ACC0097827,CUST083933,2025-02-27,Deposit,ATM,116995.32,2794833.41,Unknown,BR0656
TXN000000462,ACC0115340,CUST065717,2023-10-01,Deposit,ATM,1749.96,248734.02,Unknown,BR0598
TXN000000463,ACC0005541,CUST080968,2024-05-02,"Card payment",Unknown,299110.38,4919784.09,Success,BR0842
TXN000000464,ACC0110260,CUST063887,2022-11-07,Upi,Unknown,173199.16,3528351.17,Success,BR0485
TXN000000465,ACC0091867,CUST091053,2025-11-23,Upi,ATM,198121.50,882426.70,Reversed,BR0508
TXN000000466,ACC0011924,CUST021729,2023-08-16,Withdrawal,POS,172571.36,2840448.59,Success,BR0959
TXN000000467,ACC0020539,CUST082293,2025-02-08,"Loan payment",UPI,266112.33,3992768.82,Success,BR0835
TXN000000468,ACC0098191,CUST037412,2022-10-30,Deposit,Branch,2820.65,3637143.32,Success,BR0067
TXN000000469,ACC0047286,CUST049674,2023-01-01,Deposit,"mobile app",14444.59,684909.90,Success,BR0484
TXN000000470,ACC0046746,CUST079278,2022-03-20,"Card payment","mobile app",6364.38,3671185.96,Failed,BR0052
TXN000000471,ACC0047341,CUST006262,2025-11-25,"Atm withdrawal",Branch,53069.35,586672.20,Pending,BR0797
TXN000000472,ACC0080381,CUST058941,2025-04-18,Unknown,"Mobile App",107616.54,2256547.96,Failed,BR0195
TXN000000473,ACC0002561,CUST028799,2025-04-03,Deposit,"mobile app",277167.36,4569044.80,Success,BR0779
TXN000000474,ACC0068108,CUST071078,2023-10-18,"Card payment","Internet Banking",235914.11,4323400.59,Failed,BR0475
TXN000000475,ACC0067724,CUST084898,2024-03-13,Unknown,ATM,116995.41,3500934.45,Pending,BR0215
TXN000000476,ACC0056885,CUST046633,2022-09-03,Upi,ATM,96119.26,767451.73,Success,BR0429
TXN000000477,ACC0034504,CUST056716,2022-08-28,Withdrawal,ATM,258980.80,5232479.91,Pending,BR0752
TXN000000478,ACC0076524,CUST097013,2022-07-06,Unknown,ATM,279736.66,3375931.97,Reversed,BR0761
TXN000000479,ACC0033657,CUST067041,2025-04-30,Withdrawal,ATM,262422.70,1226263.43,Success,BR0271
TXN000000480,ACC0086693,CUST014486,2024-03-07,Withdrawal,"Mobile App",39963.85,1190343.86,Failed,BR0850
TXN000000481,ACC0074014,CUST074208,2023-01-19,"Loan payment","mobile app",273411.24,1661343.31,Success,BR0712
TXN000000482,ACC0104865,CUST050600,2022-07-07,Deposit,Unknown,240022.83,2050360.23,Unknown,BR0113
TXN000000483,ACC0090097,CUST011670,2025-03-01,"Loan payment",Branch,176570.08,5649710.67,Success,BR0921
TXN000000484,ACC0084099,CUST011282,2025-08-26,"Atm withdrawal","Mobile App",238229.14,1420952.32,Failed,BR0238
TXN000000485,ACC0084198,CUST040309,NULL,"Atm withdrawal",Unknown,224589.62,3974764.58,Success,BR0436
TXN000000486,ACC0118326,CUST040334,2022-02-06,Transfer,"Mobile App",118329.79,5521447.17,Success,BR0705
TXN000000487,ACC0007086,CUST059207,2022-05-24,Upi,"Mobile App",1246.30,1911851.55,Success,BR0027
TXN000000488,ACC0094124,CUST091411,2023-06-03,Deposit,"Internet Banking",136340.94,117177.04,Unknown,BR0342
TXN000000489,ACC0072746,CUST079322,2022-11-14,Deposit,"Mobile App",24056.35,2687060.38,Success,BR0406
TXN000000490,ACC0074747,CUST013697,2024-11-01,Unknown,ATM,108763.48,106702.85,Success,BR0313
TXN000000491,ACC0032902,CUST016556,2025-05-18,Deposit,ATM,90662.21,390376.12,Pending,BR0694
TXN000000492,ACC0055891,CUST089804,2025-12-26,Transfer,"Internet Banking",251675.87,1151073.31,Unknown,BR0329
TXN000000493,ACC0120030,CUST069417,2025-06-21,Unknown,"mobile app",220389.73,3207138.20,Success,BR0630
TXN000000494,ACC0063276,CUST029595,2022-02-09,Transfer,"mobile app",126500.61,0.00,Success,BR0034
TXN000000495,ACC0017324,CUST044205,2023-09-01,Deposit,"mobile app",118796.87,2077601.27,Success,BR0104
TXN000000496,ACC0054539,CUST089049,2024-11-23,"Card payment","mobile app",241001.34,682838.34,Pending,BR0488
TXN000000497,ACC0095289,CUST078581,2025-02-23,Deposit,"Internet Banking",61412.66,5734939.03,Success,BR0027
TXN000000498,ACC0102774,CUST088710,2025-02-28,Deposit,ATM,278483.50,2480885.39,Unknown,BR0341
TXN000000499,ACC0034570,CUST049199,2023-12-22,Withdrawal,ATM,3869.62,2692498.00,Unknown,BR0535
TXN000000500,ACC0013398,CUST088326,2023-03-03,Withdrawal,ATM,188929.23,3266134.10,Pending,BR0623
TXN000000501,ACC0121415,CUST020005,2023-09-21,Withdrawal,"Mobile App",119192.85,5263643.66,Success,BR0744
TXN000000502,ACC0023126,CUST060787,2022-01-16,Upi,ATM,278233.90,3983988.55,Success,BR0917
TXN000000503,ACC0084927,CUST031467,2025-04-21,Deposit,ATM,70744.80,543890.19,Failed,BR0869
TXN000000504,ACC0004639,CUST016708,2023-02-26,Deposit,"Mobile App",112302.90,4142847.16,Failed,BR0222
TXN000000505,ACC0042502,CUST056852,2022-06-24,Transfer,"Mobile App",23135.57,2308980.45,Pending,BR0017
TXN000000506,ACC0018368,CUST089095,2022-03-26,Unknown,Branch,139535.05,2528869.18,Unknown,BR0134
TXN000000507,ACC0014110,CUST080253,2025-10-03,"Loan payment","Mobile App",228836.31,163965.88,Reversed,BR0003
TXN000000508,ACC0112774,CUST083872,2025-03-25,Upi,UPI,139302.02,5322562.00,Reversed,BR0897
TXN000000509,ACC0028269,CUST005465,2022-07-12,"Atm withdrawal","Internet Banking",169808.95,4946824.85,Success,BR0806
TXN000000510,ACC0103357,CUST056374,2022-02-06,"Atm withdrawal",ATM,187310.60,4959110.77,Success,BR0156
TXN000000511,ACC0125074,CUST083115,2024-01-10,"Loan payment","Internet Banking",39650.21,2629128.90,Success,BR0685
TXN000000512,ACC0122301,CUST026845,2023-07-19,Deposit,UPI,82509.07,901213.92,Unknown,BR0053
TXN000000513,ACC0121030,CUST001770,2024-08-15,Withdrawal,Unknown,186865.65,2152065.35,Unknown,BR0474
TXN000000514,ACC0116676,CUST052371,2025-08-17,Withdrawal,UPI,254745.02,1643562.30,Failed,BR0221
TXN000000515,ACC0084760,CUST056808,2024-10-06,"Atm withdrawal",UPI,218203.27,107079.40,Success,BR0770
TXN000000516,ACC0041527,CUST014274,2023-03-25,Withdrawal,Branch,114962.82,1847997.19,Success,BR0011
TXN000000517,ACC0087688,CUST050630,2022-03-11,Deposit,Branch,74575.67,1170260.94,Pending,BR0790
TXN000000518,ACC0006197,CUST097320,2023-09-23,Withdrawal,"Internet Banking",82175.41,1566838.58,Success,BR0130
TXN000000519,ACC0014838,CUST088029,2025-04-09,Unknown,Unknown,277016.10,3028582.56,Success,BR0862
TXN000000520,ACC0086831,CUST041043,2025-09-17,"Atm withdrawal","Mobile App",193663.14,2322014.32,Reversed,BR0086
TXN000000521,ACC0107880,CUST003232,2024-10-20,"Loan payment","Internet Banking",166270.65,3128590.21,Failed,BR0143
TXN000000522,ACC0020796,CUST040086,2022-08-13,Withdrawal,"Internet Banking",54729.08,5714053.71,Reversed,BR0169
TXN000000523,ACC0088039,CUST069189,2024-10-11,Unknown,Branch,23862.92,697562.45,Pending,BR0871
TXN000000524,ACC0097812,CUST090207,2024-09-28,Withdrawal,"Internet Banking",233295.98,2489156.77,Success,BR0398
TXN000000525,ACC0129706,CUST014319,2025-10-27,Transfer,"Internet Banking",233129.44,4275314.56,Success,BR0816
TXN000000526,ACC0024878,CUST096105,2023-11-15,Upi,ATM,201449.89,3131383.59,Success,BR0797
TXN000000527,ACC0051314,CUST061198,2025-07-04,Withdrawal,ATM,4440.64,25799.17,Success,BR0277
TXN000000528,ACC0011734,CUST058529,2022-12-26,Deposit,UPI,52450.12,421363.19,Unknown,BR0819
TXN000000529,ACC0113208,CUST087912,2025-04-20,Deposit,UPI,74753.39,5000022.58,Reversed,BR0124
TXN000000530,ACC0073314,CUST006933,2022-08-31,Withdrawal,ATM,263386.71,5002636.51,Success,BR0488
TXN000000531,ACC0073001,CUST002697,2025-08-09,Withdrawal,ATM,178858.96,3500981.08,Success,BR0393
TXN000000532,ACC0081560,CUST027387,2023-06-02,Deposit,ATM,136444.26,178676.11,Success,BR0035
TXN000000533,ACC0115901,CUST000423,2024-03-17,Unknown,POS,230442.44,2872340.00,Pending,BR0614
TXN000000534,ACC0111384,CUST090932,2022-03-02,Unknown,POS,7589.88,3446130.58,Success,BR0284
TXN000000535,ACC0074634,CUST058617,2025-03-27,Transfer,Unknown,79985.66,5812392.85,Pending,BR0066
TXN000000536,ACC0055395,CUST033359,2022-03-06,"Loan payment",POS,264574.46,2443127.48,Success,BR0898
TXN000000537,ACC0102067,CUST021048,2023-05-11,Deposit,"Internet Banking",196483.01,2217121.49,Unknown,BR0154
TXN000000538,ACC0068017,CUST069896,2025-07-06,"Loan payment","mobile app",164983.47,5002635.69,Success,BR0554
TXN000000539,ACC0110281,CUST077985,2024-08-14,Deposit,POS,199971.52,247890.84,Unknown,BR0888
TXN000000540,ACC0108763,CUST018157,2024-12-09,"Loan payment","Mobile App",18303.82,5348922.00,Failed,BR0703
TXN000000541,ACC0057119,CUST004988,2024-06-30,"Atm withdrawal",ATM,0.00,2641614.44,Reversed,BR0704
TXN000000542,ACC0029319,CUST001921,2024-08-24,"Loan payment",POS,278447.72,5366818.87,Reversed,BR0855
TXN000000543,ACC0030162,CUST050512,2023-12-17,Withdrawal,"Internet Banking",217599.96,946964.11,Success,BR0022
TXN000000544,ACC0037444,CUST010372,2025-03-28,Upi,UPI,226407.76,5988219.30,Failed,BR0208
TXN000000545,ACC0112335,CUST070016,2025-11-05,Withdrawal,"mobile app",206493.27,4585170.71,Unknown,BR0455
TXN000000546,ACC0072527,CUST083793,2023-05-30,Withdrawal,Branch,172245.56,5560806.99,Success,BR0692
TXN000000547,ACC0063382,CUST067701,2023-04-04,Transfer,"mobile app",108894.01,3630828.40,Success,BR0828
TXN000000548,ACC0019120,CUST085588,2022-02-20,Withdrawal,Unknown,15504.32,2326223.46,Reversed,BR0053
TXN000000549,ACC0081229,CUST003021,2022-02-27,Withdrawal,POS,199977.82,339070.91,Success,BR0266
TXN000000550,ACC0076936,CUST056152,2022-01-11,Withdrawal,"mobile app",277194.74,3726228.61,Success,BR0025
TXN000000551,ACC0068286,CUST004408,2025-11-02,"Card payment","Mobile App",54977.48,755831.55,Reversed,BR0259
TXN000000552,ACC0126585,CUST015152,2025-08-25,"Atm withdrawal",Branch,85131.60,344857.89,Failed,BR0184
TXN000000553,ACC0116057,CUST025815,2024-03-06,Withdrawal,ATM,170032.59,3588426.52,Failed,BR0054
TXN000000554,ACC0115245,CUST089343,2025-08-13,Withdrawal,Unknown,193222.55,1196046.25,Failed,BR0179
TXN000000555,ACC0084552,CUST053924,2025-03-05,"Loan payment",Branch,34438.42,917534.54,Success,BR0455
TXN000000556,ACC0071827,CUST006341,2024-07-29,Unknown,POS,173754.76,3225005.66,Pending,BR0481
TXN000000557,ACC0086856,CUST086249,2023-08-09,Withdrawal,ATM,29995.68,1745998.33,Reversed,BR0867
TXN000000558,ACC0031007,CUST068070,2023-05-09,Transfer,Branch,23815.77,2426586.44,Failed,BR0505
TXN000000559,ACC0129824,CUST073453,2025-04-08,"Atm withdrawal","mobile app",230255.31,4037503.87,Reversed,BR0692
TXN000000560,ACC0081864,CUST017341,2025-01-11,Deposit,"mobile app",180128.28,1214296.11,Pending,BR0768
TXN000000561,ACC0045313,CUST040043,2023-12-22,Unknown,"Mobile App",293501.67,258894.45,Success,BR0091
TXN000000562,ACC0018293,CUST033621,NULL,Withdrawal,ATM,199130.66,5805098.76,Reversed,BR0431
TXN000000563,ACC0110187,CUST019240,2024-05-26,"Atm withdrawal","Mobile App",249458.63,1793731.10,Success,BR0286
TXN000000564,ACC0103186,CUST034062,2022-10-11,"Loan payment",Branch,192521.53,5267743.39,Pending,BR0734
TXN000000565,ACC0065140,CUST070927,2025-04-11,"Atm withdrawal",ATM,125939.41,2411393.44,Unknown,BR0006
TXN000000566,ACC0112145,CUST061612,2025-05-01,Withdrawal,"Mobile App",279437.24,3802608.35,Unknown,BR0054
TXN000000567,ACC0046481,CUST006412,2024-09-02,Withdrawal,ATM,290723.16,5840612.50,Success,BR0398
TXN000000568,ACC0031118,CUST050416,2023-03-27,Withdrawal,"Mobile App",70983.71,330527.63,Success,BR0605
TXN000000569,ACC0093922,CUST093775,2024-04-21,Unknown,"Internet Banking",118013.00,158825.59,Reversed,BR0859
TXN000000570,ACC0049179,CUST063731,2024-01-04,Withdrawal,ATM,70637.08,3005839.91,Success,BR0792
TXN000000571,ACC0107183,CUST068859,2023-12-06,Withdrawal,ATM,255406.92,2123226.78,Success,BR0016
TXN000000572,ACC0106891,CUST064004,2024-11-13,Deposit,ATM,189954.56,814081.64,Failed,BR0795
TXN000000573,ACC0025328,CUST036222,2024-04-28,Upi,"Mobile App",94587.48,4609785.39,Success,BR0188
TXN000000574,ACC0055792,CUST038689,2022-11-23,Withdrawal,UPI,107425.71,656879.23,Reversed,BR0026
TXN000000575,ACC0122780,CUST089887,2024-01-04,Unknown,"Mobile App",285293.24,4463531.18,Reversed,BR0220
TXN000000576,ACC0055840,CUST022496,2024-03-16,Upi,Branch,274552.75,3332884.67,Pending,BR0877
TXN000000577,ACC0078796,CUST082611,2024-02-25,Withdrawal,"Mobile App",154369.12,1139893.05,Pending,BR0912
TXN000000578,ACC0074478,CUST090386,2022-10-12,"Atm withdrawal",Unknown,253485.73,762797.49,Success,BR0399
TXN000000579,ACC0063764,CUST028164,2023-01-06,"Loan payment","mobile app",11367.98,619860.13,Reversed,BR0921
TXN000000580,ACC0116217,CUST022516,2023-11-08,"Atm withdrawal",UPI,238812.96,4349950.92,Pending,BR0456
TXN000000581,ACC0104338,CUST030079,2022-09-28,Transfer,UPI,158567.94,5139798.86,Success,BR0120
TXN000000582,ACC0027022,CUST089772,2024-04-21,"Loan payment",ATM,92464.35,5720140.34,Unknown,BR0515
TXN000000583,ACC0099378,CUST078219,2023-01-12,"Atm withdrawal",POS,169634.16,5756136.66,Success,BR0295
TXN000000584,ACC0106681,CUST057042,2023-04-30,"Card payment","mobile app",86663.32,2296458.78,Unknown,BR0209
TXN000000585,ACC0015061,CUST051780,2023-04-29,Transfer,POS,8380.25,5521290.42,Success,BR0087
TXN000000586,ACC0063288,CUST087905,2022-02-15,Transfer,Unknown,5908.68,5780902.72,Pending,BR0610
TXN000000587,ACC0008465,CUST078987,2024-07-23,Transfer,ATM,215735.70,2430234.32,Unknown,BR0478
TXN000000588,ACC0056820,CUST018901,2024-12-07,Deposit,ATM,38514.58,3517650.62,Success,BR0714
TXN000000589,ACC0006643,CUST032931,2022-11-07,"Atm withdrawal","mobile app",153715.36,228769.45,Reversed,BR0952
TXN000000590,ACC0038897,CUST068423,2022-05-29,Withdrawal,"mobile app",46121.39,1581496.33,Success,BR0935
TXN000000591,ACC0020705,CUST012811,2023-10-13,Upi,ATM,85545.65,2098518.47,Pending,BR0876
TXN000000592,ACC0008368,CUST047920,2023-06-22,"Loan payment",ATM,92510.44,951468.00,Success,BR0892
TXN000000593,ACC0043665,CUST092208,2023-01-12,Transfer,POS,216760.04,4325535.07,Reversed,BR0914
TXN000000594,ACC0084649,CUST014534,2023-05-14,Deposit,Unknown,108795.74,3415201.84,Success,BR0522
TXN000000595,ACC0048907,CUST034407,2022-02-22,Withdrawal,"Internet Banking",173532.91,2206445.54,Failed,BR0220
TXN000000596,ACC0066455,CUST039826,2023-05-18,Upi,"Mobile App",85267.54,22260.69,Success,BR0324
TXN000000597,ACC0042290,CUST053921,2024-03-19,"Loan payment",Unknown,0.00,279956.49,Reversed,BR0078
TXN000000598,ACC0006690,CUST081389,2022-05-17,Deposit,POS,22239.95,1404902.38,Reversed,BR0382
TXN000000599,ACC0112862,CUST055923,2025-05-28,Upi,"Internet Banking",117725.67,4180521.80,Reversed,BR0067
TXN000000600,ACC0072629,CUST090699,2025-07-25,Withdrawal,"Mobile App",90166.25,5896081.64,Failed,BR0865
TXN000000601,ACC0116792,CUST055043,2023-07-14,Withdrawal,UPI,21237.33,4506712.25,Failed,BR0790
TXN000000602,ACC0116656,CUST050897,2025-07-09,"Card payment","Internet Banking",176431.51,602103.83,Success,BR0728
TXN000000603,ACC0090476,CUST046151,2022-03-15,Unknown,"mobile app",7742.53,4023169.84,Unknown,BR0147
TXN000000604,ACC0036793,CUST023325,2022-05-03,"Card payment",Unknown,271561.98,3725082.85,Success,BR0786
TXN000000605,ACC0095127,CUST034264,2023-10-04,Deposit,ATM,78160.29,3829326.06,Success,BR0820
TXN000000606,ACC0056033,CUST072485,2023-01-08,"Card payment",Unknown,169996.74,4333371.84,Pending,BR0352
TXN000000607,ACC0017089,CUST059078,2025-02-28,"Loan payment","Internet Banking",283868.16,550831.04,Success,BR0297
TXN000000608,ACC0061367,CUST032707,2023-10-24,Unknown,ATM,132905.49,2988807.44,Failed,BR0598
TXN000000609,ACC0098239,CUST090853,2025-08-28,"Atm withdrawal","mobile app",127944.65,4483955.46,Success,BR0063
TXN000000610,ACC0075907,CUST059165,2022-05-12,Transfer,Unknown,204238.03,3796792.58,Success,BR0988
TXN000000611,ACC0075592,CUST024651,2024-09-11,Upi,UPI,136407.54,2733015.14,Unknown,BR0457
TXN000000612,ACC0029178,CUST040731,2024-11-27,Transfer,"Mobile App",67144.77,5172311.91,Success,BR0947
TXN000000613,ACC0014715,CUST018700,2022-09-09,Deposit,"Mobile App",129115.67,5093086.06,Pending,BR0101
TXN000000614,ACC0045990,CUST065464,2022-08-17,Upi,UPI,101119.12,1084935.16,Pending,BR0202
TXN000000615,ACC0096873,CUST050345,2024-06-20,Transfer,"mobile app",230063.66,5453261.19,Success,BR0337
TXN000000616,ACC0080616,CUST011489,2022-02-13,Transfer,ATM,156079.55,5279875.28,Reversed,BR0710
TXN000000617,ACC0055576,CUST030965,2025-12-25,Unknown,Unknown,60971.79,2391172.24,Pending,BR0786
TXN000000618,ACC0087505,CUST010823,2022-12-18,Withdrawal,ATM,75293.14,3350363.96,Failed,BR0055
TXN000000619,ACC0019253,CUST064336,2025-05-11,"Loan payment",ATM,289192.40,1334856.54,Success,BR0850
TXN000000620,ACC0085963,CUST050790,2022-07-15,Withdrawal,UPI,244007.19,4239829.56,Failed,BR0704
TXN000000621,ACC0007982,CUST002696,2025-05-21,"Card payment",UPI,97484.04,640911.51,Pending,BR0081
TXN000000622,ACC0106091,CUST005328,2025-10-23,"Card payment",POS,186057.76,4222973.82,Pending,BR0162
TXN000000623,ACC0000476,CUST005660,2024-10-02,"Card payment","Internet Banking",176090.92,2902862.46,Pending,BR0666
TXN000000624,ACC0025492,CUST013436,2025-03-31,Withdrawal,"mobile app",235980.48,5314582.09,Success,BR0728
TXN000000625,ACC0070312,CUST019771,2024-03-29,Withdrawal,"Internet Banking",264328.49,1386661.99,Success,BR0810
TXN000000626,ACC0077485,CUST067448,2022-07-16,Withdrawal,ATM,251953.96,1399156.36,Success,BR0307
TXN000000627,ACC0126859,CUST086100,2022-09-25,Transfer,"mobile app",139595.01,523668.20,Reversed,BR0958
TXN000000628,ACC0025961,CUST045226,2025-12-22,"Atm withdrawal","mobile app",201785.91,2852370.24,Failed,BR0057
TXN000000629,ACC0127888,CUST018097,2023-11-18,Upi,"mobile app",213127.29,4454375.46,Unknown,BR0158
TXN000000630,ACC0042334,CUST021996,2023-03-31,Withdrawal,POS,272678.42,1977638.56,Reversed,BR0258
TXN000000631,ACC0088918,CUST021417,2022-04-03,Transfer,Branch,95969.98,628936.86,Failed,BR0510
TXN000000632,ACC0051333,CUST025613,2025-02-18,Withdrawal,ATM,203079.17,1478148.07,Reversed,BR0159
TXN000000633,ACC0043058,CUST037481,2025-10-25,"Atm withdrawal",Branch,184029.14,4709270.34,Unknown,BR0156
TXN000000634,ACC0043366,CUST066778,2022-11-09,Unknown,"Internet Banking",244973.84,192884.23,Success,BR0079
TXN000000635,ACC0077336,CUST012727,2023-12-14,"Atm withdrawal",Branch,98605.50,5135952.99,Success,BR0398
TXN000000636,ACC0009470,CUST074420,2024-12-17,Unknown,Branch,256529.49,4088356.14,Pending,BR0976
TXN000000637,ACC0097247,CUST002510,2022-03-17,"Card payment","Internet Banking",160435.57,2340498.42,Unknown,BR0373
TXN000000638,ACC0017883,CUST064278,2023-11-21,Deposit,Unknown,299694.78,5610788.79,Reversed,BR0509
TXN000000639,ACC0118624,CUST053825,2022-11-11,Unknown,ATM,91059.82,869063.06,Pending,BR0876
TXN000000640,ACC0023230,CUST009933,2023-05-24,Deposit,ATM,177673.55,5457855.18,Success,BR0364
TXN000000641,ACC0085740,CUST016146,2025-03-19,Deposit,UPI,37138.99,1194067.93,Success,BR0553
TXN000000642,ACC0064126,CUST015673,2025-10-11,"Atm withdrawal",UPI,90099.74,1739966.01,Reversed,BR0645
TXN000000643,ACC0062542,CUST022598,2024-09-28,Withdrawal,"Mobile App",54720.65,3588394.18,Unknown,BR0392
TXN000000644,ACC0075948,CUST020503,2022-12-31,"Atm withdrawal","Internet Banking",140199.01,5456976.38,Pending,BR0657
TXN000000645,ACC0082998,CUST040210,2025-04-25,"Loan payment",ATM,92425.79,3361761.37,Unknown,BR0202
TXN000000646,ACC0113219,CUST029479,2023-02-17,Unknown,"mobile app",47312.01,867855.74,Reversed,BR0808
TXN000000647,ACC0003367,CUST087392,2022-05-29,Unknown,"mobile app",110027.88,305474.18,Success,BR0131
TXN000000648,ACC0113881,CUST048931,2023-05-15,"Card payment",ATM,10290.99,3900772.34,Success,BR0711
TXN000000649,ACC0129597,CUST059132,2022-12-26,"Loan payment",ATM,195469.43,3020848.56,Success,BR0119
TXN000000650,ACC0056309,CUST075360,2022-04-08,Withdrawal,ATM,27479.73,4371984.97,Unknown,BR0290
TXN000000651,ACC0029289,CUST040750,2023-02-14,"Card payment",POS,207578.99,3752923.71,Success,BR0743
TXN000000652,ACC0030475,CUST053127,2025-02-19,Upi,Unknown,79832.16,4951731.49,Reversed,BR0064
TXN000000653,ACC0008174,CUST052191,2023-08-16,"Card payment",ATM,32185.63,3114748.12,Pending,BR0539
TXN000000654,ACC0067614,CUST026019,2025-02-19,"Loan payment","Mobile App",35002.62,4728580.22,Pending,BR0054
TXN000000655,ACC0088994,CUST012751,2024-11-15,Deposit,ATM,8957.25,3842596.51,Unknown,BR0008
TXN000000656,ACC0011140,CUST073426,2023-03-22,Withdrawal,POS,214168.01,1801179.65,Success,BR0460
TXN000000657,ACC0024998,CUST066158,2022-03-01,Unknown,UPI,37507.72,430714.16,Failed,BR0832
TXN000000658,ACC0071385,CUST095714,2022-07-30,Transfer,UPI,116622.42,1772498.56,Success,BR0640
TXN000000659,ACC0114482,CUST098456,2025-12-08,"Card payment",ATM,228149.83,5826870.49,Unknown,BR0612
TXN000000660,ACC0097264,CUST097238,2022-12-15,"Loan payment","Mobile App",125524.12,4970753.44,Unknown,BR0258
TXN000000661,ACC0099201,CUST032418,2022-08-31,Deposit,Branch,198432.06,2185305.88,Success,BR0746
TXN000000662,ACC0035735,CUST088906,2024-08-03,Withdrawal,ATM,86047.59,3092195.83,Unknown,BR0549
TXN000000663,ACC0046495,CUST054998,2023-05-05,Withdrawal,"mobile app",181030.30,2317262.91,Unknown,BR0545
TXN000000664,ACC0040245,CUST009215,2023-09-28,"Loan payment",Branch,166080.98,3314163.29,Success,BR0783
TXN000000665,ACC0095395,CUST082835,2022-06-01,Deposit,"mobile app",202558.27,53103.71,Pending,BR0581
TXN000000666,ACC0033897,CUST054766,2025-10-14,Deposit,UPI,172586.18,2983442.21,Success,BR0558
TXN000000667,ACC0035339,CUST032829,2022-01-18,Unknown,ATM,269209.85,4995542.12,Reversed,BR0869
TXN000000668,ACC0094403,CUST026861,2024-05-07,Transfer,"Mobile App",25613.84,5961559.24,Success,BR0637
TXN000000669,ACC0040836,CUST006176,2024-08-10,Deposit,"mobile app",63641.03,197444.25,Pending,BR0679
TXN000000670,ACC0022287,CUST073328,2022-08-19,Upi,"Internet Banking",277656.72,5277547.21,Success,BR0655
TXN000000671,ACC0065185,CUST064540,2022-08-06,Withdrawal,ATM,3349.85,3229520.84,Success,BR0021
TXN000000672,ACC0091399,CUST052031,2022-11-27,Withdrawal,UPI,8422.20,5457082.22,Unknown,BR0935
TXN000000673,ACC0062083,CUST012631,2025-06-19,"Loan payment",UPI,67487.14,3052283.69,Failed,BR0486
TXN000000674,ACC0030423,CUST064791,2022-07-02,Deposit,Unknown,893.00,174559.15,Pending,BR0192
TXN000000675,ACC0106140,CUST013951,2024-10-04,Upi,ATM,42968.79,4409529.86,Success,BR0556
TXN000000676,ACC0059527,CUST061073,2023-04-15,Upi,Branch,221305.74,1334791.90,Pending,BR0726
TXN000000677,ACC0018385,CUST050734,2023-08-24,Deposit,ATM,89755.61,3502790.57,Reversed,BR0916
TXN000000678,ACC0096250,CUST040324,2024-01-24,Deposit,Branch,53504.13,3176574.29,Unknown,BR0358
TXN000000679,ACC0051065,CUST053421,2024-05-01,Withdrawal,"Internet Banking",121526.22,3561823.74,Failed,BR0015
TXN000000680,ACC0120503,CUST056777,2025-12-25,"Card payment",Unknown,154367.78,5750973.99,Pending,BR0875
TXN000000681,ACC0057507,CUST039758,2023-05-30,Withdrawal,Branch,266534.86,3380864.04,Pending,BR0088
TXN000000682,ACC0111876,CUST081824,2024-12-31,Withdrawal,ATM,382.43,3077458.87,Unknown,BR0271
TXN000000683,ACC0026761,CUST089926,2023-06-30,Unknown,"mobile app",175836.29,5826755.53,Success,BR0437
TXN000000684,ACC0059920,CUST035477,2022-06-07,"Card payment",POS,92360.29,4555511.02,Success,BR0571
TXN000000685,ACC0009688,CUST047711,2022-04-29,"Loan payment",POS,131134.77,2934194.00,Unknown,BR0712
TXN000000686,ACC0074935,CUST074508,2022-12-20,Upi,"Mobile App",56775.40,0.00,Reversed,BR0470
TXN000000687,ACC0051824,CUST030096,2022-11-28,Unknown,"Mobile App",69859.49,3803900.77,Success,BR0341
TXN000000688,ACC0119265,CUST066093,2022-12-07,Deposit,"Internet Banking",266053.37,1067369.60,Success,BR0277
TXN000000689,ACC0061700,CUST098781,2023-05-12,"Card payment",UPI,102556.59,1342511.75,Failed,BR0331
TXN000000690,ACC0034459,CUST025040,2023-10-12,"Loan payment",Unknown,48954.38,5992578.38,Success,BR0808
TXN000000691,ACC0128546,CUST076491,2023-01-24,Deposit,"mobile app",106232.02,59343.40,Success,BR0477
TXN000000692,ACC0032458,CUST021072,2023-10-03,Deposit,"mobile app",99834.27,1498253.93,Pending,BR0227
TXN000000693,ACC0110825,CUST060913,2022-10-23,Upi,UPI,94582.41,5732970.26,Success,BR0173
TXN000000694,ACC0050057,CUST032624,2025-01-17,Deposit,Branch,173386.14,2174024.27,Success,BR0355
TXN000000695,ACC0009912,CUST019073,2023-01-19,Withdrawal,POS,291243.25,710141.90,Success,BR0721
TXN000000696,ACC0031304,CUST078146,2025-10-24,"Card payment",POS,109854.30,905324.53,Reversed,BR0719
TXN000000697,ACC0105754,CUST054050,2025-12-02,"Loan payment",POS,63399.38,3378175.15,Success,BR0480
TXN000000698,ACC0075754,CUST049952,2022-06-04,"Loan payment",UPI,194004.67,599243.45,Success,BR0124
TXN000000699,ACC0078736,CUST029622,2024-03-12,Transfer,"mobile app",194521.39,5558613.81,Success,BR0045
TXN000000700,ACC0105289,CUST022682,2025-07-03,"Atm withdrawal",ATM,171663.51,4319095.63,Pending,BR0182
TXN000000701,ACC0057749,CUST059173,2024-12-21,Deposit,ATM,151813.03,268874.01,Failed,BR0712
TXN000000702,ACC0059820,CUST043192,2024-05-22,Transfer,Unknown,229589.25,1786836.03,Pending,BR0991
TXN000000703,ACC0015254,CUST090099,2025-09-08,"Loan payment",Branch,2948.18,994636.75,Reversed,BR0180
TXN000000704,ACC0013858,CUST076818,2025-05-15,Withdrawal,Branch,14537.66,2265526.73,Reversed,BR0378
TXN000000705,ACC0128506,CUST094165,2024-05-08,Withdrawal,Branch,71570.62,3279978.80,Reversed,BR0247
TXN000000706,ACC0117052,CUST050290,2023-08-09,Transfer,Unknown,139398.89,1621263.59,Success,BR0825
TXN000000707,ACC0096662,CUST046806,2022-12-24,Deposit,"Internet Banking",92528.39,177159.97,Failed,BR0393
TXN000000708,ACC0071957,CUST084669,2022-12-17,Unknown,POS,240981.67,3877558.53,Reversed,BR0119
TXN000000709,ACC0025946,CUST095395,2024-12-18,Transfer,ATM,121083.23,704276.71,Success,BR0375
TXN000000710,ACC0079089,CUST089137,2024-12-09,Deposit,UPI,16014.62,703753.30,Unknown,BR0174
TXN000000711,ACC0129765,CUST050803,2023-03-03,"Card payment","Internet Banking",161354.72,3557725.63,Success,BR0775
TXN000000712,ACC0123349,CUST094864,2024-02-18,Transfer,"Internet Banking",73778.87,723189.01,Failed,BR0298
TXN000000713,ACC0106846,CUST095995,2024-05-27,Transfer,POS,293863.25,2281603.45,Reversed,BR0082
TXN000000714,ACC0066649,CUST034105,2025-10-24,"Card payment",ATM,169691.58,24806.05,Success,BR0626
TXN000000715,ACC0115262,CUST019860,2022-05-09,Unknown,Unknown,69163.31,254313.49,Success,BR0690
TXN000000716,ACC0105636,CUST039077,2022-09-28,"Atm withdrawal",ATM,80506.95,5949273.17,Pending,BR0735
TXN000000717,ACC0046298,CUST038202,2023-03-19,Upi,POS,133583.78,3822131.64,Reversed,BR0762
TXN000000718,ACC0042105,CUST046686,2022-01-11,Withdrawal,"mobile app",184802.68,5142839.25,Success,BR0438
TXN000000719,ACC0112685,CUST043483,2022-05-26,Deposit,ATM,57628.97,5674786.31,Pending,BR0813
TXN000000720,ACC0006865,CUST085442,2025-04-25,Deposit,UPI,17967.72,1748888.12,Reversed,BR0983
TXN000000721,ACC0089643,CUST001895,2022-05-19,Unknown,ATM,9206.57,1129911.39,Unknown,BR0448
TXN000000722,ACC0002915,CUST007924,2024-05-20,Upi,"Internet Banking",237241.64,863411.66,Failed,BR0039
TXN000000723,ACC0085211,CUST043817,2025-04-28,Deposit,ATM,22505.76,1516155.33,Unknown,BR0390
TXN000000724,ACC0045429,CUST078587,2024-01-15,Unknown,UPI,157250.78,5544040.79,Unknown,BR0334
TXN000000725,ACC0002694,CUST005627,2022-08-29,Unknown,Branch,288219.69,3509950.92,Success,BR0115
TXN000000726,ACC0058286,CUST068127,2024-05-09,Deposit,UPI,97061.42,1784828.00,Reversed,BR0951
TXN000000727,ACC0035674,CUST007125,2022-02-19,Deposit,"mobile app",176669.78,1346512.61,Unknown,BR0671
TXN000000728,ACC0019497,CUST014865,2023-01-17,"Card payment",UPI,253232.34,4807162.78,Unknown,BR0132
TXN000000729,ACC0088277,CUST073272,2023-09-03,Withdrawal,POS,120622.77,1068063.72,Failed,BR0009
TXN000000730,ACC0129740,CUST036343,2024-10-03,Unknown,ATM,205593.37,2181322.29,Reversed,BR0934
TXN000000731,ACC0099697,CUST080980,2024-12-27,"Card payment",ATM,158924.30,1061752.58,Success,BR0299
TXN000000732,ACC0007309,CUST087913,2023-02-19,Transfer,"Mobile App",41291.64,5351496.67,Success,BR0697
TXN000000733,ACC0129812,CUST046465,2025-03-07,Deposit,"mobile app",251188.70,3985900.26,Pending,BR0116
TXN000000734,ACC0064743,CUST006100,2024-08-29,Withdrawal,"mobile app",231705.43,5432705.83,Success,BR0787
TXN000000735,ACC0034095,CUST005430,2023-05-26,"Card payment","mobile app",111937.04,5960804.07,Success,BR0442
TXN000000736,ACC0037434,CUST064217,2022-08-01,Withdrawal,"Mobile App",252073.83,5560821.19,Reversed,BR0834
TXN000000737,ACC0060559,CUST030734,2025-10-11,"Card payment","Internet Banking",106339.95,1125762.85,Unknown,BR0315
TXN000000738,ACC0031812,CUST049198,2022-10-13,Transfer,Branch,216011.53,251592.12,Success,BR0545
TXN000000739,ACC0050883,CUST065106,2025-09-25,"Card payment","mobile app",158937.15,4437167.71,Reversed,BR0804
TXN000000740,ACC0114101,CUST076944,2025-02-27,Deposit,ATM,112834.41,4967746.42,Success,BR0516
TXN000000741,ACC0092643,CUST069682,2025-01-05,Withdrawal,UPI,185698.05,902943.68,Success,BR0510
TXN000000742,ACC0060467,CUST025075,2025-02-13,Upi,Unknown,57922.67,3651317.92,Success,BR0108
TXN000000743,ACC0111069,CUST061391,2024-07-24,Transfer,"Mobile App",8449.64,1481229.08,Reversed,BR0636
TXN000000744,ACC0094641,CUST016517,2023-05-17,"Atm withdrawal",UPI,131469.95,1591720.85,Success,BR0204
TXN000000745,ACC0114308,CUST068218,2022-06-11,Transfer,Branch,221670.74,4669206.96,Unknown,BR0035
TXN000000746,ACC0081587,CUST002999,2024-05-18,"Atm withdrawal","Internet Banking",243140.89,5213395.48,Pending,BR0860
TXN000000747,ACC0045135,CUST076397,2022-03-30,"Atm withdrawal",Unknown,188359.16,2841233.69,Unknown,BR0496
TXN000000748,ACC0052742,CUST073998,2024-12-26,Withdrawal,UPI,118468.48,2332051.98,Failed,BR0759
TXN000000749,ACC0055621,CUST073597,2024-08-30,"Atm withdrawal",ATM,39014.61,2468186.48,Success,BR0327
TXN000000750,ACC0069808,CUST081452,2025-04-19,"Atm withdrawal","mobile app",201532.14,4051404.88,Pending,BR0119
TXN000000751,ACC0041646,CUST018236,2024-09-04,"Card payment",UPI,294636.75,5151974.53,Success,BR0606
TXN000000752,ACC0072482,CUST099205,2023-05-25,"Loan payment",Unknown,243735.56,5902572.62,Success,BR0063
TXN000000753,ACC0049866,CUST006824,2023-04-19,Deposit,"mobile app",49787.01,2421643.28,Success,BR0659
TXN000000754,ACC0003736,CUST064435,2022-03-25,"Card payment","mobile app",126261.61,1427408.16,Pending,BR0960
TXN000000755,ACC0087306,CUST093750,2024-01-04,Withdrawal,ATM,0.00,1931737.55,Unknown,BR0324
TXN000000756,ACC0007655,CUST026415,2022-07-24,Deposit,POS,225422.77,4705338.68,Success,BR0448
TXN000000757,ACC0073544,CUST075365,2022-04-03,Deposit,"Internet Banking",39742.85,1873741.37,Pending,BR0281
TXN000000758,ACC0041649,CUST065090,2022-01-03,"Atm withdrawal",POS,145535.58,4191102.71,Success,BR0512
TXN000000759,ACC0102474,CUST080453,2024-07-27,"Loan payment",UPI,184128.37,5485028.07,Success,BR0782
TXN000000760,ACC0070672,CUST067713,2022-11-25,"Card payment",ATM,71439.47,1880250.38,Reversed,BR0726
TXN000000761,ACC0018538,CUST071280,2024-09-15,"Atm withdrawal","mobile app",192800.74,3564255.89,Unknown,BR0488
TXN000000762,ACC0054449,CUST072927,2022-11-24,Upi,UPI,211282.61,5268111.49,Success,BR0720
TXN000000763,ACC0061228,CUST079988,2022-08-26,Withdrawal,ATM,230419.06,4333835.48,Success,BR0874
TXN000000764,ACC0093829,CUST095311,2023-09-08,Deposit,Unknown,31275.55,1180798.30,Unknown,BR0408
TXN000000765,ACC0123886,CUST056425,2022-10-27,Transfer,"Internet Banking",84594.62,612346.07,Success,BR0379
TXN000000766,ACC0026103,CUST036008,2023-02-14,Upi,"Mobile App",171935.03,4746646.09,Success,BR0719
TXN000000767,ACC0036583,CUST055007,2025-02-15,Withdrawal,"mobile app",145065.61,5023241.32,Failed,BR0299
TXN000000768,ACC0107822,CUST060367,2024-07-25,"Loan payment",Branch,50303.07,2317407.04,Pending,BR0307
TXN000000769,ACC0082975,CUST072847,2025-03-17,Upi,"Internet Banking",24232.59,2927610.95,Success,BR0068
TXN000000770,ACC0021901,CUST023489,2024-02-28,Withdrawal,Branch,48455.20,1039214.96,Reversed,BR0669
TXN000000771,ACC0109372,CUST012042,2022-08-20,Deposit,ATM,92628.12,1388687.52,Success,BR0532
TXN000000772,ACC0037412,CUST042315,2022-11-22,Upi,UPI,127939.19,247850.43,Success,BR0259
TXN000000773,ACC0056947,CUST089253,2022-04-26,Withdrawal,Branch,134706.37,5342149.57,Success,BR0269
TXN000000774,ACC0056864,CUST090678,2025-07-25,Deposit,Branch,191330.18,2292211.41,Failed,BR0471
TXN000000775,ACC0030799,CUST073545,2024-10-20,Withdrawal,"Mobile App",0.00,1598514.61,Reversed,BR0097
TXN000000776,ACC0123454,CUST030434,2025-08-24,Withdrawal,"Internet Banking",280201.18,1231402.34,Success,BR0224
TXN000000777,ACC0123426,CUST055385,2022-04-15,"Atm withdrawal",Branch,38460.87,1011739.09,Reversed,BR0894
TXN000000778,ACC0125804,CUST042213,2025-09-03,Transfer,"mobile app",28846.35,4721856.69,Reversed,BR0165
TXN000000779,ACC0038943,CUST025162,2023-01-15,Transfer,"Mobile App",6679.18,5751018.87,Success,BR0635
TXN000000780,ACC0028824,CUST001803,2023-06-14,"Card payment",POS,290037.77,32943.71,Reversed,BR0975
TXN000000781,ACC0010734,CUST099726,2022-05-12,Transfer,UPI,24262.45,2946914.06,Success,BR0750
TXN000000782,ACC0035002,CUST097630,2022-07-03,Deposit,"mobile app",54875.57,66072.81,Success,BR0693
TXN000000783,ACC0127687,CUST036731,2022-06-14,Withdrawal,"mobile app",219157.84,2056577.02,Success,BR0158
TXN000000784,ACC0080620,CUST050513,2025-09-11,Unknown,Unknown,196792.78,3988508.09,Pending,BR0696
TXN000000785,ACC0034560,CUST014047,2022-10-21,Deposit,"Mobile App",233642.84,4353611.89,Pending,BR0038
TXN000000786,ACC0041441,CUST001120,2024-06-02,Unknown,"Mobile App",255677.73,2080233.76,Reversed,BR0369
TXN000000787,ACC0061799,CUST059763,2023-07-11,"Loan payment","Internet Banking",232571.63,0.00,Pending,BR0007
TXN000000788,ACC0013897,CUST039928,2024-04-15,Unknown,"Mobile App",224491.70,4972850.62,Success,BR0973
TXN000000789,ACC0003062,CUST069702,2024-01-01,Transfer,"Internet Banking",23430.28,3656262.36,Success,BR0141
TXN000000790,ACC0059898,CUST052252,2025-01-24,"Loan payment","Internet Banking",99102.68,542868.50,Reversed,BR0992
TXN000000791,ACC0021178,CUST025436,2023-07-07,Transfer,UPI,142245.02,4656766.36,Success,BR0079
TXN000000792,ACC0089244,CUST052914,2022-08-16,Unknown,Branch,299914.19,4567957.84,Success,BR0124
TXN000000793,ACC0123679,CUST060737,2022-10-17,Unknown,Unknown,55103.65,486500.94,Success,BR0404
TXN000000794,ACC0008796,CUST051555,2024-07-05,Upi,ATM,186213.76,122840.87,Reversed,BR0012
TXN000000795,ACC0081227,CUST025945,2022-09-20,Deposit,"mobile app",129372.06,4606337.46,Success,BR0384
TXN000000796,ACC0112206,CUST076860,2024-01-30,Transfer,UPI,195537.26,5622977.13,Unknown,BR0365
TXN000000797,ACC0024891,CUST089770,2025-11-20,Withdrawal,Branch,89235.35,1570179.38,Success,BR0677
TXN000000798,ACC0069590,CUST079188,2025-03-26,"Card payment",Unknown,26977.76,3346048.09,Unknown,BR0952
TXN000000799,ACC0022261,CUST026644,2025-07-09,Withdrawal,ATM,273788.82,5555307.52,Pending,BR0685
TXN000000800,ACC0011105,CUST030817,2025-02-09,Deposit,"Internet Banking",162175.51,1372193.57,Success,BR0095
TXN000000801,ACC0036389,CUST085492,2022-07-03,Deposit,Unknown,6823.37,4896807.68,Success,BR0169
TXN000000802,ACC0127321,CUST045589,2022-11-13,Upi,"Internet Banking",23014.09,1858297.23,Success,BR0941
TXN000000803,ACC0089758,CUST089150,2022-02-10,Upi,ATM,53170.80,2973232.79,Success,BR0565
TXN000000804,ACC0129072,CUST024664,2023-01-13,Deposit,UPI,108461.28,3149177.24,Success,BR0003
TXN000000805,ACC0097239,CUST071239,2023-12-06,Withdrawal,Branch,222479.35,4556749.45,Success,BR0676
TXN000000806,ACC0072729,CUST082506,2023-08-11,Transfer,Unknown,183901.62,4861866.75,Unknown,BR0529
TXN000000807,ACC0036653,CUST093116,2023-02-04,Deposit,ATM,145772.44,5732385.81,Pending,BR0318
TXN000000808,ACC0051623,CUST066127,2022-06-06,"Card payment",ATM,137813.90,539012.34,Reversed,BR0282
TXN000000809,ACC0084229,CUST011188,2025-03-06,"Card payment",Unknown,233277.07,2811025.15,Success,BR0998
TXN000000810,ACC0107406,CUST038302,2023-12-27,Unknown,"Mobile App",211315.45,2211403.90,Unknown,BR0378
TXN000000811,ACC0128903,CUST037826,2024-11-06,Unknown,Unknown,182233.86,130660.70,Failed,BR0164
TXN000000812,ACC0040385,CUST012152,2025-12-10,Withdrawal,ATM,268980.98,5777513.86,Success,BR0757
TXN000000813,ACC0019560,CUST025191,2023-10-30,"Loan payment",Branch,102412.30,851784.80,Success,BR0416
TXN000000814,ACC0082786,CUST099689,2024-05-05,Upi,"Internet Banking",279347.03,1313626.13,Unknown,BR0869
TXN000000815,ACC0056510,CUST068714,2023-01-26,Upi,UPI,115887.99,2879214.78,Unknown,BR0578
TXN000000816,ACC0108054,CUST076612,2023-03-04,"Atm withdrawal",Branch,68573.74,735637.45,Success,BR0931
TXN000000817,ACC0085970,CUST064970,2024-09-04,Unknown,"Mobile App",215812.60,4024597.57,Success,BR0958
TXN000000818,ACC0126174,CUST006603,2022-06-26,Deposit,ATM,39185.29,3020675.15,Reversed,BR0379
TXN000000819,ACC0100332,CUST097010,2025-08-07,Deposit,ATM,188881.88,1729871.12,Reversed,BR0543
TXN000000820,ACC0073071,CUST021481,2024-04-28,Upi,ATM,85402.79,1787031.53,Reversed,BR0674
TXN000000821,ACC0051322,CUST039548,2025-07-25,Upi,POS,37368.24,5909202.47,Reversed,BR0474
TXN000000822,ACC0020910,CUST021255,2022-02-15,Transfer,Unknown,98767.92,5033261.35,Success,BR0267
TXN000000823,ACC0093712,CUST040014,2024-05-04,"Atm withdrawal","Mobile App",202920.07,1807996.10,Unknown,BR0110
TXN000000824,ACC0049910,CUST002080,2025-01-03,Unknown,POS,23815.74,3534432.73,Pending,BR0607
TXN000000825,ACC0120085,CUST081105,2022-03-20,Deposit,ATM,0.00,1036307.81,Pending,BR0387
TXN000000826,ACC0084684,CUST080541,2024-06-23,Transfer,Unknown,218974.95,2340711.75,Unknown,BR0267
TXN000000827,ACC0032977,CUST080587,2024-11-26,Withdrawal,POS,223091.35,4396882.37,Pending,BR0334
TXN000000828,ACC0102708,CUST068482,2022-08-22,Upi,"Mobile App",105330.07,1817408.89,Success,BR0868
TXN000000829,ACC0005420,CUST021832,2023-04-20,Unknown,UPI,129096.06,2488912.40,Failed,BR0983
TXN000000830,ACC0088483,CUST090297,2023-05-21,Unknown,ATM,17506.46,2866385.63,Success,BR0002
TXN000000831,ACC0086447,CUST088522,2023-01-23,"Loan payment","Internet Banking",75610.10,3977780.40,Pending,BR0133
TXN000000832,ACC0083256,CUST063158,2025-07-11,"Atm withdrawal","Mobile App",239544.16,377442.63,Reversed,BR0983
TXN000000833,ACC0065573,CUST045534,2023-12-04,Upi,Unknown,110992.81,2897230.53,Success,BR0854
TXN000000834,ACC0126736,CUST032887,2024-03-26,Withdrawal,UPI,233002.94,4238345.99,Reversed,BR0962
TXN000000835,ACC0074935,CUST032943,2024-11-17,Deposit,ATM,93982.75,3945105.05,Reversed,BR0166
TXN000000836,ACC0108896,CUST091667,2022-06-06,Upi,ATM,136043.12,3092594.88,Unknown,BR0291
TXN000000837,ACC0004788,CUST093349,2023-07-26,Deposit,Unknown,241540.78,62285.14,Reversed,BR0916
TXN000000838,ACC0126037,CUST041407,2023-11-13,"Loan payment",POS,222270.83,0.00,Success,BR0831
TXN000000839,ACC0092775,CUST083414,2023-10-07,Unknown,"Internet Banking",125384.00,3420915.74,Success,BR0797
TXN000000840,ACC0069257,CUST056045,2025-02-25,Upi,POS,38240.86,2141410.23,Failed,BR0330
TXN000000841,ACC0061647,CUST019143,2023-08-27,"Loan payment",Unknown,148225.88,4758731.65,Success,BR0844
TXN000000842,ACC0123239,CUST039761,2025-03-19,Withdrawal,"Mobile App",272456.55,5004508.91,Reversed,BR0732
TXN000000843,ACC0118726,CUST016606,2022-11-05,Upi,ATM,127800.31,1011866.08,Success,BR0090
TXN000000844,ACC0074468,CUST062954,2025-11-02,"Card payment","Mobile App",298208.84,3443676.95,Success,BR0175
TXN000000845,ACC0003197,CUST021691,2023-11-14,Transfer,ATM,211240.52,5081891.26,Failed,BR0459
TXN000000846,ACC0052342,CUST038919,2025-08-18,Transfer,"Mobile App",6885.37,592665.20,Unknown,BR0579
TXN000000847,ACC0032292,CUST009267,2022-12-04,"Atm withdrawal","Internet Banking",23632.74,4972387.20,Success,BR0648
TXN000000848,ACC0036961,CUST080481,2025-07-09,Unknown,"mobile app",163357.58,3027768.49,Unknown,BR0547
TXN000000849,ACC0026574,CUST062926,2023-04-08,Withdrawal,UPI,15145.56,3487454.12,Success,BR0565
TXN000000850,ACC0060473,CUST078444,2024-07-20,Deposit,UPI,196740.01,878673.08,Success,BR0607
TXN000000851,ACC0082525,CUST034665,2025-12-10,Unknown,UPI,112397.54,4683310.19,Unknown,BR0200
TXN000000852,ACC0066314,CUST003610,2025-01-19,"Loan payment","Mobile App",108482.39,2960114.08,Failed,BR0534
TXN000000853,ACC0086801,CUST023224,2024-05-30,"Card payment",ATM,235259.74,5631414.02,Success,BR0610
TXN000000854,ACC0059916,CUST013303,2023-10-16,"Loan payment","Mobile App",285354.53,3273242.06,Success,BR0368
TXN000000855,ACC0001648,CUST002119,2023-05-08,"Loan payment",ATM,18261.27,4085226.38,Success,BR0547
TXN000000856,ACC0092883,CUST040567,2022-04-12,"Loan payment",ATM,263274.42,4724075.67,Success,BR0695
TXN000000857,ACC0105220,CUST031947,2025-12-19,Withdrawal,UPI,113082.93,4381336.77,Success,BR0133
TXN000000858,ACC0024131,CUST058140,2023-06-22,Deposit,UPI,134718.53,4674880.28,Success,BR0750
TXN000000859,ACC0127051,CUST067039,2025-07-25,Transfer,Branch,69510.08,2037331.66,Success,BR0644
TXN000000860,ACC0063566,CUST053293,2024-12-27,Upi,UPI,128345.93,2682406.34,Success,BR0080
TXN000000861,ACC0017233,CUST095563,2024-11-09,Withdrawal,UPI,297851.28,3561699.62,Success,BR0763
TXN000000862,ACC0103131,CUST022003,2024-01-22,Withdrawal,ATM,124523.45,5632464.77,Success,BR0511
TXN000000863,ACC0038762,CUST043986,2022-01-30,Unknown,"Mobile App",272652.75,5821582.85,Success,BR0703
TXN000000864,ACC0007599,CUST092451,2023-08-19,"Card payment",ATM,94599.23,1593993.16,Pending,BR0805
TXN000000865,ACC0072066,CUST022251,2024-08-27,Withdrawal,"Internet Banking",32591.11,2111919.57,Success,BR0719
TXN000000866,ACC0019489,CUST002580,2022-02-28,Withdrawal,"Mobile App",182001.20,1283561.27,Success,BR0524
TXN000000867,ACC0031456,CUST034251,2023-02-22,Transfer,POS,115613.38,804320.87,Unknown,BR0324
TXN000000868,ACC0029179,CUST066216,2024-03-22,"Loan payment",POS,55649.31,2167072.48,Success,BR0568
TXN000000869,ACC0074535,CUST009450,2025-11-28,"Card payment",ATM,79287.62,0.00,Success,BR0987
TXN000000870,ACC0101865,CUST064028,2023-10-11,Deposit,Branch,59253.14,5568171.98,Unknown,BR0709
TXN000000871,ACC0017938,CUST024009,2023-08-31,"Card payment",UPI,287803.43,5070386.29,Success,BR0395
TXN000000872,ACC0103848,CUST034175,2023-12-13,Unknown,POS,275490.73,30784.58,Unknown,BR0586
TXN000000873,ACC0119933,CUST051191,2024-12-11,Unknown,Branch,127944.12,5736461.48,Reversed,BR0641
TXN000000874,ACC0026351,CUST026162,2022-07-28,Transfer,"mobile app",121509.95,3603634.45,Success,BR0795
TXN000000875,ACC0115115,CUST020545,2025-08-15,Unknown,"mobile app",52293.37,4182672.86,Success,BR0781
TXN000000876,ACC0082114,CUST072253,2023-08-04,"Atm withdrawal",Branch,252473.58,3462766.43,Success,BR0111
TXN000000877,ACC0064422,CUST090989,2024-04-19,Withdrawal,"Mobile App",167150.68,4625536.66,Unknown,BR0924
TXN000000878,ACC0114245,CUST057602,2024-02-25,Deposit,ATM,161953.85,1242932.29,Pending,BR0558
TXN000000879,ACC0109494,CUST001109,2025-01-26,Withdrawal,POS,125619.01,5521823.37,Success,BR0747
TXN000000880,ACC0125125,CUST099135,2023-10-31,Withdrawal,Branch,196571.11,4980160.15,Pending,BR0303
TXN000000881,ACC0086069,CUST021596,2025-03-24,Unknown,POS,286474.82,2188828.42,Failed,BR0463
TXN000000882,ACC0064942,CUST082753,2025-08-16,"Card payment","mobile app",657.86,107604.15,Success,BR0856
TXN000000883,ACC0043765,CUST077451,2024-04-28,Upi,Branch,13683.58,124582.72,Reversed,BR0452
TXN000000884,ACC0120062,CUST015550,2024-11-16,Transfer,Branch,102609.76,3979906.84,Success,BR0045
TXN000000885,ACC0084079,CUST037910,2022-03-20,"Card payment",ATM,45306.17,945799.04,Failed,BR0011
TXN000000886,ACC0015757,CUST087430,2024-01-24,"Loan payment",Branch,248314.25,2193148.19,Success,BR0943
TXN000000887,ACC0099234,CUST027107,2024-02-10,Deposit,UPI,148260.18,277101.43,Success,BR0969
TXN000000888,ACC0067824,CUST054826,2022-05-19,"Loan payment",POS,296472.36,4858133.11,Success,BR0999
TXN000000889,ACC0090274,CUST039727,2025-11-02,"Card payment",ATM,114125.76,4227787.80,Reversed,BR0014
TXN000000890,ACC0110778,CUST080450,2023-04-06,"Loan payment","Internet Banking",13310.54,58376.40,Success,BR0416
TXN000000891,ACC0070331,CUST066206,2022-02-28,Deposit,Branch,196785.40,2083200.79,Unknown,BR0883
TXN000000892,ACC0080023,CUST059546,2022-11-19,Upi,"Mobile App",19058.93,5823096.75,Success,BR0722
TXN000000893,ACC0030317,CUST035875,2023-02-06,Unknown,Branch,176960.23,4210154.50,Success,BR0575
TXN000000894,ACC0022250,CUST004065,NULL,Transfer,POS,256866.34,3973278.43,Success,BR0346
TXN000000895,ACC0096031,CUST004612,2023-03-15,Transfer,Branch,272137.97,2374246.31,Reversed,BR0237
TXN000000896,ACC0053856,CUST040911,2022-04-10,Deposit,Branch,222648.30,303863.86,Success,BR0707
TXN000000897,ACC0069238,CUST013427,2025-05-13,Upi,ATM,164087.73,2158371.94,Pending,BR0974
TXN000000898,ACC0106851,CUST077356,2024-07-22,Upi,Unknown,171558.38,3959928.02,Failed,BR0829
TXN000000899,ACC0104336,CUST049571,2024-10-30,Unknown,ATM,78590.61,4863471.52,Pending,BR0915
TXN000000900,ACC0084059,CUST011782,2024-11-28,"Atm withdrawal","Mobile App",46539.09,4267136.05,Failed,BR0874
TXN000000901,ACC0040723,CUST055121,2025-09-25,"Loan payment","Mobile App",51878.34,2014218.62,Reversed,BR0704
TXN000000902,ACC0123587,CUST048544,2022-11-22,Deposit,ATM,177456.73,1383021.80,Reversed,BR0661
TXN000000903,ACC0029301,CUST076064,2023-07-06,Upi,UPI,82135.38,4415074.53,Failed,BR0174
TXN000000904,ACC0123624,CUST077435,2025-06-25,"Atm withdrawal","mobile app",97875.27,545657.52,Pending,BR0769
TXN000000905,ACC0087794,CUST049957,2023-11-16,Upi,"mobile app",210833.10,2295683.01,Reversed,BR0525
TXN000000906,ACC0034507,CUST086401,2022-06-19,"Card payment",ATM,211880.79,2498970.70,Success,BR0664
TXN000000907,ACC0022489,CUST015418,2022-08-22,Withdrawal,ATM,186453.40,1326692.76,Reversed,BR0733
TXN000000908,ACC0097099,CUST046975,2022-03-25,Withdrawal,"Mobile App",257270.50,800815.10,Failed,BR0509
TXN000000909,ACC0022389,CUST002713,2023-05-18,"Loan payment","Internet Banking",287571.44,222419.90,Failed,BR0551
TXN000000910,ACC0021256,CUST026927,2025-04-07,Upi,"Mobile App",167540.70,2099479.26,Success,BR0138
TXN000000911,ACC0040207,CUST004037,2022-03-05,Withdrawal,UPI,64118.64,1978517.19,Pending,BR0022
TXN000000912,ACC0020524,CUST056523,2024-03-16,Unknown,ATM,131200.53,4573750.21,Success,BR0293
TXN000000913,ACC0093637,CUST015445,2022-11-29,Transfer,"Mobile App",185123.27,3085042.10,Reversed,BR0043
TXN000000914,ACC0034373,CUST048577,2023-03-20,"Loan payment","mobile app",147418.05,5798291.12,Success,BR0440
TXN000000915,ACC0121970,CUST032994,2023-04-30,Withdrawal,POS,231595.95,2228702.74,Success,BR0629
TXN000000916,ACC0069606,CUST051846,2024-06-11,Deposit,POS,222211.44,752057.49,Success,BR0678
TXN000000917,ACC0075674,CUST070520,2023-04-19,"Loan payment",Branch,161115.46,80063.25,Success,BR0568
TXN000000918,ACC0108212,CUST066866,2022-08-25,Unknown,Branch,52603.44,5478959.95,Failed,BR0962
TXN000000919,ACC0088277,CUST060432,2025-03-04,Deposit,"Mobile App",124110.04,0.00,Success,BR0598
TXN000000920,ACC0021162,CUST004700,2024-09-09,"Loan payment",UPI,194108.41,4903827.11,Unknown,BR0942
TXN000000921,ACC0013050,CUST098658,2023-06-22,Unknown,Branch,78715.06,5992795.58,Success,BR0857
TXN000000922,ACC0084763,CUST062591,2024-04-08,Unknown,"Internet Banking",224670.66,1059686.85,Pending,BR0297
TXN000000923,ACC0024433,CUST036449,2022-11-24,Unknown,"Mobile App",74983.13,5212661.29,Pending,BR0445
TXN000000924,ACC0064620,CUST048173,2025-09-28,Withdrawal,ATM,261170.86,1229534.31,Success,BR0843
TXN000000925,ACC0048022,CUST055130,2025-03-10,"Atm withdrawal",POS,288669.03,4674877.81,Failed,BR0023
TXN000000926,ACC0031190,CUST073332,2022-07-28,Upi,ATM,169044.38,5077393.63,Success,BR0312
TXN000000927,ACC0024383,CUST045304,2025-08-31,Deposit,"Internet Banking",233616.53,5972755.09,Success,BR0859
TXN000000928,ACC0053086,CUST025982,2025-05-25,Deposit,"mobile app",203889.06,2419819.89,Success,BR0093
TXN000000929,ACC0051772,CUST011853,2024-01-11,"Loan payment",Branch,53597.80,2113818.22,Unknown,BR0583
TXN000000930,ACC0108300,CUST091719,2022-07-10,Transfer,POS,86375.43,1787615.87,Success,BR0851
TXN000000931,ACC0107275,CUST012907,2023-06-12,"Card payment","Internet Banking",0.00,2752510.30,Reversed,BR0842
TXN000000932,ACC0063718,CUST029775,2022-03-01,"Atm withdrawal",Unknown,163019.27,625896.57,Reversed,BR0920
TXN000000933,ACC0063448,CUST078464,2024-01-29,Deposit,UPI,70251.94,0.00,Success,BR0308
TXN000000934,ACC0065982,CUST018973,2025-11-02,Withdrawal,Unknown,277720.41,4204776.65,Reversed,BR0468
TXN000000935,ACC0002624,CUST030525,2022-09-02,Withdrawal,"mobile app",158854.71,4891827.12,Success,BR0597
TXN000000936,ACC0073988,CUST069667,2024-06-28,"Loan payment",Unknown,170857.05,3233337.23,Unknown,BR0512
TXN000000937,ACC0098688,CUST004731,2024-02-19,"Atm withdrawal",Branch,98433.97,4366734.09,Unknown,BR0711
TXN000000938,ACC0076582,CUST069404,2024-03-07,Upi,"mobile app",100036.87,1305544.95,Success,BR0612
TXN000000939,ACC0115013,CUST093783,2022-07-26,Transfer,ATM,277019.16,4140763.81,Reversed,BR0378
TXN000000940,ACC0057215,CUST026787,2025-02-15,"Loan payment",ATM,240346.09,1180341.12,Reversed,BR0380
TXN000000941,ACC0030063,CUST067803,2024-07-11,"Loan payment",Unknown,99752.66,2906128.28,Success,BR0363
TXN000000942,ACC0049034,CUST046177,2022-02-14,Withdrawal,Unknown,51229.49,5145013.47,Failed,BR0728
TXN000000943,ACC0121127,CUST002877,2022-01-03,Unknown,"Internet Banking",2730.07,1430071.45,Reversed,BR0527
TXN000000944,ACC0110251,CUST049237,2025-11-28,"Atm withdrawal",ATM,168817.84,3820715.79,Failed,BR0540
TXN000000945,ACC0004333,CUST085638,2023-10-19,Withdrawal,POS,229987.75,3829956.52,Success,BR0654
TXN000000946,ACC0102560,CUST022166,2022-11-10,Withdrawal,Unknown,3359.62,2248690.79,Unknown,BR0358
TXN000000947,ACC0095273,CUST087895,2025-01-25,Upi,ATM,135651.31,5006635.44,Success,BR0250
TXN000000948,ACC0023965,CUST019391,2023-08-31,"Loan payment",Unknown,38760.85,4941226.39,Pending,BR0687
TXN000000949,ACC0019906,CUST071911,2022-09-14,"Loan payment","Mobile App",160045.68,2216260.26,Success,BR0464
TXN000000950,ACC0111409,CUST005689,2025-09-09,Deposit,UPI,6884.94,4005015.09,Reversed,BR0133
TXN000000951,ACC0101710,CUST024765,2023-11-23,Upi,"Mobile App",51587.13,353428.91,Failed,BR0483
TXN000000952,ACC0019315,CUST054267,2024-08-02,Withdrawal,"Internet Banking",293797.83,5896539.54,Failed,BR0461
TXN000000953,ACC0121367,CUST014802,2024-12-03,Upi,POS,183086.09,3950285.00,Reversed,BR0405
TXN000000954,ACC0103910,CUST020143,2025-11-22,Withdrawal,"Mobile App",268416.99,2671199.74,Success,BR0176
TXN000000955,ACC0082017,CUST013887,2023-10-11,Upi,"Internet Banking",296350.50,4068623.72,Unknown,BR0366
TXN000000956,ACC0058654,CUST037717,2023-07-16,Upi,POS,231246.96,76256.53,Unknown,BR0944
TXN000000957,ACC0031016,CUST061540,2023-05-29,"Loan payment",UPI,164080.56,1935405.78,Unknown,BR0497
TXN000000958,ACC0002502,CUST069092,2022-10-13,Unknown,ATM,288892.63,5100529.29,Failed,BR0562
TXN000000959,ACC0104176,CUST032961,2024-06-10,Transfer,Branch,172913.92,5188936.01,Success,BR0435
TXN000000960,ACC0094362,CUST005430,2022-03-26,Unknown,Branch,260876.47,5408339.26,Reversed,BR0227
TXN000000961,ACC0091936,CUST085857,2023-04-27,Withdrawal,"mobile app",218078.63,5533448.08,Success,BR0362
TXN000000962,ACC0103434,CUST073273,2025-03-13,"Loan payment",ATM,106224.54,1875227.31,Success,BR0964
TXN000000963,ACC0042919,CUST067842,2023-09-20,"Atm withdrawal","Mobile App",254491.34,3481740.75,Success,BR0367
TXN000000964,ACC0044353,CUST044096,2022-09-14,Deposit,Unknown,41835.87,4237748.80,Failed,BR0901
TXN000000965,ACC0120521,CUST064577,2025-02-27,Upi,Unknown,228492.65,0.00,Success,BR0038
TXN000000966,ACC0085551,CUST067520,2023-05-18,Deposit,"mobile app",231431.15,5525145.76,Unknown,BR0510
TXN000000967,ACC0034650,CUST049871,2025-11-16,"Atm withdrawal",Branch,232824.25,3956139.36,Pending,BR0109
TXN000000968,ACC0104782,CUST090077,2023-05-25,Unknown,Branch,211392.27,554298.84,Pending,BR0882
TXN000000969,ACC0048695,CUST049596,2022-11-10,Withdrawal,ATM,177981.66,1496016.65,Pending,BR0144
TXN000000970,ACC0090251,CUST091443,2023-10-15,Withdrawal,"Mobile App",13825.61,1995009.04,Success,BR0101
TXN000000971,ACC0067223,CUST088014,2025-11-08,Unknown,ATM,79338.13,2422371.28,Success,BR0497
TXN000000972,ACC0015201,CUST087294,2024-06-08,Deposit,"Internet Banking",36985.47,3547170.17,Failed,BR0460
TXN000000973,ACC0097478,CUST042641,2024-01-17,"Card payment",UPI,268015.13,342215.24,Success,BR0043
TXN000000974,ACC0043760,CUST039640,2022-12-31,Unknown,POS,144215.62,2469537.53,Success,BR0533
TXN000000975,ACC0114715,CUST095521,2022-06-07,Unknown,"Mobile App",16068.38,530262.87,Success,BR0917
TXN000000976,ACC0052223,CUST010257,2022-07-09,Withdrawal,"Mobile App",18908.55,5688699.16,Pending,BR0030
TXN000000977,ACC0105353,CUST077928,2025-06-10,Deposit,"mobile app",62427.96,2092201.01,Success,BR0383
TXN000000978,ACC0110159,CUST094721,2022-05-13,Withdrawal,POS,218276.15,2758411.11,Success,BR0167
TXN000000979,ACC0090774,CUST078872,2025-07-12,Upi,UPI,158265.16,711603.30,Success,BR0392
TXN000000980,ACC0003131,CUST048910,2022-08-02,"Loan payment",UPI,253777.48,2654430.96,Pending,BR0156
TXN000000981,ACC0070946,CUST026205,2025-06-25,"Loan payment","mobile app",96578.25,4348826.60,Pending,BR0929
TXN000000982,ACC0066934,CUST044957,2025-01-28,"Loan payment",UPI,190210.17,3223957.15,Failed,BR0616
TXN000000983,ACC0005578,CUST099037,2025-12-16,Transfer,"Mobile App",144223.17,5087411.69,Failed,BR0609
TXN000000984,ACC0025250,CUST065679,2022-05-28,Deposit,Unknown,187026.90,4101298.62,Success,BR0777
TXN000000985,ACC0118020,CUST076074,2025-08-06,"Atm withdrawal","Mobile App",94683.89,3101882.12,Unknown,BR0373
TXN000000986,ACC0075893,CUST023949,2025-06-30,Deposit,"Internet Banking",200366.83,2532886.98,Success,BR0931
TXN000000987,ACC0065654,CUST042538,2024-05-19,Unknown,ATM,244948.93,3995125.46,Success,BR0197
TXN000000988,ACC0077632,CUST047557,2024-07-29,Deposit,UPI,180136.23,4971012.76,Reversed,BR0719
TXN000000989,ACC0114545,CUST052850,2023-04-11,"Card payment","Mobile App",285770.25,5622378.66,Unknown,BR0679
TXN000000990,ACC0047355,CUST051767,2024-06-15,Deposit,Unknown,272018.63,5836277.19,Unknown,BR0815
TXN000000991,ACC0080178,CUST015106,2025-03-12,"Card payment",UPI,299913.18,938442.56,Unknown,BR0674
TXN000000992,ACC0003682,CUST044538,2024-12-06,Deposit,UPI,172232.87,1647833.32,Pending,BR0781
TXN000000993,ACC0111263,CUST003058,2025-12-10,Upi,POS,238424.04,254578.32,Success,BR0709
TXN000000994,ACC0048020,CUST066765,2022-09-02,Unknown,"Internet Banking",106516.85,4102153.68,Reversed,BR0004
TXN000000995,ACC0104101,CUST005988,2023-03-12,Transfer,ATM,85497.01,4667431.49,Pending,BR0335
TXN000000996,ACC0005685,CUST093538,2025-03-22,"Loan payment",POS,65439.22,919759.07,Reversed,BR0385
TXN000000997,ACC0014100,CUST005932,2024-08-25,"Card payment",ATM,224492.25,5413383.28,Unknown,BR0679
TXN000000998,ACC0119759,CUST090734,2024-10-23,"Card payment",ATM,0.00,2926348.91,Success,BR0008
TXN000000999,ACC0075400,CUST054057,2023-08-01,Unknown,"Mobile App",92023.14,4574187.79,Unknown,BR0374
TXN000001000,ACC0057828,CUST065647,2022-05-07,Withdrawal,"Mobile App",211533.59,160956.03,Failed,BR0203
