Branch_ID,Branch_Name,Customer_ID,Customer_Name,Total_Spent,Spending_rank
BR0001,"Jodhpur Branch 1",CUST078255,"Simran Patel",489162.13,1
BR0001,"Jodhpur Branch 1",CUST022100,"Kavita Patel",464031.48,2
BR0001,"Jodhpur Branch 1",CUST024027,"Nikhil Patel",299922.56,3
BR0002,"Mumbai Branch 2",CUST093322,"Meena Choudhary",572599.06,1
BR0002,"Mumbai Branch 2",CUST002648,"Ankit Joshi",372547.14,2
BR0002,"Mumbai Branch 2",CUST064622,"Amit Rathore",356873.82,3
BR0003,"Pune Branch 3",CUST001778,"Rahul Jain",333350.25,1
BR0003,"Pune Branch 3",CUST048343,"Amit Rathore",310681.60,2
BR0003,"Pune Branch 3",CUST074445,"Vikas Sharma",299839.79,3
BR0004,"Pune Branch 4",CUST034216,"Komal Verma",386190.42,1
BR0004,"Pune Branch 4",CUST073563,"Pawan Bansal",374922.36,2
BR0004,"Pune Branch 4",CUST089807,"Manish Verma",313729.27,3
BR0005,"Chennai Branch 5",CUST074269,"Karan Joshi",529278.62,1
BR0005,"Chennai Branch 5",CUST020778,"Suresh Choudhary",504159.20,2
BR0005,"Chennai Branch 5",CUST044442,"Pooja Choudhary",488577.82,3
BR0006,"Jaipur Branch 6",CUST090728,"Deepak Malhotra",461752.64,1
BR0006,"Jaipur Branch 6",CUST053067,"Priya Yadav",400270.93,2
BR0006,"Jaipur Branch 6",CUST084403,"Sneha Agarwal",391720.78,3
BR0007,"Indore Branch 7",CUST045971,"Shreya Agarwal",570269.82,1
BR0007,"Indore Branch 7",CUST062161,"Meena Mehta",432968.79,2
BR0007,"Indore Branch 7",CUST009692,"Pawan Sharma",375619.51,3
BR0008,"Jodhpur Branch 8",CUST023487,"Riya Yadav",546353.72,1
BR0008,"Jodhpur Branch 8",CUST000830,"Deepak Jain",507639.52,2
BR0008,"Jodhpur Branch 8",CUST082551,"Suresh Yadav",446312.42,3
BR0009,"Surat Branch 9",CUST043916,"Priya Joshi",399044.43,1
BR0009,"Surat Branch 9",CUST069719,"Vivek Mehta",391532.98,2
BR0009,"Surat Branch 9",CUST097052,"Nikhil Bansal",380844.49,3
BR0010,"Pune Branch 10",CUST037754,"Rohit Jain",480214.17,1
BR0010,"Pune Branch 10",CUST060665,"Karan Jain",401528.19,2
BR0010,"Pune Branch 10",CUST053302,"Kavita Sharma",363658.94,3
BR0011,"Bengaluru Branch 11",CUST069841,"Vivek Bansal",544872.87,1
BR0011,"Bengaluru Branch 11",CUST068563,"Manish Tiwari",299901.47,2
BR0011,"Bengaluru Branch 11",CUST062920,"Pooja Mishra",299831.59,3
BR0012,"Indore Branch 12",CUST094213,"Pooja Mishra",554650.43,1
BR0012,"Indore Branch 12",CUST018263,"Simran Mehta",496292.25,2
BR0012,"Indore Branch 12",CUST073806,"Rohit Mishra",489467.77,3
BR0013,"Chennai Branch 13",CUST064580,"Anjali Jain",579947.00,1
BR0013,"Chennai Branch 13",CUST003651,"Pooja Sharma",365238.79,2
BR0013,"Chennai Branch 13",CUST077227,"Simran Sharma",346789.28,3
BR0014,"Surat Branch 14",CUST082475,"Kavita Sharma",373585.10,1
BR0014,"Surat Branch 14",CUST098073,"Meena Agarwal",299962.01,2
BR0014,"Surat Branch 14",CUST000609,"Arjun Tiwari",299824.94,3
BR0015,"Surat Branch 15",CUST086250,"Amit Agarwal",454909.51,1
BR0015,"Surat Branch 15",CUST006708,"Arjun Gupta",299872.33,2
BR0015,"Surat Branch 15",CUST034191,"Ankit Rathore",299606.56,3
BR0016,"Jodhpur Branch 16",CUST046739,"Neha Gupta",469100.10,1
BR0016,"Jodhpur Branch 16",CUST072172,"Meena Yadav",370191.68,2
BR0016,"Jodhpur Branch 16",CUST080232,"Manish Mishra",363134.46,3
BR0017,"Hyderabad Branch 17",CUST010751,"Vivek Malhotra",299516.15,1
BR0017,"Hyderabad Branch 17",CUST085647,"Priya Agarwal",298877.80,2
BR0017,"Hyderabad Branch 17",CUST095970,"Amit Tiwari",298725.40,3
BR0018,"Kota Branch 18",CUST001464,"Priya Yadav",434160.92,1
BR0018,"Kota Branch 18",CUST054812,"Manish Kumar",299397.02,2
BR0018,"Kota Branch 18",CUST056664,"Simran Rathore",299076.26,3
BR0019,"Indore Branch 19",CUST023734,"Kavita Yadav",444520.31,1
BR0019,"Indore Branch 19",CUST073256,"Sneha Gupta",329334.89,2
BR0019,"Indore Branch 19",CUST087130,"Neha Bansal",299434.28,3
BR0020,"Kota Branch 20",CUST057449,"Sneha Kumar",370603.59,1
BR0020,"Kota Branch 20",CUST074524,"Neha Malhotra",314348.31,2
BR0020,"Kota Branch 20",CUST079732,"Nikhil Kumar",299433.17,3
BR0021,"Kolkata Branch 21",CUST041221,"Rohit Mehta",539320.49,1
BR0021,"Kolkata Branch 21",CUST024734,"Meena Patel",327145.40,2
BR0021,"Kolkata Branch 21",CUST095430,"Sneha Joshi",299978.03,3
BR0022,"Chandigarh Branch 22",CUST025869,"Pawan Gupta",534086.65,1
BR0022,"Chandigarh Branch 22",CUST005686,"Pawan Gupta",386551.10,2
BR0022,"Chandigarh Branch 22",CUST024515,"Kavita Gupta",339054.99,3
BR0023,"Mumbai Branch 23",CUST049033,"Karan Singh",551192.69,1
BR0023,"Mumbai Branch 23",CUST018259,"Rahul Singh",537062.38,2
BR0023,"Mumbai Branch 23",CUST025918,"Ankit Sharma",334442.99,3
BR0024,"Jaipur Branch 24",CUST017318,"Meena Rathore",555672.66,1
BR0024,"Jaipur Branch 24",CUST066256,"Neha Patel",356895.79,2
BR0024,"Jaipur Branch 24",CUST059673,"Riya Sharma",305128.89,3
BR0025,"Mumbai Branch 25",CUST095224,"Amit Bansal",566240.42,1
BR0025,"Mumbai Branch 25",CUST009141,"Priya Saini",543781.80,2
BR0025,"Mumbai Branch 25",CUST075048,"Priya Rathore",464088.94,3
BR0026,"Bengaluru Branch 26",CUST023793,"Amit Rathore",551365.92,1
BR0026,"Bengaluru Branch 26",CUST041198,"Kavita Malhotra",531976.77,2
BR0026,"Bengaluru Branch 26",CUST040977,"Karan Tiwari",488606.10,3
BR0027,"Alwar Branch 27",CUST098095,"Riya Malhotra",516316.43,1
BR0027,"Alwar Branch 27",CUST018979,"Anjali Tiwari",298642.03,2
BR0027,"Alwar Branch 27",CUST017417,"Deepak Kumar",298622.22,3
BR0028,"Indore Branch 28",CUST008499,"Deepak Mishra",526331.30,1
BR0028,"Indore Branch 28",CUST042214,"Riya Yadav",469202.99,2
BR0028,"Indore Branch 28",CUST082706,"Nikhil Mishra",451039.63,3
BR0029,"Lucknow Branch 29",CUST082694,"Manish Choudhary",454255.52,1
BR0029,"Lucknow Branch 29",CUST042870,"Sneha Mehta",422539.69,2
BR0029,"Lucknow Branch 29",CUST078205,"Arjun Bansal",322861.71,3
BR0030,"Jodhpur Branch 30",CUST070099,"Amit Bansal",436661.76,1
BR0030,"Jodhpur Branch 30",CUST042679,"Vikas Jain",415875.91,2
BR0030,"Jodhpur Branch 30",CUST024704,"Rohit Singh",349049.56,3
BR0031,"Hyderabad Branch 31",CUST061420,"Amit Patel",510600.45,1
BR0031,"Hyderabad Branch 31",CUST038350,"Arjun Verma",485148.56,2
BR0031,"Hyderabad Branch 31",CUST002170,"Sneha Verma",392445.16,3
BR0032,"Kota Branch 32",CUST014737,"Nikhil Yadav",299945.13,1
BR0032,"Kota Branch 32",CUST074174,"Ankit Malhotra",299908.22,2
BR0032,"Kota Branch 32",CUST011919,"Shreya Sharma",299817.28,3
BR0033,"Pune Branch 33",CUST014883,"Riya Malhotra",324150.09,1
BR0033,"Pune Branch 33",CUST009596,"Shreya Sharma",299118.14,2
BR0033,"Pune Branch 33",CUST024671,"Sneha Verma",299073.61,3
BR0034,"Chennai Branch 34",CUST022572,"Neha Choudhary",543505.94,1
BR0034,"Chennai Branch 34",CUST047295,"Suresh Mishra",534369.88,2
BR0034,"Chennai Branch 34",CUST080523,"Suresh Rathore",299127.74,3
BR0035,"Chandigarh Branch 35",CUST063232,"Deepak Rathore",487575.54,1
BR0035,"Chandigarh Branch 35",CUST052866,"Pooja Kumar",406697.02,2
BR0035,"Chandigarh Branch 35",CUST014265,"Suresh Jain",344444.66,3
BR0036,"Chennai Branch 36",CUST018218,"Sneha Malhotra",523957.37,1
BR0036,"Chennai Branch 36",CUST062927,"Anjali Malhotra",516413.29,2
BR0036,"Chennai Branch 36",CUST085887,"Ankit Jain",351880.36,3
BR0037,"Lucknow Branch 37",CUST027490,"Riya Choudhary",370598.84,1
BR0037,"Lucknow Branch 37",CUST011436,"Pooja Joshi",299597.90,2
BR0037,"Lucknow Branch 37",CUST065141,"Nikhil Verma",299448.64,3
BR0038,"Alwar Branch 38",CUST072051,"Meena Bansal",468620.54,1
BR0038,"Alwar Branch 38",CUST088936,"Rohit Kumar",457004.14,2
BR0038,"Alwar Branch 38",CUST071563,"Manish Verma",365523.70,3
BR0039,"Jaipur Branch 39",CUST030921,"Vikas Mishra",424535.82,1
BR0039,"Jaipur Branch 39",CUST084533,"Komal Agarwal",395666.49,2
BR0039,"Jaipur Branch 39",CUST022620,"Amit Saini",299886.54,3
BR0040,"Ahmedabad Branch 40",CUST083743,"Arjun Joshi",558193.18,1
BR0040,"Ahmedabad Branch 40",CUST097265,"Ankit Yadav",299991.12,2
BR0040,"Ahmedabad Branch 40",CUST070867,"Shreya Rathore",299677.48,3
BR0041,"Bengaluru Branch 41",CUST035769,"Deepak Mishra",455886.25,1
BR0041,"Bengaluru Branch 41",CUST050848,"Shreya Yadav",419360.84,2
BR0041,"Bengaluru Branch 41",CUST000811,"Vikas Bansal",374151.12,3
BR0042,"Pune Branch 42",CUST051248,"Anjali Singh",339545.79,1
BR0042,"Pune Branch 42",CUST036369,"Pawan Verma",299994.08,2
BR0042,"Pune Branch 42",CUST047555,"Manish Gupta",298651.58,3
BR0043,"Chennai Branch 43",CUST098982,"Neha Patel",332998.04,1
BR0043,"Chennai Branch 43",CUST032879,"Arjun Mishra",299851.57,2
BR0043,"Chennai Branch 43",CUST041456,"Pawan Mehta",299610.83,3
BR0044,"Udaipur Branch 44",CUST088591,"Ankit Yadav",428844.14,1
BR0044,"Udaipur Branch 44",CUST075128,"Suresh Rathore",372442.97,2
BR0044,"Udaipur Branch 44",CUST059785,"Arjun Choudhary",348026.23,3
BR0045,"Kota Branch 45",CUST036440,"Riya Bansal",592140.92,1
BR0045,"Kota Branch 45",CUST008574,"Nikhil Mishra",398709.73,2
BR0045,"Kota Branch 45",CUST071381,"Karan Bansal",380164.71,3
BR0046,"Bengaluru Branch 46",CUST092894,"Shreya Mishra",440226.74,1
BR0046,"Bengaluru Branch 46",CUST053930,"Arjun Singh",299516.66,2
BR0046,"Bengaluru Branch 46",CUST094460,"Ankit Kumar",299487.41,3
BR0047,"Bengaluru Branch 47",CUST029799,"Nikhil Tiwari",476290.59,1
BR0047,"Bengaluru Branch 47",CUST045931,"Pooja Saini",457652.78,2
BR0047,"Bengaluru Branch 47",CUST044070,"Rahul Rathore",443764.59,3
BR0048,"Delhi Branch 48",CUST098176,"Pooja Singh",401953.04,1
BR0048,"Delhi Branch 48",CUST085445,"Nikhil Sharma",340938.24,2
BR0048,"Delhi Branch 48",CUST038329,"Kavita Yadav",337115.14,3
BR0049,"Surat Branch 49",CUST061208,"Suresh Singh",393590.60,1
BR0049,"Surat Branch 49",CUST080112,"Rohit Malhotra",377416.90,2
BR0049,"Surat Branch 49",CUST055260,"Vivek Choudhary",299979.74,3
BR0050,"Ahmedabad Branch 50",CUST057937,"Simran Mishra",400444.70,1
BR0050,"Ahmedabad Branch 50",CUST067948,"Kavita Gupta",299524.24,2
BR0050,"Ahmedabad Branch 50",CUST059678,"Sneha Yadav",299007.84,3
BR0051,"Chandigarh Branch 51",CUST074761,"Nikhil Kumar",482112.48,1
BR0051,"Chandigarh Branch 51",CUST022966,"Meena Joshi",442770.70,2
BR0051,"Chandigarh Branch 51",CUST022465,"Kavita Agarwal",421281.64,3
BR0052,"Surat Branch 52",CUST020872,"Manish Mehta",389086.14,1
BR0052,"Surat Branch 52",CUST084284,"Nikhil Yadav",299526.20,2
BR0052,"Surat Branch 52",CUST025003,"Neha Yadav",299504.12,3
BR0053,"Chennai Branch 53",CUST043376,"Manish Tiwari",545199.58,1
BR0053,"Chennai Branch 53",CUST096539,"Manish Jain",299095.83,2
BR0053,"Chennai Branch 53",CUST070367,"Karan Rathore",298461.36,3
BR0054,"Hyderabad Branch 54",CUST098355,"Kavita Verma",350181.07,1
BR0054,"Hyderabad Branch 54",CUST023068,"Anjali Yadav",299988.52,2
BR0054,"Hyderabad Branch 54",CUST063952,"Neha Mishra",299907.60,3
BR0055,"Kota Branch 55",CUST087665,"Vikas Verma",503839.12,1
BR0055,"Kota Branch 55",CUST038365,"Shreya Mehta",454844.31,2
BR0055,"Kota Branch 55",CUST019740,"Sneha Bansal",299976.59,3
BR0056,"Alwar Branch 56",CUST079690,"Riya Kumar",407596.75,1
BR0056,"Alwar Branch 56",CUST081594,"Vikas Patel",401394.61,2
BR0056,"Alwar Branch 56",CUST004891,"Sneha Mehta",348322.30,3
BR0057,"Surat Branch 57",CUST073035,"Sneha Gupta",419368.30,1
BR0057,"Surat Branch 57",CUST000432,"Meena Tiwari",386388.35,2
BR0057,"Surat Branch 57",CUST097232,"Pawan Malhotra",375649.74,3
BR0058,"Kota Branch 58",CUST063547,"Neha Saini",368166.78,1
BR0058,"Kota Branch 58",CUST087805,"Neha Gupta",299734.51,2
BR0058,"Kota Branch 58",CUST037003,"Riya Saini",299438.48,3
BR0059,"Surat Branch 59",CUST021375,"Sneha Malhotra",923109.90,1
BR0059,"Surat Branch 59",CUST076600,"Sneha Kumar",843218.02,2
BR0059,"Surat Branch 59",CUST073130,"Arjun Mehta",735472.74,3
BR0060,"Chennai Branch 60",CUST041561,"Priya Yadav",536572.09,1
BR0060,"Chennai Branch 60",CUST010773,"Suresh Verma",524670.26,2
BR0060,"Chennai Branch 60",CUST077098,"Nikhil Mehta",373581.25,3
BR0061,"Hyderabad Branch 61",CUST013522,"Sneha Gupta",519846.09,1
BR0061,"Hyderabad Branch 61",CUST000232,"Amit Sharma",299524.30,2
BR0061,"Hyderabad Branch 61",CUST097825,"Nikhil Tiwari",299480.48,3
BR0062,"Chennai Branch 62",CUST004020,"Karan Singh",539998.79,1
BR0062,"Chennai Branch 62",CUST035778,"Nikhil Saini",298626.19,2
BR0062,"Chennai Branch 62",CUST001773,"Karan Patel",298427.76,3
BR0063,"Mumbai Branch 63",CUST012060,"Deepak Patel",425516.42,1
BR0063,"Mumbai Branch 63",CUST023283,"Vikas Gupta",407468.58,2
BR0063,"Mumbai Branch 63",CUST066874,"Rahul Joshi",407039.15,3
BR0064,"Udaipur Branch 64",CUST068928,"Komal Rathore",310271.37,1
BR0064,"Udaipur Branch 64",CUST065511,"Riya Bansal",299991.97,2
BR0064,"Udaipur Branch 64",CUST042203,"Priya Patel",299179.58,3
BR0065,"Hyderabad Branch 65",CUST076497,"Pawan Yadav",382160.66,1
BR0065,"Hyderabad Branch 65",CUST014450,"Karan Agarwal",337118.12,2
BR0065,"Hyderabad Branch 65",CUST019063,"Karan Agarwal",299924.29,3
BR0066,"Ahmedabad Branch 66",CUST006390,"Shreya Tiwari",502379.13,1
BR0066,"Ahmedabad Branch 66",CUST009650,"Pawan Malhotra",313572.72,2
BR0066,"Ahmedabad Branch 66",CUST048198,"Suresh Joshi",299236.00,3
BR0067,"Udaipur Branch 67",CUST017091,"Priya Rathore",505676.52,1
BR0067,"Udaipur Branch 67",CUST040243,"Arjun Rathore",392253.93,2
BR0067,"Udaipur Branch 67",CUST063942,"Rohit Mishra",307497.16,3
BR0068,"Chandigarh Branch 68",CUST076628,"Rohit Choudhary",399075.10,1
BR0068,"Chandigarh Branch 68",CUST069149,"Pooja Bansal",313220.16,2
BR0068,"Chandigarh Branch 68",CUST019603,"Rahul Malhotra",299966.33,3
BR0069,"Alwar Branch 69",CUST076067,"Pawan Mishra",299520.02,1
BR0069,"Alwar Branch 69",CUST072502,"Priya Agarwal",299320.13,2
BR0069,"Alwar Branch 69",CUST066008,"Meena Mishra",298874.09,3
BR0070,"Jodhpur Branch 70",CUST047992,"Vivek Singh",561605.02,1
BR0070,"Jodhpur Branch 70",CUST057251,"Meena Kumar",470434.41,2
BR0070,"Jodhpur Branch 70",CUST084430,"Kavita Agarwal",299837.25,3
BR0071,"Lucknow Branch 71",CUST015226,"Anjali Gupta",509741.46,1
BR0071,"Lucknow Branch 71",CUST077868,"Vikas Joshi",329633.92,2
BR0071,"Lucknow Branch 71",CUST087671,"Neha Joshi",299555.87,3
BR0072,"Jaipur Branch 72",CUST064066,"Priya Saini",464050.40,1
BR0072,"Jaipur Branch 72",CUST021631,"Shreya Yadav",299816.58,2
BR0072,"Jaipur Branch 72",CUST014109,"Neha Rathore",299583.09,3
BR0073,"Hyderabad Branch 73",CUST048963,"Suresh Saini",539021.94,1
BR0073,"Hyderabad Branch 73",CUST089901,"Karan Choudhary",472490.54,2
BR0073,"Hyderabad Branch 73",CUST025089,"Manish Jain",371583.37,3
BR0074,"Bhopal Branch 74",CUST061953,"Ankit Rathore",455443.09,1
BR0074,"Bhopal Branch 74",CUST096547,"Suresh Agarwal",299940.68,2
BR0074,"Bhopal Branch 74",CUST038820,"Vivek Joshi",299720.64,3
BR0075,"Surat Branch 75",CUST087339,"Amit Joshi",371748.44,1
BR0075,"Surat Branch 75",CUST045102,"Deepak Bansal",361155.55,2
BR0075,"Surat Branch 75",CUST089333,"Komal Sharma",360228.89,3
BR0076,"Kota Branch 76",CUST018288,"Meena Patel",450425.27,1
BR0076,"Kota Branch 76",CUST057963,"Vivek Bansal",299809.94,2
BR0076,"Kota Branch 76",CUST074903,"Vivek Choudhary",299274.72,3
BR0077,"Kolkata Branch 77",CUST091337,"Suresh Agarwal",485678.56,1
BR0077,"Kolkata Branch 77",CUST087654,"Vivek Agarwal",370922.89,2
BR0077,"Kolkata Branch 77",CUST052440,"Meena Joshi",299108.70,3
BR0078,"Ahmedabad Branch 78",CUST087306,"Neha Singh",380170.30,1
BR0078,"Ahmedabad Branch 78",CUST008423,"Anjali Kumar",368424.76,2
BR0078,"Ahmedabad Branch 78",CUST054960,"Suresh Choudhary",360137.96,3
BR0079,"Surat Branch 79",CUST056635,"Meena Kumar",313097.97,1
BR0079,"Surat Branch 79",CUST021247,"Simran Choudhary",299809.83,2
BR0079,"Surat Branch 79",CUST040076,"Vikas Joshi",299774.87,3
BR0080,"Delhi Branch 80",CUST065734,"Arjun Mishra",505782.88,1
BR0080,"Delhi Branch 80",CUST002199,"Meena Mishra",484371.86,2
BR0080,"Delhi Branch 80",CUST005491,"Meena Sharma",357769.87,3
BR0081,"Ahmedabad Branch 81",CUST069638,"Komal Bansal",495522.87,1
BR0081,"Ahmedabad Branch 81",CUST039835,"Vikas Verma",438223.56,2
BR0081,"Ahmedabad Branch 81",CUST086070,"Vivek Rathore",323091.02,3
BR0082,"Ahmedabad Branch 82",CUST037099,"Simran Sharma",389374.48,1
BR0082,"Ahmedabad Branch 82",CUST002870,"Neha Gupta",347751.44,2
BR0082,"Ahmedabad Branch 82",CUST064180,"Rahul Jain",299901.75,3
BR0083,"Surat Branch 83",CUST028110,"Simran Saini",471460.43,1
BR0083,"Surat Branch 83",CUST030451,"Meena Joshi",424137.96,2
BR0083,"Surat Branch 83",CUST048702,"Riya Kumar",338356.81,3
BR0084,"Mumbai Branch 84",CUST036274,"Deepak Gupta",456653.97,1
BR0084,"Mumbai Branch 84",CUST027147,"Simran Malhotra",358248.81,2
BR0084,"Mumbai Branch 84",CUST031516,"Anjali Mishra",354556.47,3
BR0085,"Surat Branch 85",CUST049370,"Amit Patel",444357.60,1
BR0085,"Surat Branch 85",CUST076464,"Vivek Rathore",427899.24,2
BR0085,"Surat Branch 85",CUST075252,"Shreya Patel",299963.84,3
BR0086,"Ahmedabad Branch 86",CUST025770,"Amit Rathore",302437.48,1
BR0086,"Ahmedabad Branch 86",CUST016094,"Meena Yadav",299824.30,2
BR0086,"Ahmedabad Branch 86",CUST036670,"Vivek Yadav",299821.81,3
BR0087,"Bengaluru Branch 87",CUST054171,"Rohit Tiwari",498378.32,1
BR0087,"Bengaluru Branch 87",CUST013271,"Deepak Kumar",442043.26,2
BR0087,"Bengaluru Branch 87",CUST081263,"Arjun Patel",299955.87,3
BR0088,"Surat Branch 88",CUST052567,"Sneha Verma",515083.66,1
BR0088,"Surat Branch 88",CUST083298,"Shreya Mehta",453312.52,2
BR0088,"Surat Branch 88",CUST074447,"Riya Patel",321117.61,3
BR0089,"Alwar Branch 89",CUST026336,"Karan Singh",329156.52,1
BR0089,"Alwar Branch 89",CUST087570,"Neha Yadav",325058.18,2
BR0089,"Alwar Branch 89",CUST073024,"Rahul Patel",308257.28,3
BR0090,"Lucknow Branch 90",CUST067419,"Suresh Malhotra",508067.14,1
BR0090,"Lucknow Branch 90",CUST078033,"Vikas Rathore",406993.76,2
BR0090,"Lucknow Branch 90",CUST094366,"Kavita Tiwari",327678.66,3
BR0091,"Bhopal Branch 91",CUST007955,"Rohit Malhotra",499184.83,1
BR0091,"Bhopal Branch 91",CUST043779,"Kavita Rathore",324574.46,2
BR0091,"Bhopal Branch 91",CUST040941,"Suresh Sharma",299955.45,3
BR0092,"Mumbai Branch 92",CUST009145,"Neha Rathore",468192.04,1
BR0092,"Mumbai Branch 92",CUST097460,"Komal Bansal",401010.62,2
BR0092,"Mumbai Branch 92",CUST073565,"Anjali Tiwari",299227.35,3
BR0093,"Chennai Branch 93",CUST076672,"Karan Patel",441969.56,1
BR0093,"Chennai Branch 93",CUST096405,"Amit Rathore",334019.83,2
BR0093,"Chennai Branch 93",CUST010186,"Riya Tiwari",299934.75,3
BR0094,"Hyderabad Branch 94",CUST087198,"Vivek Kumar",470769.19,1
BR0094,"Hyderabad Branch 94",CUST074058,"Riya Gupta",440476.54,2
BR0094,"Hyderabad Branch 94",CUST010640,"Sneha Malhotra",410216.52,3
BR0095,"Chandigarh Branch 95",CUST040292,"Riya Rathore",408702.83,1
BR0095,"Chandigarh Branch 95",CUST034964,"Riya Bansal",333592.81,2
BR0095,"Chandigarh Branch 95",CUST096061,"Ankit Joshi",299635.91,3
BR0096,"Indore Branch 96",CUST019820,"Sneha Mishra",525410.59,1
BR0096,"Indore Branch 96",CUST022344,"Arjun Mehta",444426.36,2
BR0096,"Indore Branch 96",CUST036671,"Pawan Agarwal",299924.91,3
BR0097,"Kolkata Branch 97",CUST011419,"Simran Jain",456107.31,1
BR0097,"Kolkata Branch 97",CUST011931,"Rohit Choudhary",358944.32,2
BR0097,"Kolkata Branch 97",CUST005133,"Manish Sharma",343434.48,3
BR0098,"Jodhpur Branch 98",CUST061016,"Rohit Saini",576635.86,1
BR0098,"Jodhpur Branch 98",CUST006334,"Pooja Tiwari",368728.81,2
BR0098,"Jodhpur Branch 98",CUST099199,"Meena Jain",318140.41,3
BR0099,"Surat Branch 99",CUST049104,"Pawan Jain",499815.82,1
BR0099,"Surat Branch 99",CUST090236,"Simran Gupta",463926.78,2
BR0099,"Surat Branch 99",CUST073642,"Meena Bansal",299725.83,3
BR0100,"Kolkata Branch 100",CUST060273,"Shreya Jain",522362.39,1
BR0100,"Kolkata Branch 100",CUST061186,"Ankit Malhotra",382589.53,2
BR0100,"Kolkata Branch 100",CUST060333,"Shreya Jain",299217.73,3
BR0101,"Chandigarh Branch 101",CUST069761,"Rohit Agarwal",549363.41,1
BR0101,"Chandigarh Branch 101",CUST013934,"Arjun Patel",544213.07,2
BR0101,"Chandigarh Branch 101",CUST089545,"Komal Bansal",455496.94,3
BR0102,"Surat Branch 102",CUST093640,"Pooja Jain",300646.44,1
BR0102,"Surat Branch 102",CUST037962,"Simran Verma",299811.99,2
BR0102,"Surat Branch 102",CUST005768,"Anjali Kumar",299123.63,3
BR0103,"Mumbai Branch 103",CUST089973,"Simran Kumar",531524.00,1
BR0103,"Mumbai Branch 103",CUST048993,"Pawan Choudhary",408005.66,2
BR0103,"Mumbai Branch 103",CUST074511,"Arjun Yadav",330665.22,3
BR0104,"Chandigarh Branch 104",CUST080622,"Arjun Mehta",448243.97,1
BR0104,"Chandigarh Branch 104",CUST073607,"Vikas Malhotra",299904.79,2
BR0104,"Chandigarh Branch 104",CUST076258,"Vikas Yadav",298925.69,3
BR0105,"Chandigarh Branch 105",CUST046868,"Vikas Kumar",429689.89,1
BR0105,"Chandigarh Branch 105",CUST035250,"Nikhil Gupta",403045.42,2
BR0105,"Chandigarh Branch 105",CUST031978,"Neha Bansal",307324.92,3
BR0106,"Chandigarh Branch 106",CUST087307,"Rohit Jain",438441.97,1
BR0106,"Chandigarh Branch 106",CUST036617,"Riya Rathore",423318.69,2
BR0106,"Chandigarh Branch 106",CUST062205,"Neha Mishra",299452.73,3
BR0107,"Chandigarh Branch 107",CUST053225,"Rohit Mishra",471155.87,1
BR0107,"Chandigarh Branch 107",CUST009814,"Arjun Verma",392026.68,2
BR0107,"Chandigarh Branch 107",CUST036289,"Manish Rathore",311397.80,3
BR0108,"Pune Branch 108",CUST056930,"Amit Mishra",443256.30,1
BR0108,"Pune Branch 108",CUST059244,"Manish Kumar",365868.46,2
BR0108,"Pune Branch 108",CUST033882,"Kavita Sharma",329474.70,3
BR0109,"Delhi Branch 109",CUST033280,"Kavita Rathore",299758.01,1
BR0109,"Delhi Branch 109",CUST092951,"Karan Patel",299297.04,2
BR0109,"Delhi Branch 109",CUST019280,"Riya Bansal",298851.94,3
BR0110,"Indore Branch 110",CUST039820,"Neha Malhotra",303828.29,1
BR0110,"Indore Branch 110",CUST009663,"Pawan Malhotra",299779.16,2
BR0110,"Indore Branch 110",CUST056435,"Deepak Tiwari",299613.57,3
BR0111,"Surat Branch 111",CUST017605,"Anjali Malhotra",582575.94,1
BR0111,"Surat Branch 111",CUST072253,"Arjun Yadav",478291.42,2
BR0111,"Surat Branch 111",CUST025880,"Amit Tiwari",303213.01,3
BR0112,"Bhopal Branch 112",CUST097575,"Priya Gupta",370625.00,1
BR0112,"Bhopal Branch 112",CUST045357,"Vivek Tiwari",334485.54,2
BR0112,"Bhopal Branch 112",CUST041979,"Vikas Verma",299945.51,3
BR0113,"Chandigarh Branch 113",CUST048114,"Vivek Patel",508694.26,1
BR0113,"Chandigarh Branch 113",CUST013283,"Rohit Singh",492508.58,2
BR0113,"Chandigarh Branch 113",CUST000337,"Priya Tiwari",324538.53,3
BR0114,"Lucknow Branch 114",CUST075315,"Simran Agarwal",533999.12,1
BR0114,"Lucknow Branch 114",CUST038679,"Priya Malhotra",478220.17,2
BR0114,"Lucknow Branch 114",CUST046140,"Arjun Mishra",330915.10,3
BR0115,"Indore Branch 115",CUST043221,"Komal Mishra",476261.05,1
BR0115,"Indore Branch 115",CUST052950,"Nikhil Sharma",381821.69,2
BR0115,"Indore Branch 115",CUST096284,"Simran Rathore",299683.43,3
BR0116,"Kota Branch 116",CUST001071,"Vikas Tiwari",553727.31,1
BR0116,"Kota Branch 116",CUST050569,"Simran Saini",526699.91,2
BR0116,"Kota Branch 116",CUST045774,"Priya Kumar",353849.68,3
BR0117,"Surat Branch 117",CUST019993,"Ankit Jain",488865.76,1
BR0117,"Surat Branch 117",CUST062310,"Pawan Mishra",464019.22,2
BR0117,"Surat Branch 117",CUST014337,"Sneha Jain",299835.14,3
BR0118,"Indore Branch 118",CUST012515,"Vikas Gupta",546612.88,1
BR0118,"Indore Branch 118",CUST060256,"Suresh Yadav",511121.49,2
BR0118,"Indore Branch 118",CUST020157,"Sneha Malhotra",422409.03,3
BR0119,"Jodhpur Branch 119",CUST086502,"Neha Joshi",405935.69,1
BR0119,"Jodhpur Branch 119",CUST068761,"Rohit Tiwari",387396.62,2
BR0119,"Jodhpur Branch 119",CUST071333,"Manish Malhotra",299861.10,3
BR0120,"Delhi Branch 120",CUST059521,"Karan Mishra",402976.23,1
BR0120,"Delhi Branch 120",CUST062932,"Meena Patel",299740.27,2
BR0120,"Delhi Branch 120",CUST073192,"Deepak Mehta",299439.75,3
BR0121,"Indore Branch 121",CUST004833,"Amit Kumar",378717.86,1
BR0121,"Indore Branch 121",CUST032527,"Pawan Patel",299803.77,2
BR0121,"Indore Branch 121",CUST077626,"Riya Joshi",299727.02,3
BR0122,"Chennai Branch 122",CUST085181,"Ankit Mehta",299871.93,1
BR0122,"Chennai Branch 122",CUST064598,"Rohit Singh",299452.01,2
BR0122,"Chennai Branch 122",CUST049472,"Priya Jain",298764.83,3
BR0123,"Kota Branch 123",CUST091687,"Vikas Verma",407367.30,1
BR0123,"Kota Branch 123",CUST060793,"Kavita Patel",401045.63,2
BR0123,"Kota Branch 123",CUST035720,"Deepak Rathore",342531.97,3
BR0124,"Surat Branch 124",CUST083436,"Arjun Joshi",593871.84,1
BR0124,"Surat Branch 124",CUST094162,"Sneha Jain",553196.56,2
BR0124,"Surat Branch 124",CUST027017,"Priya Patel",493869.79,3
BR0125,"Chandigarh Branch 125",CUST055387,"Pooja Agarwal",409886.76,1
BR0125,"Chandigarh Branch 125",CUST087816,"Rahul Yadav",299581.81,2
BR0125,"Chandigarh Branch 125",CUST025558,"Riya Saini",299436.85,3
BR0126,"Delhi Branch 126",CUST099837,"Amit Joshi",349078.96,1
BR0126,"Delhi Branch 126",CUST098083,"Shreya Kumar",299714.57,2
BR0126,"Delhi Branch 126",CUST028078,"Meena Agarwal",299092.21,3
BR0127,"Mumbai Branch 127",CUST094114,"Arjun Patel",574803.06,1
BR0127,"Mumbai Branch 127",CUST020796,"Karan Jain",299936.93,2
BR0127,"Mumbai Branch 127",CUST002154,"Suresh Malhotra",299023.97,3
BR0128,"Chandigarh Branch 128",CUST088342,"Meena Bansal",346261.15,1
BR0128,"Chandigarh Branch 128",CUST088843,"Amit Agarwal",299789.56,2
BR0128,"Chandigarh Branch 128",CUST079850,"Pawan Rathore",299350.26,3
BR0129,"Delhi Branch 129",CUST008617,"Vikas Mehta",420937.06,1
BR0129,"Delhi Branch 129",CUST021143,"Shreya Tiwari",363560.02,2
BR0129,"Delhi Branch 129",CUST066823,"Pawan Choudhary",327779.86,3
BR0130,"Indore Branch 130",CUST052188,"Pooja Jain",486804.72,1
BR0130,"Indore Branch 130",CUST046983,"Arjun Choudhary",429420.90,2
BR0130,"Indore Branch 130",CUST003347,"Suresh Singh",298997.71,3
BR0131,"Udaipur Branch 131",CUST000343,"Priya Kumar",537571.08,1
BR0131,"Udaipur Branch 131",CUST093953,"Pawan Sharma",405792.40,2
BR0131,"Udaipur Branch 131",CUST000652,"Sneha Gupta",381655.35,3
BR0132,"Udaipur Branch 132",CUST040084,"Pooja Choudhary",578801.04,1
BR0132,"Udaipur Branch 132",CUST075184,"Vikas Bansal",426497.70,2
BR0132,"Udaipur Branch 132",CUST029650,"Vivek Sharma",363541.56,3
BR0133,"Pune Branch 133",CUST069577,"Vikas Rathore",483206.21,1
BR0133,"Pune Branch 133",CUST049719,"Nikhil Verma",357643.17,2
BR0133,"Pune Branch 133",CUST000697,"Vikas Sharma",299989.95,3
BR0134,"Chandigarh Branch 134",CUST059504,"Suresh Kumar",553391.17,1
BR0134,"Chandigarh Branch 134",CUST060592,"Suresh Saini",452085.53,2
BR0134,"Chandigarh Branch 134",CUST031125,"Simran Patel",433221.61,3
BR0135,"Ahmedabad Branch 135",CUST096712,"Shreya Agarwal",561258.34,1
BR0135,"Ahmedabad Branch 135",CUST081244,"Ankit Sharma",299001.58,2
BR0135,"Ahmedabad Branch 135",CUST008586,"Suresh Malhotra",298451.23,3
BR0136,"Bengaluru Branch 136",CUST057940,"Vivek Tiwari",381950.79,1
BR0136,"Bengaluru Branch 136",CUST094363,"Vikas Verma",379807.26,2
BR0136,"Bengaluru Branch 136",CUST078670,"Priya Jain",372581.20,3
BR0137,"Indore Branch 137",CUST012208,"Pooja Tiwari",510363.54,1
BR0137,"Indore Branch 137",CUST015099,"Kavita Singh",351212.39,2
BR0137,"Indore Branch 137",CUST045146,"Nikhil Gupta",332463.36,3
BR0138,"Mumbai Branch 138",CUST024173,"Deepak Kumar",542478.29,1
BR0138,"Mumbai Branch 138",CUST098050,"Pawan Gupta",525122.44,2
BR0138,"Mumbai Branch 138",CUST078639,"Amit Tiwari",444062.19,3
BR0139,"Bengaluru Branch 139",CUST099793,"Deepak Verma",533244.99,1
BR0139,"Bengaluru Branch 139",CUST045091,"Ankit Kumar",443383.74,2
BR0139,"Bengaluru Branch 139",CUST073876,"Vikas Mehta",298956.31,3
BR0140,"Pune Branch 140",CUST044479,"Rohit Singh",530624.06,1
BR0140,"Pune Branch 140",CUST077834,"Sneha Gupta",392564.64,2
BR0140,"Pune Branch 140",CUST000359,"Meena Sharma",375445.82,3
BR0141,"Udaipur Branch 141",CUST045069,"Simran Bansal",524662.13,1
BR0141,"Udaipur Branch 141",CUST024503,"Pooja Gupta",506012.90,2
BR0141,"Udaipur Branch 141",CUST070981,"Vikas Malhotra",354245.00,3
BR0142,"Bhopal Branch 142",CUST094580,"Kavita Mehta",404046.78,1
BR0142,"Bhopal Branch 142",CUST006391,"Arjun Saini",395220.92,2
BR0142,"Bhopal Branch 142",CUST065597,"Meena Agarwal",299850.99,3
BR0143,"Bhopal Branch 143",CUST010786,"Rahul Jain",465080.00,1
BR0143,"Bhopal Branch 143",CUST004668,"Vikas Gupta",350337.28,2
BR0143,"Bhopal Branch 143",CUST074138,"Neha Mehta",334116.57,3
BR0144,"Bengaluru Branch 144",CUST031426,"Meena Verma",402833.77,1
BR0144,"Bengaluru Branch 144",CUST025216,"Priya Mishra",299609.53,2
BR0144,"Bengaluru Branch 144",CUST007144,"Riya Mehta",298838.51,3
BR0145,"Kota Branch 145",CUST074238,"Priya Patel",330767.14,1
BR0145,"Kota Branch 145",CUST093952,"Vikas Kumar",299478.72,2
BR0145,"Kota Branch 145",CUST064544,"Riya Rathore",299409.93,3
BR0146,"Indore Branch 146",CUST010596,"Sneha Singh",541433.16,1
BR0146,"Indore Branch 146",CUST038595,"Rahul Choudhary",439215.76,2
BR0146,"Indore Branch 146",CUST085261,"Pawan Tiwari",388115.95,3
BR0147,"Alwar Branch 147",CUST033506,"Pooja Mishra",563211.17,1
BR0147,"Alwar Branch 147",CUST007570,"Vikas Gupta",344570.99,2
BR0147,"Alwar Branch 147",CUST074569,"Priya Rathore",299595.69,3
BR0148,"Hyderabad Branch 148",CUST002206,"Arjun Choudhary",477599.76,1
BR0148,"Hyderabad Branch 148",CUST031123,"Manish Tiwari",436269.70,2
BR0148,"Hyderabad Branch 148",CUST075683,"Deepak Sharma",335912.79,3
BR0149,"Alwar Branch 149",CUST002677,"Pooja Singh",523576.32,1
BR0149,"Alwar Branch 149",CUST079496,"Nikhil Mehta",386136.63,2
BR0149,"Alwar Branch 149",CUST035519,"Rohit Saini",363454.14,3
BR0150,"Surat Branch 150",CUST032464,"Komal Joshi",474592.44,1
BR0150,"Surat Branch 150",CUST044110,"Neha Agarwal",323256.37,2
BR0150,"Surat Branch 150",CUST033386,"Simran Mehta",298963.59,3
BR0151,"Alwar Branch 151",CUST022121,"Suresh Saini",479851.03,1
BR0151,"Alwar Branch 151",CUST005847,"Simran Patel",332184.75,2
BR0151,"Alwar Branch 151",CUST082975,"Simran Rathore",305501.74,3
BR0152,"Kota Branch 152",CUST097089,"Suresh Agarwal",469672.64,1
BR0152,"Kota Branch 152",CUST056161,"Karan Patel",336780.13,2
BR0152,"Kota Branch 152",CUST026766,"Suresh Rathore",330805.94,3
BR0153,"Kolkata Branch 153",CUST001897,"Deepak Patel",521825.52,1
BR0153,"Kolkata Branch 153",CUST028299,"Amit Mishra",420291.55,2
BR0153,"Kolkata Branch 153",CUST029006,"Arjun Tiwari",359519.78,3
BR0154,"Mumbai Branch 154",CUST010537,"Simran Tiwari",412410.18,1
BR0154,"Mumbai Branch 154",CUST016345,"Ankit Tiwari",299254.60,2
BR0154,"Mumbai Branch 154",CUST032051,"Suresh Verma",299140.58,3
BR0155,"Delhi Branch 155",CUST098630,"Rohit Bansal",498757.46,1
BR0155,"Delhi Branch 155",CUST045310,"Rahul Jain",430637.46,2
BR0155,"Delhi Branch 155",CUST024281,"Suresh Agarwal",430088.36,3
BR0156,"Kolkata Branch 156",CUST038328,"Kavita Singh",461359.72,1
BR0156,"Kolkata Branch 156",CUST081690,"Vivek Yadav",342506.00,2
BR0156,"Kolkata Branch 156",CUST093689,"Komal Tiwari",299803.08,3
BR0157,"Bhopal Branch 157",CUST000377,"Ankit Verma",389260.95,1
BR0157,"Bhopal Branch 157",CUST011876,"Vivek Mishra",335169.78,2
BR0157,"Bhopal Branch 157",CUST064897,"Priya Mehta",315535.62,3
BR0158,"Udaipur Branch 158",CUST077105,"Kavita Joshi",330542.23,1
BR0158,"Udaipur Branch 158",CUST070586,"Arjun Sharma",316352.62,2
BR0158,"Udaipur Branch 158",CUST024024,"Riya Tiwari",299912.51,3
BR0159,"Kolkata Branch 159",CUST000535,"Deepak Rathore",439409.35,1
BR0159,"Kolkata Branch 159",CUST099912,"Sneha Bansal",382675.79,2
BR0159,"Kolkata Branch 159",CUST051808,"Neha Sharma",358644.16,3
BR0160,"Mumbai Branch 160",CUST057712,"Riya Mishra",463527.58,1
BR0160,"Mumbai Branch 160",CUST003940,"Ankit Gupta",429595.40,2
BR0160,"Mumbai Branch 160",CUST024963,"Neha Jain",428686.26,3
BR0161,"Surat Branch 161",CUST021799,"Sneha Patel",486375.23,1
BR0161,"Surat Branch 161",CUST067409,"Meena Tiwari",393141.68,2
BR0161,"Surat Branch 161",CUST059600,"Rohit Bansal",303312.42,3
BR0162,"Mumbai Branch 162",CUST012093,"Arjun Jain",512245.75,1
BR0162,"Mumbai Branch 162",CUST058626,"Deepak Rathore",299441.71,2
BR0162,"Mumbai Branch 162",CUST066223,"Deepak Yadav",299408.11,3
BR0163,"Surat Branch 163",CUST055831,"Ankit Tiwari",402575.88,1
BR0163,"Surat Branch 163",CUST071836,"Meena Malhotra",299934.40,2
BR0163,"Surat Branch 163",CUST047749,"Sneha Jain",299274.73,3
BR0164,"Jodhpur Branch 164",CUST096542,"Vivek Saini",477042.22,1
BR0164,"Jodhpur Branch 164",CUST044722,"Amit Saini",428624.17,2
BR0164,"Jodhpur Branch 164",CUST013055,"Manish Malhotra",399742.03,3
BR0165,"Ahmedabad Branch 165",CUST080303,"Rohit Malhotra",356790.93,1
BR0165,"Ahmedabad Branch 165",CUST077709,"Riya Choudhary",310549.14,2
BR0165,"Ahmedabad Branch 165",CUST093460,"Riya Bansal",307751.76,3
BR0166,"Mumbai Branch 166",CUST002351,"Sneha Saini",362268.52,1
BR0166,"Mumbai Branch 166",CUST034899,"Vikas Bansal",350954.18,2
BR0166,"Mumbai Branch 166",CUST082452,"Riya Mehta",314704.96,3
BR0167,"Jaipur Branch 167",CUST018988,"Manish Singh",504067.24,1
BR0167,"Jaipur Branch 167",CUST026646,"Deepak Jain",299565.26,2
BR0167,"Jaipur Branch 167",CUST014664,"Kavita Rathore",299464.15,3
BR0168,"Chandigarh Branch 168",CUST010237,"Rohit Mishra",518478.88,1
BR0168,"Chandigarh Branch 168",CUST084257,"Komal Singh",475428.94,2
BR0168,"Chandigarh Branch 168",CUST055216,"Meena Singh",377518.00,3
BR0169,"Hyderabad Branch 169",CUST036731,"Kavita Mehta",441140.92,1
BR0169,"Hyderabad Branch 169",CUST068302,"Sneha Agarwal",435220.66,2
BR0169,"Hyderabad Branch 169",CUST064720,"Pooja Agarwal",408805.55,3
BR0170,"Lucknow Branch 170",CUST013127,"Komal Tiwari",494201.18,1
BR0170,"Lucknow Branch 170",CUST076820,"Suresh Sharma",299870.01,2
BR0170,"Lucknow Branch 170",CUST086752,"Neha Gupta",299538.93,3
BR0171,"Bengaluru Branch 171",CUST090841,"Suresh Joshi",424735.44,1
BR0171,"Bengaluru Branch 171",CUST041666,"Nikhil Rathore",421127.88,2
BR0171,"Bengaluru Branch 171",CUST099331,"Pawan Gupta",326702.58,3
BR0172,"Jaipur Branch 172",CUST028453,"Pooja Rathore",514728.76,1
BR0172,"Jaipur Branch 172",CUST090481,"Kavita Gupta",475647.48,2
BR0172,"Jaipur Branch 172",CUST088481,"Karan Agarwal",472381.44,3
BR0173,"Indore Branch 173",CUST071118,"Deepak Malhotra",299945.57,1
BR0173,"Indore Branch 173",CUST055061,"Nikhil Kumar",299877.32,2
BR0173,"Indore Branch 173",CUST061732,"Pooja Jain",299816.51,3
BR0174,"Jodhpur Branch 174",CUST053453,"Simran Joshi",433577.02,1
BR0174,"Jodhpur Branch 174",CUST060232,"Karan Mishra",355179.78,2
BR0174,"Jodhpur Branch 174",CUST083750,"Pawan Choudhary",308303.67,3
BR0175,"Kolkata Branch 175",CUST042282,"Vivek Tiwari",430741.28,1
BR0175,"Kolkata Branch 175",CUST098498,"Karan Joshi",322322.60,2
BR0175,"Kolkata Branch 175",CUST010193,"Pooja Saini",299875.66,3
BR0176,"Alwar Branch 176",CUST060095,"Amit Jain",394710.76,1
BR0176,"Alwar Branch 176",CUST043086,"Anjali Malhotra",321977.58,2
BR0176,"Alwar Branch 176",CUST036593,"Vikas Jain",318415.90,3
BR0177,"Lucknow Branch 177",CUST040642,"Vikas Kumar",458234.46,1
BR0177,"Lucknow Branch 177",CUST075181,"Sneha Bansal",397428.00,2
BR0177,"Lucknow Branch 177",CUST058704,"Neha Verma",299908.58,3
BR0178,"Udaipur Branch 178",CUST055233,"Simran Malhotra",515012.14,1
BR0178,"Udaipur Branch 178",CUST075873,"Komal Mehta",299703.56,2
BR0178,"Udaipur Branch 178",CUST060226,"Rohit Agarwal",299590.45,3
BR0179,"Bengaluru Branch 179",CUST032401,"Arjun Choudhary",481904.41,1
BR0179,"Bengaluru Branch 179",CUST088277,"Shreya Choudhary",332518.13,2
BR0179,"Bengaluru Branch 179",CUST022657,"Komal Patel",303380.88,3
BR0180,"Udaipur Branch 180",CUST044897,"Suresh Choudhary",574222.24,1
BR0180,"Udaipur Branch 180",CUST007281,"Rahul Mehta",524461.50,2
BR0180,"Udaipur Branch 180",CUST093238,"Sneha Tiwari",492432.70,3
BR0181,"Lucknow Branch 181",CUST020126,"Amit Jain",518055.24,1
BR0181,"Lucknow Branch 181",CUST085855,"Arjun Jain",517209.20,2
BR0181,"Lucknow Branch 181",CUST063290,"Deepak Bansal",299559.17,3
BR0182,"Udaipur Branch 182",CUST033145,"Ankit Rathore",385737.32,1
BR0182,"Udaipur Branch 182",CUST046462,"Deepak Rathore",357669.79,2
BR0182,"Udaipur Branch 182",CUST086184,"Vivek Kumar",299611.64,3
BR0183,"Mumbai Branch 183",CUST094986,"Vivek Malhotra",525201.16,1
BR0183,"Mumbai Branch 183",CUST069577,"Vikas Rathore",520877.16,2
BR0183,"Mumbai Branch 183",CUST063319,"Ankit Choudhary",467090.20,3
BR0184,"Delhi Branch 184",CUST092050,"Komal Kumar",401204.40,1
BR0184,"Delhi Branch 184",CUST077653,"Neha Singh",363705.68,2
BR0184,"Delhi Branch 184",CUST048720,"Anjali Mehta",324934.29,3
BR0185,"Ahmedabad Branch 185",CUST072834,"Simran Verma",597346.40,1
BR0185,"Ahmedabad Branch 185",CUST094841,"Shreya Saini",400832.58,2
BR0185,"Ahmedabad Branch 185",CUST056062,"Riya Singh",388478.07,3
BR0186,"Pune Branch 186",CUST083013,"Vikas Singh",567648.84,1
BR0186,"Pune Branch 186",CUST094260,"Vikas Yadav",299814.13,2
BR0186,"Pune Branch 186",CUST062552,"Komal Singh",299800.42,3
BR0187,"Udaipur Branch 187",CUST034731,"Arjun Malhotra",299197.89,1
BR0187,"Udaipur Branch 187",CUST048508,"Pooja Joshi",299049.47,2
BR0187,"Udaipur Branch 187",CUST093309,"Komal Mehta",299001.77,3
BR0188,"Indore Branch 188",CUST040476,"Rahul Sharma",546901.14,1
BR0188,"Indore Branch 188",CUST002664,"Manish Mishra",534793.06,2
BR0188,"Indore Branch 188",CUST069084,"Priya Saini",460544.24,3
BR0189,"Chandigarh Branch 189",CUST085119,"Ankit Mishra",567629.84,1
BR0189,"Chandigarh Branch 189",CUST094269,"Vikas Gupta",387518.93,2
BR0189,"Chandigarh Branch 189",CUST064686,"Sneha Mehta",334004.81,3
BR0190,"Bhopal Branch 190",CUST075076,"Pawan Choudhary",346913.36,1
BR0190,"Bhopal Branch 190",CUST098778,"Neha Kumar",303862.47,2
BR0190,"Bhopal Branch 190",CUST014876,"Priya Jain",298903.30,3
BR0191,"Jodhpur Branch 191",CUST061924,"Manish Mishra",429773.39,1
BR0191,"Jodhpur Branch 191",CUST020616,"Kavita Joshi",405998.40,2
BR0191,"Jodhpur Branch 191",CUST045467,"Pawan Yadav",330647.11,3
BR0192,"Ahmedabad Branch 192",CUST006768,"Arjun Kumar",391495.32,1
BR0192,"Ahmedabad Branch 192",CUST048363,"Karan Malhotra",354098.59,2
BR0192,"Ahmedabad Branch 192",CUST099522,"Vivek Singh",299909.38,3
BR0193,"Udaipur Branch 193",CUST043151,"Pawan Mehta",364767.21,1
BR0193,"Udaipur Branch 193",CUST005164,"Simran Bansal",315292.10,2
BR0193,"Udaipur Branch 193",CUST020779,"Pooja Bansal",299929.64,3
BR0194,"Surat Branch 194",CUST017312,"Nikhil Gupta",564417.14,1
BR0194,"Surat Branch 194",CUST038068,"Amit Mehta",388931.32,2
BR0194,"Surat Branch 194",CUST096659,"Shreya Bansal",366356.70,3
BR0195,"Hyderabad Branch 195",CUST050263,"Anjali Patel",452356.40,1
BR0195,"Hyderabad Branch 195",CUST035130,"Karan Gupta",432952.41,2
BR0195,"Hyderabad Branch 195",CUST003260,"Rahul Mehta",299358.89,3
BR0196,"Chandigarh Branch 196",CUST034465,"Amit Patel",530526.13,1
BR0196,"Chandigarh Branch 196",CUST028550,"Arjun Yadav",441414.12,2
BR0196,"Chandigarh Branch 196",CUST078559,"Arjun Rathore",367670.97,3
BR0197,"Lucknow Branch 197",CUST072047,"Karan Mishra",472284.65,1
BR0197,"Lucknow Branch 197",CUST021627,"Arjun Bansal",465264.22,2
BR0197,"Lucknow Branch 197",CUST028234,"Simran Gupta",378496.17,3
BR0198,"Bhopal Branch 198",CUST072010,"Arjun Jain",358946.83,1
BR0198,"Bhopal Branch 198",CUST049556,"Manish Verma",299876.47,2
BR0198,"Bhopal Branch 198",CUST090186,"Ankit Rathore",299785.29,3
BR0199,"Udaipur Branch 199",CUST069332,"Suresh Patel",502474.09,1
BR0199,"Udaipur Branch 199",CUST061605,"Vivek Yadav",343432.23,2
BR0199,"Udaipur Branch 199",CUST084739,"Kavita Rathore",322991.07,3
BR0200,"Kolkata Branch 200",CUST051024,"Simran Agarwal",354362.58,1
BR0200,"Kolkata Branch 200",CUST021618,"Rahul Yadav",299813.20,2
BR0200,"Kolkata Branch 200",CUST008014,"Deepak Verma",299728.49,3
BR0201,"Pune Branch 201",CUST090095,"Pawan Joshi",495969.31,1
BR0201,"Pune Branch 201",CUST063868,"Rohit Malhotra",469913.81,2
BR0201,"Pune Branch 201",CUST036968,"Riya Malhotra",372104.78,3
BR0202,"Ahmedabad Branch 202",CUST022200,"Neha Agarwal",534400.96,1
BR0202,"Ahmedabad Branch 202",CUST089125,"Vivek Mehta",454713.16,2
BR0202,"Ahmedabad Branch 202",CUST007909,"Suresh Mishra",420700.43,3
BR0203,"Ahmedabad Branch 203",CUST066269,"Komal Singh",408902.46,1
BR0203,"Ahmedabad Branch 203",CUST039587,"Shreya Saini",388264.79,2
BR0203,"Ahmedabad Branch 203",CUST057469,"Manish Kumar",299850.49,3
BR0204,"Delhi Branch 204",CUST094959,"Manish Yadav",391816.44,1
BR0204,"Delhi Branch 204",CUST026547,"Simran Malhotra",369226.37,2
BR0204,"Delhi Branch 204",CUST015708,"Simran Verma",299808.33,3
BR0205,"Pune Branch 205",CUST057994,"Komal Gupta",520270.22,1
BR0205,"Pune Branch 205",CUST010831,"Neha Patel",330805.13,2
BR0205,"Pune Branch 205",CUST054172,"Ankit Agarwal",299736.41,3
BR0206,"Jodhpur Branch 206",CUST040072,"Arjun Kumar",322896.14,1
BR0206,"Jodhpur Branch 206",CUST024529,"Deepak Jain",299601.71,2
BR0206,"Jodhpur Branch 206",CUST004454,"Pawan Rathore",299355.99,3
BR0207,"Bengaluru Branch 207",CUST008899,"Arjun Yadav",578328.74,1
BR0207,"Bengaluru Branch 207",CUST024554,"Nikhil Gupta",352960.85,2
BR0207,"Bengaluru Branch 207",CUST013277,"Manish Tiwari",351305.61,3
BR0208,"Hyderabad Branch 208",CUST095572,"Vivek Joshi",561597.05,1
BR0208,"Hyderabad Branch 208",CUST070513,"Nikhil Singh",559025.31,2
BR0208,"Hyderabad Branch 208",CUST098735,"Sneha Choudhary",403626.29,3
BR0209,"Indore Branch 209",CUST002974,"Suresh Saini",302805.99,1
BR0209,"Indore Branch 209",CUST056340,"Rahul Jain",299956.46,2
BR0209,"Indore Branch 209",CUST016744,"Deepak Verma",299446.45,3
BR0210,"Delhi Branch 210",CUST010435,"Shreya Choudhary",560089.70,1
BR0210,"Delhi Branch 210",CUST026414,"Vivek Saini",366460.10,2
BR0210,"Delhi Branch 210",CUST019415,"Vikas Rathore",315627.61,3
BR0211,"Ahmedabad Branch 211",CUST006209,"Karan Mishra",299174.99,1
BR0211,"Ahmedabad Branch 211",CUST010248,"Priya Bansal",299012.99,2
BR0211,"Ahmedabad Branch 211",CUST092388,"Amit Joshi",298984.28,3
BR0212,"Kota Branch 212",CUST090277,"Arjun Kumar",520457.73,1
BR0212,"Kota Branch 212",CUST064298,"Ankit Bansal",299876.01,2
BR0212,"Kota Branch 212",CUST073258,"Neha Singh",299660.63,3
BR0213,"Kota Branch 213",CUST003881,"Rahul Jain",412463.21,1
BR0213,"Kota Branch 213",CUST046483,"Sneha Joshi",299831.55,2
BR0213,"Kota Branch 213",CUST036320,"Karan Kumar",298474.74,3
BR0214,"Chandigarh Branch 214",CUST014804,"Ankit Agarwal",459883.80,1
BR0214,"Chandigarh Branch 214",CUST024576,"Rahul Jain",384653.94,2
BR0214,"Chandigarh Branch 214",CUST048907,"Simran Rathore",301009.21,3
BR0215,"Chennai Branch 215",CUST076209,"Nikhil Choudhary",485806.90,1
BR0215,"Chennai Branch 215",CUST027420,"Deepak Jain",426962.66,2
BR0215,"Chennai Branch 215",CUST047999,"Komal Sharma",364828.68,3
BR0216,"Bengaluru Branch 216",CUST011371,"Simran Verma",473839.04,1
BR0216,"Bengaluru Branch 216",CUST017775,"Pawan Choudhary",457664.87,2
BR0216,"Bengaluru Branch 216",CUST000655,"Ankit Kumar",444363.58,3
BR0217,"Bengaluru Branch 217",CUST082228,"Amit Rathore",459591.33,1
BR0217,"Bengaluru Branch 217",CUST028745,"Shreya Jain",327978.22,2
BR0217,"Bengaluru Branch 217",CUST040282,"Simran Jain",299897.83,3
BR0218,"Alwar Branch 218",CUST004817,"Neha Agarwal",394076.87,1
BR0218,"Alwar Branch 218",CUST084198,"Riya Patel",354656.25,2
BR0218,"Alwar Branch 218",CUST064667,"Kavita Tiwari",340262.58,3
BR0219,"Ahmedabad Branch 219",CUST032902,"Amit Saini",499862.26,1
BR0219,"Ahmedabad Branch 219",CUST031406,"Pooja Choudhary",450440.10,2
BR0219,"Ahmedabad Branch 219",CUST037743,"Rahul Singh",380661.87,3
BR0220,"Jodhpur Branch 220",CUST021607,"Karan Malhotra",539251.29,1
BR0220,"Jodhpur Branch 220",CUST036526,"Simran Saini",488350.20,2
BR0220,"Jodhpur Branch 220",CUST090029,"Vikas Agarwal",413445.00,3
BR0221,"Mumbai Branch 221",CUST081588,"Pawan Choudhary",313567.89,1
BR0221,"Mumbai Branch 221",CUST016611,"Vivek Gupta",312671.68,2
BR0221,"Mumbai Branch 221",CUST018582,"Amit Mehta",299700.18,3
BR0222,"Chandigarh Branch 222",CUST094199,"Nikhil Gupta",383517.44,1
BR0222,"Chandigarh Branch 222",CUST022459,"Rohit Gupta",318513.84,2
BR0222,"Chandigarh Branch 222",CUST059487,"Rohit Tiwari",299668.18,3
BR0223,"Lucknow Branch 223",CUST032864,"Manish Mehta",499571.39,1
BR0223,"Lucknow Branch 223",CUST074565,"Suresh Mehta",486140.47,2
BR0223,"Lucknow Branch 223",CUST085969,"Rohit Patel",335922.30,3
BR0224,"Delhi Branch 224",CUST044532,"Karan Malhotra",299062.36,1
BR0224,"Delhi Branch 224",CUST087717,"Riya Choudhary",298455.28,2
BR0224,"Delhi Branch 224",CUST071643,"Suresh Verma",297501.75,3
BR0225,"Pune Branch 225",CUST072211,"Vikas Sharma",456825.04,1
BR0225,"Pune Branch 225",CUST087759,"Deepak Kumar",399388.63,2
BR0225,"Pune Branch 225",CUST051012,"Pooja Verma",299076.59,3
BR0226,"Pune Branch 226",CUST017073,"Neha Sharma",321038.04,1
BR0226,"Pune Branch 226",CUST007183,"Vivek Mehta",299882.92,2
BR0226,"Pune Branch 226",CUST055695,"Simran Rathore",299874.88,3
BR0227,"Lucknow Branch 227",CUST096419,"Riya Mishra",526670.66,1
BR0227,"Lucknow Branch 227",CUST020053,"Neha Sharma",512506.73,2
BR0227,"Lucknow Branch 227",CUST049337,"Karan Joshi",503773.45,3
BR0228,"Jodhpur Branch 228",CUST065319,"Meena Yadav",532686.80,1
BR0228,"Jodhpur Branch 228",CUST035155,"Vikas Bansal",319097.94,2
BR0228,"Jodhpur Branch 228",CUST020897,"Nikhil Verma",313442.27,3
BR0229,"Mumbai Branch 229",CUST064420,"Ankit Choudhary",563370.63,1
BR0229,"Mumbai Branch 229",CUST043322,"Karan Rathore",557468.40,2
BR0229,"Mumbai Branch 229",CUST081200,"Pooja Jain",390696.27,3
BR0230,"Delhi Branch 230",CUST031070,"Manish Jain",509694.84,1
BR0230,"Delhi Branch 230",CUST013276,"Rohit Bansal",392340.10,2
BR0230,"Delhi Branch 230",CUST004449,"Pooja Jain",340488.92,3
BR0231,"Alwar Branch 231",CUST018136,"Amit Kumar",511293.29,1
BR0231,"Alwar Branch 231",CUST086950,"Deepak Verma",394373.09,2
BR0231,"Alwar Branch 231",CUST015257,"Manish Kumar",385849.24,3
BR0232,"Pune Branch 232",CUST087042,"Ankit Jain",312388.90,1
BR0232,"Pune Branch 232",CUST079167,"Kavita Gupta",299888.69,2
BR0232,"Pune Branch 232",CUST075165,"Arjun Mehta",298795.08,3
BR0233,"Jodhpur Branch 233",CUST000945,"Simran Mehta",521196.34,1
BR0233,"Jodhpur Branch 233",CUST059184,"Meena Tiwari",482329.55,2
BR0233,"Jodhpur Branch 233",CUST039690,"Suresh Kumar",299637.45,3
BR0234,"Ahmedabad Branch 234",CUST048566,"Simran Sharma",446573.74,1
BR0234,"Ahmedabad Branch 234",CUST018761,"Kavita Rathore",402638.46,2
BR0234,"Ahmedabad Branch 234",CUST039486,"Pawan Singh",299764.90,3
BR0235,"Pune Branch 235",CUST087684,"Vikas Tiwari",464057.54,1
BR0235,"Pune Branch 235",CUST072477,"Deepak Rathore",409868.33,2
BR0235,"Pune Branch 235",CUST021920,"Deepak Kumar",395314.72,3
BR0236,"Chandigarh Branch 236",CUST008431,"Neha Rathore",517843.46,1
BR0236,"Chandigarh Branch 236",CUST060792,"Komal Malhotra",457580.74,2
BR0236,"Chandigarh Branch 236",CUST008602,"Vikas Bansal",457497.09,3
BR0237,"Kolkata Branch 237",CUST053016,"Vivek Bansal",432692.88,1
BR0237,"Kolkata Branch 237",CUST080419,"Riya Rathore",330767.48,2
BR0237,"Kolkata Branch 237",CUST059000,"Priya Jain",315992.93,3
BR0238,"Ahmedabad Branch 238",CUST066630,"Sneha Rathore",543225.37,1
BR0238,"Ahmedabad Branch 238",CUST008958,"Arjun Choudhary",331632.41,2
BR0238,"Ahmedabad Branch 238",CUST002351,"Sneha Saini",314528.53,3
BR0239,"Udaipur Branch 239",CUST047304,"Priya Singh",480643.27,1
BR0239,"Udaipur Branch 239",CUST038247,"Manish Kumar",449365.31,2
BR0239,"Udaipur Branch 239",CUST064172,"Arjun Joshi",401066.26,3
BR0240,"Ahmedabad Branch 240",CUST096663,"Sneha Agarwal",460434.18,1
BR0240,"Ahmedabad Branch 240",CUST012608,"Vikas Tiwari",356141.96,2
BR0240,"Ahmedabad Branch 240",CUST012007,"Vivek Jain",299798.71,3
BR0241,"Surat Branch 241",CUST063629,"Neha Bansal",432030.64,1
BR0241,"Surat Branch 241",CUST091902,"Kavita Gupta",336106.88,2
BR0241,"Surat Branch 241",CUST001357,"Meena Verma",299936.63,3
BR0242,"Chandigarh Branch 242",CUST045191,"Pawan Rathore",398641.77,1
BR0242,"Chandigarh Branch 242",CUST030170,"Arjun Mishra",356618.45,2
BR0242,"Chandigarh Branch 242",CUST005639,"Kavita Joshi",299995.91,3
BR0243,"Bengaluru Branch 243",CUST012466,"Meena Sharma",308452.97,1
BR0243,"Bengaluru Branch 243",CUST003931,"Kavita Tiwari",299678.25,2
BR0243,"Bengaluru Branch 243",CUST042607,"Karan Yadav",299440.53,3
BR0244,"Surat Branch 244",CUST031642,"Pawan Saini",457196.29,1
BR0244,"Surat Branch 244",CUST059468,"Neha Saini",355121.38,2
BR0244,"Surat Branch 244",CUST028609,"Manish Joshi",347806.53,3
BR0245,"Surat Branch 245",CUST092379,"Komal Bansal",390264.76,1
BR0245,"Surat Branch 245",CUST001466,"Anjali Choudhary",309758.62,2
BR0245,"Surat Branch 245",CUST006143,"Vikas Saini",298935.79,3
BR0246,"Lucknow Branch 246",CUST008626,"Suresh Mehta",531409.58,1
BR0246,"Lucknow Branch 246",CUST052172,"Riya Malhotra",435030.40,2
BR0246,"Lucknow Branch 246",CUST045863,"Priya Choudhary",341250.86,3
BR0247,"Bhopal Branch 247",CUST048395,"Rohit Mishra",656968.35,1
BR0247,"Bhopal Branch 247",CUST076317,"Sneha Mishra",467927.32,2
BR0247,"Bhopal Branch 247",CUST021394,"Ankit Bansal",465375.18,3
BR0248,"Surat Branch 248",CUST071159,"Shreya Joshi",363260.17,1
BR0248,"Surat Branch 248",CUST035081,"Komal Mehta",311031.64,2
BR0248,"Surat Branch 248",CUST070596,"Nikhil Joshi",299760.69,3
BR0249,"Chennai Branch 249",CUST003871,"Shreya Sharma",341129.34,1
BR0249,"Chennai Branch 249",CUST048441,"Neha Kumar",299974.74,2
BR0249,"Chennai Branch 249",CUST009956,"Simran Rathore",299820.18,3
BR0250,"Indore Branch 250",CUST054130,"Amit Tiwari",483125.16,1
BR0250,"Indore Branch 250",CUST077201,"Riya Sharma",476507.59,2
BR0250,"Indore Branch 250",CUST079661,"Sneha Sharma",318902.07,3
BR0251,"Jaipur Branch 251",CUST007917,"Arjun Jain",416746.30,1
BR0251,"Jaipur Branch 251",CUST088550,"Manish Malhotra",367473.49,2
BR0251,"Jaipur Branch 251",CUST032558,"Anjali Rathore",308586.83,3
BR0252,"Chandigarh Branch 252",CUST074918,"Suresh Kumar",939078.22,1
BR0252,"Chandigarh Branch 252",CUST040503,"Suresh Malhotra",599530.56,2
BR0252,"Chandigarh Branch 252",CUST037081,"Pooja Mishra",598471.14,3
BR0253,"Alwar Branch 253",CUST081871,"Pooja Mehta",548007.68,1
BR0253,"Alwar Branch 253",CUST037117,"Kavita Rathore",539581.99,2
BR0253,"Alwar Branch 253",CUST089409,"Nikhil Gupta",415334.04,3
BR0254,"Kota Branch 254",CUST035987,"Rohit Verma",458532.21,1
BR0254,"Kota Branch 254",CUST060216,"Pooja Patel",372224.32,2
BR0254,"Kota Branch 254",CUST007173,"Nikhil Choudhary",333140.33,3
BR0255,"Alwar Branch 255",CUST001473,"Riya Patel",447998.30,1
BR0255,"Alwar Branch 255",CUST082768,"Pooja Gupta",332138.40,2
BR0255,"Alwar Branch 255",CUST071637,"Sneha Yadav",299734.69,3
BR0256,"Chandigarh Branch 256",CUST063593,"Nikhil Kumar",446885.13,1
BR0256,"Chandigarh Branch 256",CUST049820,"Simran Rathore",299506.22,2
BR0256,"Chandigarh Branch 256",CUST014366,"Meena Gupta",298966.79,3
BR0257,"Alwar Branch 257",CUST094842,"Rahul Saini",590201.30,1
BR0257,"Alwar Branch 257",CUST062909,"Karan Gupta",432600.70,2
BR0257,"Alwar Branch 257",CUST019813,"Pooja Jain",415534.16,3
BR0258,"Alwar Branch 258",CUST011771,"Vikas Agarwal",466761.42,1
BR0258,"Alwar Branch 258",CUST082963,"Ankit Jain",299848.02,2
BR0258,"Alwar Branch 258",CUST040796,"Komal Gupta",299443.51,3
BR0259,"Kolkata Branch 259",CUST084906,"Komal Agarwal",508739.90,1
BR0259,"Kolkata Branch 259",CUST066680,"Nikhil Mishra",397759.25,2
BR0259,"Kolkata Branch 259",CUST026132,"Riya Patel",370858.81,3
BR0260,"Indore Branch 260",CUST018540,"Neha Tiwari",471929.51,1
BR0260,"Indore Branch 260",CUST048507,"Vivek Singh",429493.60,2
BR0260,"Indore Branch 260",CUST004951,"Pooja Verma",397630.47,3
BR0261,"Bengaluru Branch 261",CUST063465,"Arjun Bansal",483100.38,1
BR0261,"Bengaluru Branch 261",CUST023039,"Vivek Gupta",472526.87,2
BR0261,"Bengaluru Branch 261",CUST063016,"Ankit Singh",299849.64,3
BR0262,"Delhi Branch 262",CUST077678,"Vikas Malhotra",599990.04,1
BR0262,"Delhi Branch 262",CUST016270,"Rohit Saini",377042.71,2
BR0262,"Delhi Branch 262",CUST073189,"Sneha Kumar",299907.89,3
BR0263,"Surat Branch 263",CUST006063,"Shreya Kumar",564321.59,1
BR0263,"Surat Branch 263",CUST092213,"Nikhil Patel",507378.20,2
BR0263,"Surat Branch 263",CUST095936,"Suresh Bansal",299148.84,3
BR0264,"Mumbai Branch 264",CUST092765,"Vikas Sharma",342896.61,1
BR0264,"Mumbai Branch 264",CUST098082,"Pooja Jain",299713.96,2
BR0264,"Mumbai Branch 264",CUST082524,"Neha Singh",299690.18,3
BR0265,"Kolkata Branch 265",CUST065699,"Neha Joshi",421840.40,1
BR0265,"Kolkata Branch 265",CUST026491,"Ankit Sharma",299900.68,2
BR0265,"Kolkata Branch 265",CUST046422,"Kavita Patel",299419.15,3
BR0266,"Mumbai Branch 266",CUST096668,"Arjun Verma",408273.80,1
BR0266,"Mumbai Branch 266",CUST034971,"Pooja Mehta",400602.68,2
BR0266,"Mumbai Branch 266",CUST072154,"Pooja Mehta",350980.23,3
BR0267,"Udaipur Branch 267",CUST025637,"Meena Choudhary",421168.32,1
BR0267,"Udaipur Branch 267",CUST089235,"Amit Kumar",407542.28,2
BR0267,"Udaipur Branch 267",CUST064831,"Komal Saini",372507.68,3
BR0268,"Chennai Branch 268",CUST019550,"Pooja Singh",380542.94,1
BR0268,"Chennai Branch 268",CUST080469,"Simran Gupta",299468.86,2
BR0268,"Chennai Branch 268",CUST093379,"Deepak Choudhary",299424.90,3
BR0269,"Pune Branch 269",CUST029925,"Vikas Malhotra",402305.77,1
BR0269,"Pune Branch 269",CUST084799,"Rahul Yadav",348116.47,2
BR0269,"Pune Branch 269",CUST098464,"Vivek Mishra",343641.38,3
BR0270,"Chennai Branch 270",CUST071194,"Nikhil Singh",522403.96,1
BR0270,"Chennai Branch 270",CUST002943,"Anjali Bansal",299572.96,2
BR0270,"Chennai Branch 270",CUST078477,"Rohit Malhotra",299563.29,3
BR0271,"Kolkata Branch 271",CUST039748,"Manish Singh",407563.73,1
BR0271,"Kolkata Branch 271",CUST030638,"Sneha Verma",392837.84,2
BR0271,"Kolkata Branch 271",CUST043698,"Vivek Saini",299958.43,3
BR0272,"Chandigarh Branch 272",CUST012949,"Simran Patel",475804.53,1
BR0272,"Chandigarh Branch 272",CUST044178,"Sneha Bansal",446263.95,2
BR0272,"Chandigarh Branch 272",CUST064951,"Suresh Yadav",404901.52,3
BR0273,"Udaipur Branch 273",CUST038521,"Amit Joshi",449925.32,1
BR0273,"Udaipur Branch 273",CUST055671,"Karan Gupta",447924.60,2
BR0273,"Udaipur Branch 273",CUST025597,"Priya Choudhary",442343.80,3
BR0274,"Ahmedabad Branch 274",CUST059323,"Kavita Mehta",299596.39,1
BR0274,"Ahmedabad Branch 274",CUST038829,"Pooja Choudhary",298931.74,2
BR0274,"Ahmedabad Branch 274",CUST044296,"Sneha Agarwal",298833.40,3
BR0275,"Ahmedabad Branch 275",CUST022925,"Arjun Jain",321313.76,1
BR0275,"Ahmedabad Branch 275",CUST069791,"Meena Malhotra",299906.98,2
BR0275,"Ahmedabad Branch 275",CUST067656,"Riya Jain",299066.93,3
BR0276,"Mumbai Branch 276",CUST085605,"Manish Singh",562392.74,1
BR0276,"Mumbai Branch 276",CUST088580,"Sneha Saini",472613.65,2
BR0276,"Mumbai Branch 276",CUST060311,"Suresh Kumar",319851.80,3
BR0277,"Lucknow Branch 277",CUST039950,"Kavita Jain",506181.47,1
BR0277,"Lucknow Branch 277",CUST062627,"Sneha Yadav",481045.14,2
BR0277,"Lucknow Branch 277",CUST028717,"Vikas Joshi",308926.84,3
BR0278,"Mumbai Branch 278",CUST024868,"Pawan Rathore",594142.22,1
BR0278,"Mumbai Branch 278",CUST058274,"Manish Gupta",417725.91,2
BR0278,"Mumbai Branch 278",CUST024596,"Meena Jain",399186.26,3
BR0279,"Kota Branch 279",CUST080091,"Rahul Singh",474520.66,1
BR0279,"Kota Branch 279",CUST012152,"Rohit Agarwal",374880.99,2
BR0279,"Kota Branch 279",CUST041873,"Rohit Patel",350147.01,3
BR0280,"Jaipur Branch 280",CUST090142,"Shreya Tiwari",565038.57,1
BR0280,"Jaipur Branch 280",CUST090725,"Deepak Patel",410773.63,2
BR0280,"Jaipur Branch 280",CUST003496,"Vikas Gupta",348598.17,3
BR0281,"Bhopal Branch 281",CUST068723,"Arjun Bansal",346220.80,1
BR0281,"Bhopal Branch 281",CUST099595,"Manish Choudhary",299493.31,2
BR0281,"Bhopal Branch 281",CUST080458,"Simran Sharma",299063.12,3
BR0282,"Delhi Branch 282",CUST074471,"Amit Mehta",509998.02,1
BR0282,"Delhi Branch 282",CUST091449,"Sneha Singh",420266.21,2
BR0282,"Delhi Branch 282",CUST091734,"Vikas Jain",372181.37,3
BR0283,"Alwar Branch 283",CUST017828,"Rohit Choudhary",361754.90,1
BR0283,"Alwar Branch 283",CUST085069,"Shreya Bansal",299931.20,2
BR0283,"Alwar Branch 283",CUST037631,"Meena Patel",299859.27,3
BR0284,"Chandigarh Branch 284",CUST009080,"Shreya Mishra",434575.90,1
BR0284,"Chandigarh Branch 284",CUST089060,"Anjali Yadav",335429.06,2
BR0284,"Chandigarh Branch 284",CUST074501,"Kavita Kumar",299867.93,3
BR0285,"Surat Branch 285",CUST004497,"Suresh Malhotra",469824.48,1
BR0285,"Surat Branch 285",CUST021326,"Ankit Mehta",443832.79,2
BR0285,"Surat Branch 285",CUST075512,"Arjun Choudhary",423181.86,3
BR0286,"Bengaluru Branch 286",CUST071083,"Karan Choudhary",424424.16,1
BR0286,"Bengaluru Branch 286",CUST090172,"Pawan Malhotra",321348.34,2
BR0286,"Bengaluru Branch 286",CUST081866,"Neha Joshi",303189.39,3
BR0287,"Jaipur Branch 287",CUST069369,"Riya Yadav",394534.83,1
BR0287,"Jaipur Branch 287",CUST001526,"Priya Yadav",349913.15,2
BR0287,"Jaipur Branch 287",CUST084785,"Amit Sharma",299998.06,3
BR0288,"Delhi Branch 288",CUST082025,"Ankit Patel",393997.22,1
BR0288,"Delhi Branch 288",CUST054800,"Rahul Mehta",381420.74,2
BR0288,"Delhi Branch 288",CUST037952,"Kavita Bansal",370200.29,3
BR0289,"Pune Branch 289",CUST006590,"Suresh Yadav",497158.10,1
BR0289,"Pune Branch 289",CUST063056,"Kavita Mishra",462980.02,2
BR0289,"Pune Branch 289",CUST020063,"Neha Yadav",380921.41,3
BR0290,"Bengaluru Branch 290",CUST060437,"Pooja Saini",588792.86,1
BR0290,"Bengaluru Branch 290",CUST015161,"Karan Tiwari",458931.50,2
BR0290,"Bengaluru Branch 290",CUST034864,"Deepak Gupta",434373.46,3
BR0291,"Kolkata Branch 291",CUST024498,"Sneha Patel",456783.64,1
BR0291,"Kolkata Branch 291",CUST094035,"Amit Mehta",313512.24,2
BR0291,"Kolkata Branch 291",CUST004953,"Rohit Patel",299973.64,3
BR0292,"Ahmedabad Branch 292",CUST085948,"Deepak Verma",438735.44,1
BR0292,"Ahmedabad Branch 292",CUST090560,"Simran Verma",342358.91,2
BR0292,"Ahmedabad Branch 292",CUST050056,"Vikas Sharma",299757.62,3
BR0293,"Jodhpur Branch 293",CUST093812,"Neha Patel",485780.38,1
BR0293,"Jodhpur Branch 293",CUST049556,"Manish Verma",461235.39,2
BR0293,"Jodhpur Branch 293",CUST051284,"Kavita Rathore",406474.96,3
BR0294,"Kota Branch 294",CUST070925,"Arjun Rathore",430612.74,1
BR0294,"Kota Branch 294",CUST033094,"Komal Singh",420385.90,2
BR0294,"Kota Branch 294",CUST012535,"Shreya Rathore",320062.54,3
BR0295,"Delhi Branch 295",CUST098115,"Riya Choudhary",350897.42,1
BR0295,"Delhi Branch 295",CUST016749,"Vivek Mehta",341580.80,2
BR0295,"Delhi Branch 295",CUST092583,"Vivek Sharma",339556.99,3
BR0296,"Jaipur Branch 296",CUST001140,"Pooja Mehta",481368.01,1
BR0296,"Jaipur Branch 296",CUST058909,"Arjun Yadav",434874.61,2
BR0296,"Jaipur Branch 296",CUST062738,"Komal Kumar",306821.30,3
BR0297,"Kolkata Branch 297",CUST068573,"Neha Kumar",539657.66,1
BR0297,"Kolkata Branch 297",CUST030256,"Manish Tiwari",348412.41,2
BR0297,"Kolkata Branch 297",CUST073918,"Nikhil Jain",312557.40,3
BR0298,"Hyderabad Branch 298",CUST099606,"Suresh Verma",481713.19,1
BR0298,"Hyderabad Branch 298",CUST052980,"Riya Joshi",471007.34,2
BR0298,"Hyderabad Branch 298",CUST082357,"Meena Verma",391136.98,3
BR0299,"Lucknow Branch 299",CUST020931,"Pawan Agarwal",599751.48,1
BR0299,"Lucknow Branch 299",CUST045164,"Vivek Rathore",398887.08,2
BR0299,"Lucknow Branch 299",CUST023931,"Karan Tiwari",385261.44,3
BR0300,"Bhopal Branch 300",CUST084162,"Ankit Malhotra",441086.15,1
BR0300,"Bhopal Branch 300",CUST076021,"Riya Mehta",330321.10,2
BR0300,"Bhopal Branch 300",CUST028522,"Ankit Singh",328994.46,3
BR0301,"Bhopal Branch 301",CUST006091,"Amit Patel",299549.52,1
BR0301,"Bhopal Branch 301",CUST001518,"Pawan Agarwal",298348.52,2
BR0301,"Bhopal Branch 301",CUST033876,"Shreya Tiwari",298121.09,3
BR0302,"Chennai Branch 302",CUST082371,"Sneha Saini",594717.96,1
BR0302,"Chennai Branch 302",CUST002376,"Sneha Choudhary",377309.78,2
BR0302,"Chennai Branch 302",CUST088804,"Kavita Kumar",350365.20,3
BR0303,"Indore Branch 303",CUST079459,"Arjun Sharma",470337.78,1
BR0303,"Indore Branch 303",CUST027287,"Neha Mishra",408531.14,2
BR0303,"Indore Branch 303",CUST063570,"Komal Mishra",378071.32,3
BR0304,"Jodhpur Branch 304",CUST079236,"Riya Malhotra",356224.75,1
BR0304,"Jodhpur Branch 304",CUST028314,"Anjali Yadav",299272.17,2
BR0304,"Jodhpur Branch 304",CUST068044,"Nikhil Mishra",298770.79,3
BR0305,"Jodhpur Branch 305",CUST003573,"Pooja Saini",448019.09,1
BR0305,"Jodhpur Branch 305",CUST066354,"Pooja Gupta",299908.85,2
BR0305,"Jodhpur Branch 305",CUST096683,"Priya Jain",299295.89,3
BR0306,"Jodhpur Branch 306",CUST081061,"Neha Sharma",299889.12,1
BR0306,"Jodhpur Branch 306",CUST029057,"Simran Mishra",299744.26,2
BR0306,"Jodhpur Branch 306",CUST074392,"Riya Tiwari",299706.75,3
BR0307,"Surat Branch 307",CUST064290,"Shreya Tiwari",419691.57,1
BR0307,"Surat Branch 307",CUST007287,"Komal Singh",299193.01,2
BR0307,"Surat Branch 307",CUST010377,"Shreya Jain",299151.80,3
BR0308,"Pune Branch 308",CUST098042,"Arjun Joshi",423334.71,1
BR0308,"Pune Branch 308",CUST019675,"Meena Singh",336893.35,2
BR0308,"Pune Branch 308",CUST053455,"Simran Agarwal",299859.48,3
BR0309,"Alwar Branch 309",CUST063614,"Vivek Joshi",413951.04,1
BR0309,"Alwar Branch 309",CUST091317,"Rahul Kumar",355104.59,2
BR0309,"Alwar Branch 309",CUST000383,"Deepak Singh",347753.09,3
BR0310,"Kolkata Branch 310",CUST029971,"Neha Yadav",580124.23,1
BR0310,"Kolkata Branch 310",CUST098271,"Shreya Mehta",413710.09,2
BR0310,"Kolkata Branch 310",CUST007793,"Anjali Saini",409502.57,3
BR0311,"Ahmedabad Branch 311",CUST021940,"Riya Agarwal",439883.98,1
BR0311,"Ahmedabad Branch 311",CUST057800,"Deepak Patel",347216.43,2
BR0311,"Ahmedabad Branch 311",CUST094438,"Arjun Mishra",335742.99,3
BR0312,"Kolkata Branch 312",CUST055613,"Rahul Saini",404854.96,1
BR0312,"Kolkata Branch 312",CUST080111,"Komal Rathore",347462.60,2
BR0312,"Kolkata Branch 312",CUST095149,"Nikhil Rathore",299614.28,3
BR0313,"Udaipur Branch 313",CUST011569,"Priya Mehta",492658.21,1
BR0313,"Udaipur Branch 313",CUST065417,"Vivek Mehta",483556.97,2
BR0313,"Udaipur Branch 313",CUST072602,"Shreya Mehta",453312.82,3
BR0314,"Alwar Branch 314",CUST081218,"Anjali Mishra",517433.11,1
BR0314,"Alwar Branch 314",CUST052915,"Manish Kumar",396383.16,2
BR0314,"Alwar Branch 314",CUST011283,"Simran Jain",377372.49,3
BR0315,"Chennai Branch 315",CUST079400,"Ankit Saini",543571.01,1
BR0315,"Chennai Branch 315",CUST058673,"Priya Malhotra",482735.12,2
BR0315,"Chennai Branch 315",CUST086368,"Arjun Singh",478526.11,3
BR0316,"Bhopal Branch 316",CUST050850,"Manish Choudhary",527607.97,1
BR0316,"Bhopal Branch 316",CUST053094,"Vikas Mishra",419449.56,2
BR0316,"Bhopal Branch 316",CUST057217,"Simran Verma",299825.36,3
BR0317,"Bhopal Branch 317",CUST087975,"Amit Bansal",431333.80,1
BR0317,"Bhopal Branch 317",CUST094167,"Rahul Tiwari",365282.52,2
BR0317,"Bhopal Branch 317",CUST041318,"Priya Verma",324863.46,3
BR0318,"Udaipur Branch 318",CUST034119,"Suresh Choudhary",323266.28,1
BR0318,"Udaipur Branch 318",CUST080547,"Anjali Sharma",299298.62,2
BR0318,"Udaipur Branch 318",CUST059838,"Amit Malhotra",299253.72,3
BR0319,"Kota Branch 319",CUST080316,"Riya Kumar",549824.06,1
BR0319,"Kota Branch 319",CUST082263,"Komal Rathore",317726.91,2
BR0319,"Kota Branch 319",CUST092060,"Vikas Bansal",299914.76,3
BR0320,"Alwar Branch 320",CUST005929,"Neha Sharma",593048.50,1
BR0320,"Alwar Branch 320",CUST005982,"Deepak Patel",466608.46,2
BR0320,"Alwar Branch 320",CUST096946,"Nikhil Tiwari",362790.33,3
BR0321,"Pune Branch 321",CUST051554,"Suresh Patel",581945.96,1
BR0321,"Pune Branch 321",CUST090396,"Vivek Mishra",446426.56,2
BR0321,"Pune Branch 321",CUST096936,"Meena Jain",299162.83,3
BR0322,"Chandigarh Branch 322",CUST062177,"Vivek Rathore",445040.98,1
BR0322,"Chandigarh Branch 322",CUST005685,"Suresh Kumar",408492.51,2
BR0322,"Chandigarh Branch 322",CUST053194,"Neha Mehta",320212.96,3
BR0323,"Kota Branch 323",CUST037504,"Vikas Saini",518369.97,1
BR0323,"Kota Branch 323",CUST067508,"Vivek Jain",397288.74,2
BR0323,"Kota Branch 323",CUST076359,"Manish Singh",366000.41,3
BR0324,"Lucknow Branch 324",CUST065585,"Vikas Jain",322284.99,1
BR0324,"Lucknow Branch 324",CUST089477,"Ankit Choudhary",298482.57,2
BR0324,"Lucknow Branch 324",CUST045775,"Meena Kumar",298350.99,3
BR0325,"Udaipur Branch 325",CUST071944,"Suresh Agarwal",514981.72,1
BR0325,"Udaipur Branch 325",CUST008441,"Pawan Yadav",512225.74,2
BR0325,"Udaipur Branch 325",CUST024543,"Rohit Singh",424496.88,3
BR0326,"Chennai Branch 326",CUST083183,"Nikhil Gupta",461311.38,1
BR0326,"Chennai Branch 326",CUST073286,"Amit Gupta",359150.88,2
BR0326,"Chennai Branch 326",CUST085799,"Pooja Yadav",303308.91,3
BR0327,"Mumbai Branch 327",CUST027489,"Pooja Verma",367164.75,1
BR0327,"Mumbai Branch 327",CUST000078,"Ankit Bansal",361017.89,2
BR0327,"Mumbai Branch 327",CUST059915,"Suresh Bansal",299747.07,3
BR0328,"Chennai Branch 328",CUST070634,"Manish Patel",384252.64,1
BR0328,"Chennai Branch 328",CUST023065,"Riya Bansal",353403.74,2
BR0328,"Chennai Branch 328",CUST008878,"Kavita Yadav",311910.28,3
BR0329,"Chandigarh Branch 329",CUST074815,"Simran Agarwal",595599.26,1
BR0329,"Chandigarh Branch 329",CUST087769,"Pooja Verma",422689.22,2
BR0329,"Chandigarh Branch 329",CUST090568,"Vikas Joshi",346745.58,3
BR0330,"Delhi Branch 330",CUST074548,"Ankit Tiwari",476209.77,1
BR0330,"Delhi Branch 330",CUST040169,"Komal Kumar",361858.58,2
BR0330,"Delhi Branch 330",CUST037908,"Karan Rathore",356209.05,3
BR0331,"Kolkata Branch 331",CUST032356,"Anjali Gupta",504017.24,1
BR0331,"Kolkata Branch 331",CUST007243,"Sneha Sharma",480272.95,2
BR0331,"Kolkata Branch 331",CUST027645,"Arjun Mehta",446380.21,3
BR0332,"Bhopal Branch 332",CUST005865,"Simran Kumar",473960.44,1
BR0332,"Bhopal Branch 332",CUST060892,"Vivek Yadav",388540.08,2
BR0332,"Bhopal Branch 332",CUST009006,"Ankit Bansal",375913.56,3
BR0333,"Indore Branch 333",CUST019163,"Neha Choudhary",463796.24,1
BR0333,"Indore Branch 333",CUST043723,"Vikas Verma",348707.76,2
BR0333,"Indore Branch 333",CUST097133,"Suresh Rathore",299681.32,3
BR0334,"Pune Branch 334",CUST002548,"Komal Agarwal",430734.40,1
BR0334,"Pune Branch 334",CUST026672,"Vikas Mishra",400942.64,2
BR0334,"Pune Branch 334",CUST062642,"Kavita Yadav",325234.30,3
BR0335,"Kota Branch 335",CUST062419,"Meena Choudhary",487278.48,1
BR0335,"Kota Branch 335",CUST005277,"Komal Mehta",425997.61,2
BR0335,"Kota Branch 335",CUST051695,"Meena Bansal",407228.61,3
BR0336,"Bhopal Branch 336",CUST024442,"Priya Malhotra",472867.05,1
BR0336,"Bhopal Branch 336",CUST064536,"Simran Rathore",415176.47,2
BR0336,"Bhopal Branch 336",CUST032996,"Manish Yadav",399661.29,3
BR0337,"Kolkata Branch 337",CUST043933,"Vivek Gupta",328109.96,1
BR0337,"Kolkata Branch 337",CUST043293,"Anjali Choudhary",299743.27,2
BR0337,"Kolkata Branch 337",CUST079711,"Kavita Malhotra",299401.05,3
BR0338,"Bhopal Branch 338",CUST073982,"Vivek Singh",511037.12,1
BR0338,"Bhopal Branch 338",CUST002635,"Amit Singh",299980.61,2
BR0338,"Bhopal Branch 338",CUST017350,"Meena Tiwari",299963.11,3
BR0339,"Jaipur Branch 339",CUST080145,"Riya Agarwal",331996.02,1
BR0339,"Jaipur Branch 339",CUST035677,"Shreya Rathore",299588.69,2
BR0339,"Jaipur Branch 339",CUST012036,"Sneha Joshi",299101.29,3
BR0340,"Jaipur Branch 340",CUST016587,"Pooja Mehta",458862.79,1
BR0340,"Jaipur Branch 340",CUST090350,"Rahul Malhotra",299658.29,2
BR0340,"Jaipur Branch 340",CUST050126,"Vikas Yadav",299433.45,3
BR0341,"Kolkata Branch 341",CUST082840,"Priya Rathore",406665.25,1
BR0341,"Kolkata Branch 341",CUST035159,"Pawan Joshi",379947.60,2
BR0341,"Kolkata Branch 341",CUST019159,"Pawan Singh",344862.40,3
BR0342,"Ahmedabad Branch 342",CUST079460,"Manish Yadav",529699.29,1
BR0342,"Ahmedabad Branch 342",CUST019171,"Komal Saini",529513.84,2
BR0342,"Ahmedabad Branch 342",CUST038260,"Karan Joshi",522985.52,3
BR0343,"Indore Branch 343",CUST051379,"Deepak Patel",327651.62,1
BR0343,"Indore Branch 343",CUST060392,"Suresh Patel",299904.95,2
BR0343,"Indore Branch 343",CUST015651,"Anjali Saini",299482.90,3
BR0344,"Kolkata Branch 344",CUST054628,"Arjun Gupta",508905.15,1
BR0344,"Kolkata Branch 344",CUST046727,"Meena Joshi",426953.63,2
BR0344,"Kolkata Branch 344",CUST077283,"Kavita Yadav",349937.22,3
BR0345,"Delhi Branch 345",CUST082975,"Simran Rathore",583666.56,1
BR0345,"Delhi Branch 345",CUST044511,"Meena Malhotra",578395.86,2
BR0345,"Delhi Branch 345",CUST089907,"Manish Mishra",506691.73,3
BR0346,"Bengaluru Branch 346",CUST039204,"Deepak Yadav",301093.96,1
BR0346,"Bengaluru Branch 346",CUST043284,"Neha Verma",299979.85,2
BR0346,"Bengaluru Branch 346",CUST028716,"Simran Mishra",299749.44,3
BR0347,"Indore Branch 347",CUST083018,"Pawan Tiwari",461944.95,1
BR0347,"Indore Branch 347",CUST092307,"Meena Mishra",425562.66,2
BR0347,"Indore Branch 347",CUST001988,"Meena Agarwal",407434.18,3
BR0348,"Delhi Branch 348",CUST098827,"Ankit Mehta",559648.54,1
BR0348,"Delhi Branch 348",CUST093080,"Neha Gupta",516160.08,2
BR0348,"Delhi Branch 348",CUST035177,"Shreya Sharma",461689.86,3
BR0349,"Surat Branch 349",CUST016178,"Shreya Sharma",299822.00,1
BR0349,"Surat Branch 349",CUST057585,"Rohit Rathore",299315.15,2
BR0349,"Surat Branch 349",CUST063513,"Karan Agarwal",299301.36,3
BR0350,"Jaipur Branch 350",CUST035798,"Rahul Choudhary",602317.54,1
BR0350,"Jaipur Branch 350",CUST015366,"Deepak Saini",499422.08,2
BR0350,"Jaipur Branch 350",CUST087565,"Priya Agarwal",298636.60,3
BR0351,"Lucknow Branch 351",CUST045493,"Vivek Sharma",520661.02,1
BR0351,"Lucknow Branch 351",CUST011204,"Sneha Jain",299784.62,2
BR0351,"Lucknow Branch 351",CUST087123,"Anjali Joshi",299542.93,3
BR0352,"Kolkata Branch 352",CUST066493,"Manish Kumar",461706.79,1
BR0352,"Kolkata Branch 352",CUST085132,"Riya Verma",405568.15,2
BR0352,"Kolkata Branch 352",CUST095088,"Karan Verma",357797.45,3
BR0353,"Jodhpur Branch 353",CUST037583,"Deepak Bansal",348907.11,1
BR0353,"Jodhpur Branch 353",CUST052184,"Neha Sharma",301685.19,2
BR0353,"Jodhpur Branch 353",CUST028762,"Komal Kumar",299726.58,3
BR0354,"Bhopal Branch 354",CUST023983,"Kavita Choudhary",500974.88,1
BR0354,"Bhopal Branch 354",CUST010087,"Ankit Malhotra",352789.76,2
BR0354,"Bhopal Branch 354",CUST030923,"Rahul Tiwari",314534.83,3
BR0355,"Udaipur Branch 355",CUST052987,"Riya Gupta",481351.41,1
BR0355,"Udaipur Branch 355",CUST077834,"Sneha Gupta",373139.11,2
BR0355,"Udaipur Branch 355",CUST093402,"Rohit Sharma",361886.62,3
BR0356,"Pune Branch 356",CUST089100,"Deepak Joshi",500589.37,1
BR0356,"Pune Branch 356",CUST091212,"Ankit Rathore",491905.42,2
BR0356,"Pune Branch 356",CUST019873,"Kavita Bansal",299700.91,3
BR0357,"Hyderabad Branch 357",CUST003519,"Manish Kumar",490930.92,1
BR0357,"Hyderabad Branch 357",CUST036795,"Suresh Choudhary",481001.37,2
BR0357,"Hyderabad Branch 357",CUST074046,"Suresh Singh",429495.39,3
BR0358,"Lucknow Branch 358",CUST050647,"Vivek Mishra",440374.86,1
BR0358,"Lucknow Branch 358",CUST090856,"Karan Rathore",437783.66,2
BR0358,"Lucknow Branch 358",CUST034874,"Manish Saini",299972.38,3
BR0359,"Jaipur Branch 359",CUST028564,"Deepak Singh",585273.32,1
BR0359,"Jaipur Branch 359",CUST023822,"Komal Tiwari",535079.33,2
BR0359,"Jaipur Branch 359",CUST058593,"Nikhil Sharma",378407.26,3
BR0360,"Delhi Branch 360",CUST008547,"Sneha Joshi",438920.14,1
BR0360,"Delhi Branch 360",CUST073873,"Amit Mishra",406596.01,2
BR0360,"Delhi Branch 360",CUST049161,"Vivek Bansal",387892.19,3
BR0361,"Delhi Branch 361",CUST018685,"Deepak Bansal",560564.76,1
BR0361,"Delhi Branch 361",CUST042861,"Riya Gupta",513265.34,2
BR0361,"Delhi Branch 361",CUST064954,"Pooja Agarwal",327845.05,3
BR0362,"Delhi Branch 362",CUST003025,"Karan Saini",481623.16,1
BR0362,"Delhi Branch 362",CUST054046,"Komal Mehta",317414.29,2
BR0362,"Delhi Branch 362",CUST085478,"Karan Gupta",299907.71,3
BR0363,"Kota Branch 363",CUST097613,"Rahul Malhotra",430087.19,1
BR0363,"Kota Branch 363",CUST083804,"Sneha Gupta",382564.17,2
BR0363,"Kota Branch 363",CUST074792,"Meena Agarwal",372329.26,3
BR0364,"Delhi Branch 364",CUST085540,"Manish Yadav",352874.38,1
BR0364,"Delhi Branch 364",CUST029784,"Rahul Joshi",341772.65,2
BR0364,"Delhi Branch 364",CUST036848,"Suresh Singh",298461.81,3
BR0365,"Surat Branch 365",CUST046844,"Neha Malhotra",431309.87,1
BR0365,"Surat Branch 365",CUST071321,"Komal Gupta",299777.52,2
BR0365,"Surat Branch 365",CUST000017,"Shreya Joshi",299570.33,3
BR0366,"Indore Branch 366",CUST056634,"Sneha Sharma",534212.24,1
BR0366,"Indore Branch 366",CUST025737,"Nikhil Bansal",373072.60,2
BR0366,"Indore Branch 366",CUST037501,"Pooja Saini",357662.44,3
BR0367,"Bengaluru Branch 367",CUST033534,"Nikhil Saini",483487.17,1
BR0367,"Bengaluru Branch 367",CUST067842,"Simran Choudhary",384352.33,2
BR0367,"Bengaluru Branch 367",CUST035922,"Sneha Tiwari",299952.33,3
BR0368,"Hyderabad Branch 368",CUST083443,"Anjali Patel",430147.38,1
BR0368,"Hyderabad Branch 368",CUST021183,"Suresh Sharma",323237.28,2
BR0368,"Hyderabad Branch 368",CUST065931,"Karan Jain",299772.10,3
BR0369,"Ahmedabad Branch 369",CUST057658,"Rohit Malhotra",510185.74,1
BR0369,"Ahmedabad Branch 369",CUST040307,"Rohit Saini",494560.82,2
BR0369,"Ahmedabad Branch 369",CUST048458,"Arjun Kumar",487512.81,3
BR0370,"Udaipur Branch 370",CUST030750,"Nikhil Agarwal",570604.07,1
BR0370,"Udaipur Branch 370",CUST078635,"Rahul Malhotra",516630.15,2
BR0370,"Udaipur Branch 370",CUST015474,"Komal Gupta",487414.34,3
BR0371,"Kota Branch 371",CUST086294,"Komal Yadav",595812.44,1
BR0371,"Kota Branch 371",CUST097718,"Priya Jain",405737.23,2
BR0371,"Kota Branch 371",CUST051880,"Deepak Kumar",333283.55,3
BR0372,"Jodhpur Branch 372",CUST064483,"Sneha Mehta",546187.15,1
BR0372,"Jodhpur Branch 372",CUST078108,"Pawan Malhotra",504324.25,2
BR0372,"Jodhpur Branch 372",CUST087471,"Ankit Jain",312814.26,3
BR0373,"Indore Branch 373",CUST026195,"Rahul Jain",401418.33,1
BR0373,"Indore Branch 373",CUST079093,"Rohit Yadav",299991.68,2
BR0373,"Indore Branch 373",CUST008821,"Suresh Rathore",299755.38,3
BR0374,"Udaipur Branch 374",CUST061755,"Amit Tiwari",531981.30,1
BR0374,"Udaipur Branch 374",CUST079184,"Kavita Mishra",437181.40,2
BR0374,"Udaipur Branch 374",CUST002555,"Nikhil Mishra",414520.94,3
BR0375,"Mumbai Branch 375",CUST084050,"Neha Mehta",417496.02,1
BR0375,"Mumbai Branch 375",CUST004945,"Manish Gupta",338576.44,2
BR0375,"Mumbai Branch 375",CUST092404,"Shreya Joshi",299974.76,3
BR0376,"Hyderabad Branch 376",CUST011060,"Nikhil Tiwari",358686.83,1
BR0376,"Hyderabad Branch 376",CUST070599,"Suresh Singh",299305.21,2
BR0376,"Hyderabad Branch 376",CUST094758,"Manish Tiwari",299284.62,3
BR0377,"Ahmedabad Branch 377",CUST003987,"Simran Yadav",465937.09,1
BR0377,"Ahmedabad Branch 377",CUST060224,"Komal Verma",423058.70,2
BR0377,"Ahmedabad Branch 377",CUST089045,"Arjun Mehta",304419.16,3
BR0378,"Indore Branch 378",CUST062441,"Rohit Jain",489052.10,1
BR0378,"Indore Branch 378",CUST025829,"Shreya Saini",401898.99,2
BR0378,"Indore Branch 378",CUST018743,"Amit Joshi",316874.52,3
BR0379,"Hyderabad Branch 379",CUST074710,"Deepak Gupta",303297.58,1
BR0379,"Hyderabad Branch 379",CUST096112,"Neha Gupta",299458.95,2
BR0379,"Hyderabad Branch 379",CUST008966,"Priya Mehta",299354.23,3
BR0380,"Lucknow Branch 380",CUST059660,"Suresh Saini",299873.24,1
BR0380,"Lucknow Branch 380",CUST048335,"Manish Jain",299474.74,2
BR0380,"Lucknow Branch 380",CUST031039,"Vikas Jain",299254.62,3
BR0381,"Bengaluru Branch 381",CUST013388,"Pooja Singh",452924.38,1
BR0381,"Bengaluru Branch 381",CUST005542,"Nikhil Joshi",435802.72,2
BR0381,"Bengaluru Branch 381",CUST049646,"Komal Joshi",381416.12,3
BR0382,"Chennai Branch 382",CUST018158,"Ankit Agarwal",469553.08,1
BR0382,"Chennai Branch 382",CUST006154,"Meena Sharma",378317.77,2
BR0382,"Chennai Branch 382",CUST057865,"Amit Yadav",332566.07,3
BR0383,"Chennai Branch 383",CUST029199,"Arjun Choudhary",388618.14,1
BR0383,"Chennai Branch 383",CUST007973,"Kavita Malhotra",320797.24,2
BR0383,"Chennai Branch 383",CUST094262,"Karan Patel",299788.18,3
BR0384,"Hyderabad Branch 384",CUST012973,"Kavita Singh",589170.42,1
BR0384,"Hyderabad Branch 384",CUST074334,"Meena Choudhary",348977.36,2
BR0384,"Hyderabad Branch 384",CUST046102,"Riya Saini",317462.28,3
BR0385,"Kota Branch 385",CUST048184,"Vivek Rathore",310650.10,1
BR0385,"Kota Branch 385",CUST073567,"Vikas Saini",299538.67,2
BR0385,"Kota Branch 385",CUST031913,"Pooja Joshi",299476.34,3
BR0386,"Chennai Branch 386",CUST064715,"Shreya Singh",460879.43,1
BR0386,"Chennai Branch 386",CUST089547,"Vikas Singh",420042.91,2
BR0386,"Chennai Branch 386",CUST008021,"Manish Verma",374919.51,3
BR0387,"Jaipur Branch 387",CUST028729,"Amit Gupta",479108.32,1
BR0387,"Jaipur Branch 387",CUST063920,"Manish Yadav",476248.40,2
BR0387,"Jaipur Branch 387",CUST007724,"Neha Choudhary",449188.08,3
BR0388,"Chandigarh Branch 388",CUST074568,"Ankit Agarwal",554102.65,1
BR0388,"Chandigarh Branch 388",CUST035989,"Amit Tiwari",440915.78,2
BR0388,"Chandigarh Branch 388",CUST006442,"Rohit Sharma",362617.32,3
BR0389,"Ahmedabad Branch 389",CUST065845,"Kavita Malhotra",364733.80,1
BR0389,"Ahmedabad Branch 389",CUST029129,"Vivek Singh",299573.02,2
BR0389,"Ahmedabad Branch 389",CUST092589,"Meena Joshi",299538.38,3
BR0390,"Bhopal Branch 390",CUST047331,"Kavita Verma",588320.62,1
BR0390,"Bhopal Branch 390",CUST011732,"Rohit Bansal",311440.72,2
BR0390,"Bhopal Branch 390",CUST071089,"Riya Malhotra",304324.39,3
BR0391,"Bengaluru Branch 391",CUST031041,"Priya Tiwari",476238.92,1
BR0391,"Bengaluru Branch 391",CUST070400,"Anjali Mishra",359722.82,2
BR0391,"Bengaluru Branch 391",CUST084392,"Pooja Mehta",319228.59,3
BR0392,"Pune Branch 392",CUST068222,"Simran Rathore",959321.98,1
BR0392,"Pune Branch 392",CUST030426,"Meena Verma",871343.16,2
BR0392,"Pune Branch 392",CUST061947,"Pawan Tiwari",704420.22,3
BR0393,"Kota Branch 393",CUST060703,"Kavita Mehta",313388.98,1
BR0393,"Kota Branch 393",CUST055201,"Riya Yadav",299988.74,2
BR0393,"Kota Branch 393",CUST086442,"Deepak Rathore",299768.51,3
BR0394,"Surat Branch 394",CUST083273,"Riya Rathore",529137.92,1
BR0394,"Surat Branch 394",CUST076291,"Deepak Tiwari",321261.62,2
BR0394,"Surat Branch 394",CUST031754,"Amit Rathore",299962.65,3
BR0395,"Lucknow Branch 395",CUST026955,"Komal Verma",534169.76,1
BR0395,"Lucknow Branch 395",CUST054987,"Deepak Jain",526818.14,2
BR0395,"Lucknow Branch 395",CUST084258,"Arjun Joshi",433803.00,3
BR0396,"Kota Branch 396",CUST078949,"Pawan Mehta",563707.18,1
BR0396,"Kota Branch 396",CUST071292,"Rohit Mishra",502056.52,2
BR0396,"Kota Branch 396",CUST039269,"Priya Joshi",433409.96,3
BR0397,"Chandigarh Branch 397",CUST086493,"Vikas Joshi",362537.69,1
BR0397,"Chandigarh Branch 397",CUST017150,"Suresh Kumar",351152.04,2
BR0397,"Chandigarh Branch 397",CUST052630,"Kavita Mishra",299957.37,3
BR0398,"Bengaluru Branch 398",CUST007719,"Priya Saini",417826.10,1
BR0398,"Bengaluru Branch 398",CUST087359,"Deepak Malhotra",316112.94,2
BR0398,"Bengaluru Branch 398",CUST039777,"Rahul Verma",299605.23,3
BR0399,"Delhi Branch 399",CUST031468,"Manish Verma",522985.52,1
BR0399,"Delhi Branch 399",CUST063634,"Riya Mishra",397008.07,2
BR0399,"Delhi Branch 399",CUST036506,"Deepak Malhotra",364435.26,3
BR0400,"Chandigarh Branch 400",CUST031323,"Kavita Joshi",328319.35,1
BR0400,"Chandigarh Branch 400",CUST058711,"Komal Sharma",324532.86,2
BR0400,"Chandigarh Branch 400",CUST017195,"Kavita Verma",319490.63,3
BR0401,"Chennai Branch 401",CUST091774,"Shreya Sharma",503569.50,1
BR0401,"Chennai Branch 401",CUST097797,"Simran Kumar",483807.16,2
BR0401,"Chennai Branch 401",CUST059941,"Manish Yadav",469214.52,3
BR0402,"Chandigarh Branch 402",CUST047744,"Pawan Bansal",353351.73,1
BR0402,"Chandigarh Branch 402",CUST052398,"Suresh Mishra",327351.26,2
BR0402,"Chandigarh Branch 402",CUST071802,"Amit Mehta",299958.86,3
BR0403,"Jaipur Branch 403",CUST053728,"Vikas Saini",388697.78,1
BR0403,"Jaipur Branch 403",CUST083914,"Rahul Joshi",299274.12,2
BR0403,"Jaipur Branch 403",CUST006253,"Riya Gupta",299197.39,3
BR0404,"Delhi Branch 404",CUST081960,"Meena Verma",337025.52,1
BR0404,"Delhi Branch 404",CUST019515,"Vivek Tiwari",299950.80,2
BR0404,"Delhi Branch 404",CUST050449,"Ankit Mishra",299819.37,3
BR0405,"Lucknow Branch 405",CUST033131,"Arjun Mishra",460956.08,1
BR0405,"Lucknow Branch 405",CUST017828,"Rohit Choudhary",441119.93,2
BR0405,"Lucknow Branch 405",CUST049519,"Arjun Verma",378299.60,3
BR0406,"Bengaluru Branch 406",CUST044398,"Sneha Tiwari",418670.71,1
BR0406,"Bengaluru Branch 406",CUST044605,"Kavita Mehta",391852.88,2
BR0406,"Bengaluru Branch 406",CUST091910,"Amit Jain",299878.49,3
BR0407,"Alwar Branch 407",CUST040771,"Manish Rathore",460324.04,1
BR0407,"Alwar Branch 407",CUST091710,"Suresh Rathore",299967.00,2
BR0407,"Alwar Branch 407",CUST000685,"Rohit Gupta",299135.94,3
BR0408,"Delhi Branch 408",CUST061043,"Ankit Jain",587925.46,1
BR0408,"Delhi Branch 408",CUST001343,"Suresh Mehta",339999.14,2
BR0408,"Delhi Branch 408",CUST061828,"Vivek Tiwari",322001.42,3
BR0409,"Hyderabad Branch 409",CUST029006,"Arjun Tiwari",465840.86,1
BR0409,"Hyderabad Branch 409",CUST078623,"Manish Malhotra",342159.18,2
BR0409,"Hyderabad Branch 409",CUST076299,"Rahul Singh",329812.60,3
BR0410,"Mumbai Branch 410",CUST026912,"Sneha Yadav",332333.14,1
BR0410,"Mumbai Branch 410",CUST081756,"Pooja Mehta",299181.41,2
BR0410,"Mumbai Branch 410",CUST020354,"Vivek Jain",299113.73,3
BR0411,"Bhopal Branch 411",CUST015811,"Priya Rathore",481620.53,1
BR0411,"Bhopal Branch 411",CUST067879,"Vivek Mehta",477276.13,2
BR0411,"Bhopal Branch 411",CUST047159,"Nikhil Jain",362824.49,3
BR0412,"Kolkata Branch 412",CUST054685,"Riya Bansal",299982.57,1
BR0412,"Kolkata Branch 412",CUST086697,"Amit Sharma",299669.52,2
BR0412,"Kolkata Branch 412",CUST019885,"Rohit Mehta",299492.20,3
BR0413,"Delhi Branch 413",CUST012867,"Karan Sharma",439059.51,1
BR0413,"Delhi Branch 413",CUST014205,"Simran Rathore",395789.44,2
BR0413,"Delhi Branch 413",CUST085568,"Ankit Patel",304714.54,3
BR0414,"Ahmedabad Branch 414",CUST057095,"Sneha Bansal",573788.02,1
BR0414,"Ahmedabad Branch 414",CUST045883,"Komal Rathore",543728.50,2
BR0414,"Ahmedabad Branch 414",CUST037423,"Arjun Malhotra",298744.71,3
BR0415,"Mumbai Branch 415",CUST042530,"Sneha Bansal",367188.28,1
BR0415,"Mumbai Branch 415",CUST088084,"Vivek Sharma",299606.14,2
BR0415,"Mumbai Branch 415",CUST053621,"Shreya Kumar",299507.49,3
BR0416,"Udaipur Branch 416",CUST074412,"Manish Rathore",536229.24,1
BR0416,"Udaipur Branch 416",CUST096864,"Sneha Yadav",313582.80,2
BR0416,"Udaipur Branch 416",CUST072569,"Amit Bansal",299948.61,3
BR0417,"Jodhpur Branch 417",CUST053908,"Manish Rathore",368911.46,1
BR0417,"Jodhpur Branch 417",CUST039250,"Amit Saini",347618.96,2
BR0417,"Jodhpur Branch 417",CUST002822,"Deepak Mehta",299613.46,3
BR0418,"Chennai Branch 418",CUST043463,"Suresh Bansal",480000.74,1
BR0418,"Chennai Branch 418",CUST081665,"Amit Choudhary",423031.82,2
BR0418,"Chennai Branch 418",CUST051942,"Neha Singh",416643.07,3
BR0419,"Lucknow Branch 419",CUST014833,"Sneha Verma",299555.19,1
BR0419,"Lucknow Branch 419",CUST003936,"Meena Choudhary",299549.67,2
BR0419,"Lucknow Branch 419",CUST005010,"Meena Mehta",299526.77,3
BR0420,"Surat Branch 420",CUST078388,"Karan Rathore",504834.81,1
BR0420,"Surat Branch 420",CUST054685,"Riya Bansal",457377.87,2
BR0420,"Surat Branch 420",CUST087278,"Pawan Agarwal",435416.09,3
BR0421,"Lucknow Branch 421",CUST033764,"Anjali Gupta",432515.06,1
BR0421,"Lucknow Branch 421",CUST062061,"Kavita Saini",400050.79,2
BR0421,"Lucknow Branch 421",CUST024938,"Arjun Rathore",377035.80,3
BR0422,"Bhopal Branch 422",CUST030174,"Pawan Gupta",464449.76,1
BR0422,"Bhopal Branch 422",CUST042059,"Pooja Kumar",299727.47,2
BR0422,"Bhopal Branch 422",CUST091628,"Deepak Sharma",299311.03,3
BR0423,"Lucknow Branch 423",CUST005703,"Simran Singh",392026.39,1
BR0423,"Lucknow Branch 423",CUST011768,"Kavita Malhotra",360067.26,2
BR0423,"Lucknow Branch 423",CUST034277,"Vikas Mishra",354918.62,3
BR0424,"Udaipur Branch 424",CUST098337,"Deepak Tiwari",342447.06,1
BR0424,"Udaipur Branch 424",CUST083614,"Amit Bansal",322060.71,2
BR0424,"Udaipur Branch 424",CUST015948,"Arjun Yadav",299985.35,3
BR0425,"Kota Branch 425",CUST098465,"Pawan Singh",549139.58,1
BR0425,"Kota Branch 425",CUST031417,"Nikhil Malhotra",518905.87,2
BR0425,"Kota Branch 425",CUST010026,"Neha Bansal",471449.74,3
BR0426,"Chandigarh Branch 426",CUST038459,"Neha Kumar",455216.16,1
BR0426,"Chandigarh Branch 426",CUST057511,"Shreya Joshi",426337.11,2
BR0426,"Chandigarh Branch 426",CUST098926,"Ankit Joshi",326744.06,3
BR0427,"Bengaluru Branch 427",CUST020556,"Ankit Yadav",486449.78,1
BR0427,"Bengaluru Branch 427",CUST099477,"Arjun Sharma",427468.82,2
BR0427,"Bengaluru Branch 427",CUST045123,"Rahul Sharma",394551.60,3
BR0428,"Mumbai Branch 428",CUST070601,"Karan Joshi",424624.72,1
BR0428,"Mumbai Branch 428",CUST079003,"Komal Tiwari",396632.84,2
BR0428,"Mumbai Branch 428",CUST090914,"Ankit Kumar",299098.90,3
BR0429,"Alwar Branch 429",CUST045878,"Ankit Verma",370544.70,1
BR0429,"Alwar Branch 429",CUST057557,"Simran Tiwari",319528.22,2
BR0429,"Alwar Branch 429",CUST009340,"Ankit Joshi",299978.41,3
BR0430,"Kota Branch 430",CUST059290,"Shreya Joshi",460560.75,1
BR0430,"Kota Branch 430",CUST011555,"Shreya Jain",451515.46,2
BR0430,"Kota Branch 430",CUST026612,"Suresh Choudhary",435709.11,3
BR0431,"Lucknow Branch 431",CUST057481,"Vikas Saini",347988.03,1
BR0431,"Lucknow Branch 431",CUST076508,"Rohit Rathore",322887.04,2
BR0431,"Lucknow Branch 431",CUST053282,"Vivek Tiwari",299968.17,3
BR0432,"Alwar Branch 432",CUST048720,"Anjali Mehta",506483.09,1
BR0432,"Alwar Branch 432",CUST075647,"Vivek Joshi",299303.15,2
BR0432,"Alwar Branch 432",CUST002881,"Ankit Patel",299114.93,3
BR0433,"Mumbai Branch 433",CUST075118,"Vivek Kumar",762823.99,1
BR0433,"Mumbai Branch 433",CUST041763,"Deepak Joshi",422690.08,2
BR0433,"Mumbai Branch 433",CUST062740,"Meena Malhotra",299759.90,3
BR0434,"Hyderabad Branch 434",CUST046161,"Pawan Choudhary",544401.14,1
BR0434,"Hyderabad Branch 434",CUST062032,"Riya Bansal",481104.11,2
BR0434,"Hyderabad Branch 434",CUST032060,"Karan Choudhary",475727.47,3
BR0435,"Pune Branch 435",CUST072861,"Rahul Gupta",385917.58,1
BR0435,"Pune Branch 435",CUST063141,"Nikhil Rathore",299723.71,2
BR0435,"Pune Branch 435",CUST091096,"Simran Choudhary",299643.50,3
BR0436,"Indore Branch 436",CUST060976,"Priya Tiwari",486304.15,1
BR0436,"Indore Branch 436",CUST065026,"Sneha Singh",409111.24,2
BR0436,"Indore Branch 436",CUST040446,"Karan Gupta",299872.19,3
BR0437,"Pune Branch 437",CUST036260,"Meena Verma",380715.60,1
BR0437,"Pune Branch 437",CUST015754,"Ankit Tiwari",358249.29,2
BR0437,"Pune Branch 437",CUST054651,"Rohit Tiwari",357840.71,3
BR0438,"Delhi Branch 438",CUST063293,"Anjali Bansal",451637.90,1
BR0438,"Delhi Branch 438",CUST011290,"Priya Bansal",446526.73,2
BR0438,"Delhi Branch 438",CUST000247,"Shreya Sharma",299589.15,3
BR0439,"Lucknow Branch 439",CUST027265,"Karan Patel",299761.10,1
BR0439,"Lucknow Branch 439",CUST035853,"Shreya Singh",299738.90,2
BR0439,"Lucknow Branch 439",CUST047498,"Pawan Mehta",299660.34,3
BR0440,"Lucknow Branch 440",CUST091382,"Arjun Agarwal",467500.98,1
BR0440,"Lucknow Branch 440",CUST059791,"Anjali Patel",416533.68,2
BR0440,"Lucknow Branch 440",CUST085571,"Deepak Mishra",299886.57,3
BR0441,"Udaipur Branch 441",CUST039146,"Pawan Yadav",1109252.68,1
BR0441,"Udaipur Branch 441",CUST025154,"Pawan Verma",802575.46,2
BR0441,"Udaipur Branch 441",CUST074390,"Riya Yadav",782729.52,3
BR0442,"Jodhpur Branch 442",CUST068489,"Simran Agarwal",299887.69,1
BR0442,"Jodhpur Branch 442",CUST001983,"Arjun Yadav",298989.57,2
BR0442,"Jodhpur Branch 442",CUST031526,"Anjali Tiwari",298987.10,3
BR0443,"Lucknow Branch 443",CUST017703,"Riya Singh",414450.89,1
BR0443,"Lucknow Branch 443",CUST014911,"Manish Agarwal",370208.16,2
BR0443,"Lucknow Branch 443",CUST022588,"Karan Bansal",340987.24,3
BR0444,"Surat Branch 444",CUST079852,"Ankit Bansal",316808.63,1
BR0444,"Surat Branch 444",CUST058884,"Manish Choudhary",299866.43,2
BR0444,"Surat Branch 444",CUST028231,"Amit Rathore",299708.62,3
BR0445,"Udaipur Branch 445",CUST052780,"Vikas Joshi",459698.09,1
BR0445,"Udaipur Branch 445",CUST022832,"Pooja Yadav",397983.55,2
BR0445,"Udaipur Branch 445",CUST017116,"Rahul Patel",299541.48,3
BR0446,"Udaipur Branch 446",CUST057197,"Komal Yadav",401683.74,1
BR0446,"Udaipur Branch 446",CUST072122,"Vivek Patel",386749.06,2
BR0446,"Udaipur Branch 446",CUST006181,"Karan Yadav",347840.74,3
BR0447,"Ahmedabad Branch 447",CUST061771,"Priya Choudhary",538848.92,1
BR0447,"Ahmedabad Branch 447",CUST095604,"Vivek Bansal",409718.27,2
BR0447,"Ahmedabad Branch 447",CUST065606,"Rohit Agarwal",355174.81,3
BR0448,"Pune Branch 448",CUST027631,"Priya Choudhary",706684.82,1
BR0448,"Pune Branch 448",CUST076043,"Simran Tiwari",697242.36,2
BR0448,"Pune Branch 448",CUST010054,"Manish Verma",684643.66,3
BR0449,"Bengaluru Branch 449",CUST029205,"Kavita Tiwari",597997.12,1
BR0449,"Bengaluru Branch 449",CUST016706,"Rahul Yadav",416985.67,2
BR0449,"Bengaluru Branch 449",CUST025957,"Amit Choudhary",411316.05,3
BR0450,"Alwar Branch 450",CUST013952,"Kavita Yadav",491619.63,1
BR0450,"Alwar Branch 450",CUST043210,"Amit Choudhary",465295.62,2
BR0450,"Alwar Branch 450",CUST083264,"Karan Gupta",448474.14,3
BR0451,"Alwar Branch 451",CUST053877,"Ankit Jain",564675.52,1
BR0451,"Alwar Branch 451",CUST071636,"Pooja Patel",440611.38,2
BR0451,"Alwar Branch 451",CUST066722,"Suresh Choudhary",410462.30,3
BR0452,"Jodhpur Branch 452",CUST001766,"Shreya Mishra",432430.21,1
BR0452,"Jodhpur Branch 452",CUST048497,"Priya Mishra",330367.22,2
BR0452,"Jodhpur Branch 452",CUST035929,"Manish Kumar",299898.53,3
BR0453,"Jaipur Branch 453",CUST084691,"Rahul Sharma",537621.61,1
BR0453,"Jaipur Branch 453",CUST045119,"Amit Gupta",451527.98,2
BR0453,"Jaipur Branch 453",CUST074266,"Nikhil Choudhary",299957.80,3
BR0454,"Chandigarh Branch 454",CUST044769,"Sneha Singh",356507.96,1
BR0454,"Chandigarh Branch 454",CUST002903,"Komal Joshi",298974.73,2
BR0454,"Chandigarh Branch 454",CUST032427,"Simran Jain",298667.17,3
BR0455,"Ahmedabad Branch 455",CUST016355,"Suresh Bansal",386327.84,1
BR0455,"Ahmedabad Branch 455",CUST041502,"Rohit Singh",338019.78,2
BR0455,"Ahmedabad Branch 455",CUST033454,"Manish Rathore",299720.48,3
BR0456,"Kolkata Branch 456",CUST040592,"Deepak Gupta",348584.29,1
BR0456,"Kolkata Branch 456",CUST003758,"Shreya Joshi",335482.14,2
BR0456,"Kolkata Branch 456",CUST078402,"Komal Sharma",299688.68,3
BR0457,"Hyderabad Branch 457",CUST048959,"Sneha Choudhary",521428.40,1
BR0457,"Hyderabad Branch 457",CUST042420,"Amit Mishra",509569.92,2
BR0457,"Hyderabad Branch 457",CUST039629,"Arjun Verma",449854.10,3
BR0458,"Chennai Branch 458",CUST042047,"Riya Jain",432514.41,1
BR0458,"Chennai Branch 458",CUST074985,"Vivek Saini",377652.33,2
BR0458,"Chennai Branch 458",CUST044507,"Simran Saini",317363.96,3
BR0459,"Indore Branch 459",CUST090794,"Priya Patel",522125.96,1
BR0459,"Indore Branch 459",CUST096619,"Amit Kumar",474308.28,2
BR0459,"Indore Branch 459",CUST079525,"Shreya Tiwari",299528.88,3
BR0460,"Pune Branch 460",CUST094354,"Kavita Choudhary",394217.65,1
BR0460,"Pune Branch 460",CUST013891,"Nikhil Gupta",357109.40,2
BR0460,"Pune Branch 460",CUST083515,"Komal Patel",329130.52,3
BR0461,"Delhi Branch 461",CUST026893,"Rohit Singh",478100.77,1
BR0461,"Delhi Branch 461",CUST099381,"Karan Sharma",419254.46,2
BR0461,"Delhi Branch 461",CUST019214,"Pooja Mehta",299922.20,3
BR0462,"Indore Branch 462",CUST080710,"Sneha Sharma",299947.05,1
BR0462,"Indore Branch 462",CUST058216,"Riya Tiwari",299273.48,2
BR0462,"Indore Branch 462",CUST008755,"Rahul Gupta",298895.19,3
BR0463,"Indore Branch 463",CUST033418,"Vivek Verma",548838.15,1
BR0463,"Indore Branch 463",CUST003759,"Meena Patel",346167.21,2
BR0463,"Indore Branch 463",CUST016433,"Meena Patel",299986.65,3
BR0464,"Bengaluru Branch 464",CUST035945,"Manish Tiwari",349534.22,1
BR0464,"Bengaluru Branch 464",CUST070555,"Rahul Joshi",299633.98,2
BR0464,"Bengaluru Branch 464",CUST017742,"Shreya Gupta",299255.74,3
BR0465,"Bengaluru Branch 465",CUST067220,"Amit Tiwari",328892.27,1
BR0465,"Bengaluru Branch 465",CUST064458,"Karan Malhotra",314607.98,2
BR0465,"Bengaluru Branch 465",CUST067894,"Arjun Patel",299513.85,3
BR0466,"Alwar Branch 466",CUST015118,"Kavita Agarwal",299981.23,1
BR0466,"Alwar Branch 466",CUST088328,"Nikhil Saini",299934.10,2
BR0466,"Alwar Branch 466",CUST081098,"Komal Bansal",299785.21,3
BR0467,"Kota Branch 467",CUST088088,"Simran Joshi",444375.80,1
BR0467,"Kota Branch 467",CUST054142,"Ankit Malhotra",299516.66,2
BR0467,"Kota Branch 467",CUST093207,"Rahul Singh",298964.33,3
BR0468,"Chandigarh Branch 468",CUST055090,"Manish Sharma",431042.37,1
BR0468,"Chandigarh Branch 468",CUST000029,"Vivek Joshi",299545.08,2
BR0468,"Chandigarh Branch 468",CUST032948,"Pooja Choudhary",299457.16,3
BR0469,"Lucknow Branch 469",CUST051712,"Vivek Sharma",468123.96,1
BR0469,"Lucknow Branch 469",CUST049826,"Karan Saini",430211.35,2
BR0469,"Lucknow Branch 469",CUST004843,"Neha Mishra",364818.44,3
BR0470,"Kolkata Branch 470",CUST071336,"Shreya Agarwal",556491.91,1
BR0470,"Kolkata Branch 470",CUST051858,"Ankit Mehta",464214.53,2
BR0470,"Kolkata Branch 470",CUST087436,"Meena Saini",339895.61,3
BR0471,"Jaipur Branch 471",CUST013998,"Sneha Choudhary",532587.54,1
BR0471,"Jaipur Branch 471",CUST095063,"Deepak Kumar",428562.16,2
BR0471,"Jaipur Branch 471",CUST064238,"Vikas Malhotra",426819.76,3
BR0472,"Chennai Branch 472",CUST079874,"Rohit Verma",400426.28,1
BR0472,"Chennai Branch 472",CUST004528,"Pooja Tiwari",299902.17,2
BR0472,"Chennai Branch 472",CUST023974,"Komal Mishra",299846.08,3
BR0473,"Bengaluru Branch 473",CUST022485,"Priya Gupta",518656.27,1
BR0473,"Bengaluru Branch 473",CUST092901,"Suresh Mishra",358369.78,2
BR0473,"Bengaluru Branch 473",CUST087378,"Nikhil Kumar",342624.90,3
BR0474,"Chandigarh Branch 474",CUST023482,"Pooja Singh",365742.11,1
BR0474,"Chandigarh Branch 474",CUST030600,"Vivek Yadav",302158.11,2
BR0474,"Chandigarh Branch 474",CUST030641,"Nikhil Kumar",299875.87,3
BR0475,"Pune Branch 475",CUST009234,"Amit Mishra",537675.20,1
BR0475,"Pune Branch 475",CUST083962,"Nikhil Mishra",299622.74,2
BR0475,"Pune Branch 475",CUST026037,"Priya Malhotra",299554.47,3
BR0476,"Delhi Branch 476",CUST069362,"Meena Singh",488402.92,1
BR0476,"Delhi Branch 476",CUST005566,"Arjun Singh",470469.64,2
BR0476,"Delhi Branch 476",CUST072784,"Pawan Bansal",333649.84,3
BR0477,"Kolkata Branch 477",CUST023674,"Rahul Mishra",399565.82,1
BR0477,"Kolkata Branch 477",CUST047909,"Rohit Verma",359195.97,2
BR0477,"Kolkata Branch 477",CUST057363,"Amit Yadav",299191.20,3
BR0478,"Alwar Branch 478",CUST074811,"Arjun Yadav",499400.82,1
BR0478,"Alwar Branch 478",CUST004752,"Simran Gupta",423034.82,2
BR0478,"Alwar Branch 478",CUST016310,"Amit Mehta",299960.95,3
BR0479,"Jodhpur Branch 479",CUST054476,"Pooja Singh",451792.40,1
BR0479,"Jodhpur Branch 479",CUST094205,"Rohit Jain",299736.10,2
BR0479,"Jodhpur Branch 479",CUST062832,"Nikhil Saini",299588.86,3
BR0480,"Bhopal Branch 480",CUST026322,"Anjali Kumar",421411.29,1
BR0480,"Bhopal Branch 480",CUST052902,"Pawan Patel",411559.69,2
BR0480,"Bhopal Branch 480",CUST019540,"Rahul Jain",299443.61,3
BR0481,"Chandigarh Branch 481",CUST087418,"Shreya Sharma",537786.30,1
BR0481,"Chandigarh Branch 481",CUST081022,"Vikas Kumar",330825.17,2
BR0481,"Chandigarh Branch 481",CUST004066,"Nikhil Rathore",322585.92,3
BR0482,"Ahmedabad Branch 482",CUST028747,"Deepak Joshi",383024.55,1
BR0482,"Ahmedabad Branch 482",CUST075276,"Sneha Mishra",308751.26,2
BR0482,"Ahmedabad Branch 482",CUST065269,"Suresh Choudhary",299987.72,3
BR0483,"Chennai Branch 483",CUST087421,"Manish Malhotra",413731.43,1
BR0483,"Chennai Branch 483",CUST050409,"Amit Rathore",408220.87,2
BR0483,"Chennai Branch 483",CUST096332,"Neha Verma",388884.76,3
BR0484,"Bengaluru Branch 484",CUST061897,"Rahul Malhotra",322852.91,1
BR0484,"Bengaluru Branch 484",CUST005488,"Manish Singh",307782.20,2
BR0484,"Bengaluru Branch 484",CUST093701,"Anjali Sharma",299922.33,3
BR0485,"Ahmedabad Branch 485",CUST042723,"Vikas Kumar",468332.62,1
BR0485,"Ahmedabad Branch 485",CUST041226,"Pooja Yadav",352255.33,2
BR0485,"Ahmedabad Branch 485",CUST007064,"Suresh Rathore",350119.33,3
BR0486,"Kota Branch 486",CUST015254,"Deepak Singh",598010.16,1
BR0486,"Kota Branch 486",CUST076802,"Rahul Rathore",367557.56,2
BR0486,"Kota Branch 486",CUST005985,"Ankit Rathore",299855.24,3
BR0487,"Jodhpur Branch 487",CUST058909,"Arjun Yadav",388835.17,1
BR0487,"Jodhpur Branch 487",CUST044737,"Komal Saini",385638.14,2
BR0487,"Jodhpur Branch 487",CUST047728,"Manish Kumar",378454.78,3
BR0488,"Alwar Branch 488",CUST073513,"Riya Agarwal",509957.53,1
BR0488,"Alwar Branch 488",CUST051545,"Nikhil Sharma",426596.72,2
BR0488,"Alwar Branch 488",CUST082484,"Pooja Mehta",378512.71,3
BR0489,"Indore Branch 489",CUST007560,"Ankit Yadav",441202.92,1
BR0489,"Indore Branch 489",CUST080858,"Suresh Gupta",367627.51,2
BR0489,"Indore Branch 489",CUST081838,"Karan Choudhary",299896.28,3
BR0490,"Lucknow Branch 490",CUST002780,"Rahul Patel",504289.77,1
BR0490,"Lucknow Branch 490",CUST061681,"Vivek Bansal",454403.54,2
BR0490,"Lucknow Branch 490",CUST096103,"Rahul Mehta",299783.12,3
BR0491,"Bhopal Branch 491",CUST051643,"Kavita Malhotra",561033.56,1
BR0491,"Bhopal Branch 491",CUST019668,"Deepak Gupta",483806.59,2
BR0491,"Bhopal Branch 491",CUST041489,"Karan Sharma",395393.50,3
BR0492,"Ahmedabad Branch 492",CUST099256,"Vikas Mehta",473908.78,1
BR0492,"Ahmedabad Branch 492",CUST034227,"Pooja Bansal",463724.27,2
BR0492,"Ahmedabad Branch 492",CUST041278,"Pawan Verma",447600.82,3
BR0493,"Jodhpur Branch 493",CUST069950,"Pooja Mehta",449340.89,1
BR0493,"Jodhpur Branch 493",CUST077570,"Nikhil Singh",299852.28,2
BR0493,"Jodhpur Branch 493",CUST076328,"Arjun Sharma",298960.56,3
BR0494,"Alwar Branch 494",CUST079382,"Manish Saini",483205.76,1
BR0494,"Alwar Branch 494",CUST097011,"Vikas Mehta",304713.24,2
BR0494,"Alwar Branch 494",CUST088869,"Neha Agarwal",301524.23,3
BR0495,"Alwar Branch 495",CUST069317,"Karan Joshi",513489.22,1
BR0495,"Alwar Branch 495",CUST094220,"Rahul Singh",408938.23,2
BR0495,"Alwar Branch 495",CUST085150,"Deepak Sharma",344841.15,3
BR0496,"Udaipur Branch 496",CUST011591,"Arjun Patel",554876.24,1
BR0496,"Udaipur Branch 496",CUST092933,"Vikas Gupta",359639.74,2
BR0496,"Udaipur Branch 496",CUST040035,"Pawan Jain",323290.90,3
BR0497,"Mumbai Branch 497",CUST005896,"Pooja Saini",319238.72,1
BR0497,"Mumbai Branch 497",CUST014351,"Arjun Agarwal",299538.07,2
BR0497,"Mumbai Branch 497",CUST059002,"Komal Mehta",298982.69,3
BR0498,"Kota Branch 498",CUST004046,"Riya Joshi",420426.20,1
BR0498,"Kota Branch 498",CUST055138,"Pooja Singh",343836.07,2
BR0498,"Kota Branch 498",CUST043880,"Pawan Yadav",300942.36,3
BR0499,"Surat Branch 499",CUST087570,"Neha Yadav",401252.37,1
BR0499,"Surat Branch 499",CUST086240,"Sneha Verma",356883.28,2
BR0499,"Surat Branch 499",CUST047423,"Rahul Gupta",356401.99,3
BR0500,"Surat Branch 500",CUST031387,"Rahul Mishra",484872.44,1
BR0500,"Surat Branch 500",CUST068579,"Suresh Patel",464772.82,2
BR0500,"Surat Branch 500",CUST046982,"Priya Choudhary",456842.00,3
BR0501,"Pune Branch 501",CUST043254,"Simran Tiwari",537538.86,1
BR0501,"Pune Branch 501",CUST065992,"Simran Malhotra",356523.82,2
BR0501,"Pune Branch 501",CUST065476,"Nikhil Bansal",299802.31,3
BR0502,"Delhi Branch 502",CUST011260,"Deepak Choudhary",490383.46,1
BR0502,"Delhi Branch 502",CUST065516,"Suresh Patel",399135.75,2
BR0502,"Delhi Branch 502",CUST061131,"Ankit Rathore",392828.53,3
BR0503,"Bengaluru Branch 503",CUST048831,"Sneha Mishra",572734.90,1
BR0503,"Bengaluru Branch 503",CUST070495,"Pooja Choudhary",497688.69,2
BR0503,"Bengaluru Branch 503",CUST091621,"Pawan Joshi",445151.90,3
BR0504,"Jodhpur Branch 504",CUST017473,"Deepak Patel",550400.79,1
BR0504,"Jodhpur Branch 504",CUST001160,"Amit Rathore",414053.62,2
BR0504,"Jodhpur Branch 504",CUST037881,"Deepak Rathore",410537.24,3
BR0505,"Udaipur Branch 505",CUST080814,"Riya Agarwal",299618.56,1
BR0505,"Udaipur Branch 505",CUST099483,"Shreya Tiwari",299450.79,2
BR0505,"Udaipur Branch 505",CUST056905,"Kavita Choudhary",298065.12,3
BR0506,"Lucknow Branch 506",CUST024500,"Nikhil Patel",500419.88,1
BR0506,"Lucknow Branch 506",CUST020385,"Kavita Jain",398533.72,2
BR0506,"Lucknow Branch 506",CUST086771,"Rohit Singh",386527.46,3
BR0507,"Surat Branch 507",CUST000451,"Pooja Choudhary",567366.54,1
BR0507,"Surat Branch 507",CUST073641,"Ankit Kumar",303477.75,2
BR0507,"Surat Branch 507",CUST006360,"Nikhil Mishra",299857.18,3
BR0508,"Udaipur Branch 508",CUST026508,"Suresh Mehta",416037.44,1
BR0508,"Udaipur Branch 508",CUST082970,"Amit Yadav",349283.54,2
BR0508,"Udaipur Branch 508",CUST093478,"Komal Singh",299802.53,3
BR0509,"Indore Branch 509",CUST084110,"Shreya Gupta",463764.81,1
BR0509,"Indore Branch 509",CUST029725,"Rohit Yadav",450567.10,2
BR0509,"Indore Branch 509",CUST004817,"Neha Agarwal",426105.39,3
BR0510,"Delhi Branch 510",CUST013209,"Rahul Yadav",555701.02,1
BR0510,"Delhi Branch 510",CUST050233,"Suresh Patel",477656.93,2
BR0510,"Delhi Branch 510",CUST015549,"Rohit Sharma",367922.52,3
BR0511,"Delhi Branch 511",CUST024084,"Riya Bansal",520246.39,1
BR0511,"Delhi Branch 511",CUST045056,"Komal Yadav",447911.44,2
BR0511,"Delhi Branch 511",CUST071254,"Riya Rathore",417315.98,3
BR0512,"Jaipur Branch 512",CUST045118,"Pawan Choudhary",570511.44,1
BR0512,"Jaipur Branch 512",CUST010625,"Neha Rathore",448237.72,2
BR0512,"Jaipur Branch 512",CUST060975,"Komal Saini",311033.16,3
BR0513,"Indore Branch 513",CUST092661,"Nikhil Choudhary",334891.34,1
BR0513,"Indore Branch 513",CUST099410,"Vivek Gupta",330142.62,2
BR0513,"Indore Branch 513",CUST034079,"Riya Patel",299869.64,3
BR0514,"Alwar Branch 514",CUST090097,"Deepak Choudhary",570941.65,1
BR0514,"Alwar Branch 514",CUST024452,"Nikhil Bansal",554236.06,2
BR0514,"Alwar Branch 514",CUST017231,"Kavita Joshi",323963.07,3
BR0515,"Udaipur Branch 515",CUST083610,"Kavita Tiwari",496957.72,1
BR0515,"Udaipur Branch 515",CUST091761,"Vivek Verma",469065.23,2
BR0515,"Udaipur Branch 515",CUST052197,"Anjali Singh",299783.18,3
BR0516,"Ahmedabad Branch 516",CUST042541,"Riya Mishra",530335.74,1
BR0516,"Ahmedabad Branch 516",CUST006021,"Pawan Mishra",336641.92,2
BR0516,"Ahmedabad Branch 516",CUST078534,"Rohit Kumar",332280.76,3
BR0517,"Kolkata Branch 517",CUST004561,"Komal Tiwari",569124.18,1
BR0517,"Kolkata Branch 517",CUST066928,"Deepak Patel",433012.93,2
BR0517,"Kolkata Branch 517",CUST035013,"Meena Mishra",370309.37,3
BR0518,"Indore Branch 518",CUST085118,"Kavita Verma",599208.90,1
BR0518,"Indore Branch 518",CUST093967,"Vikas Bansal",398206.09,2
BR0518,"Indore Branch 518",CUST072079,"Komal Mehta",390842.34,3
BR0519,"Chandigarh Branch 519",CUST077219,"Pawan Joshi",569681.14,1
BR0519,"Chandigarh Branch 519",CUST016935,"Pooja Tiwari",339676.51,2
BR0519,"Chandigarh Branch 519",CUST098328,"Sneha Patel",312670.30,3
BR0520,"Alwar Branch 520",CUST029336,"Suresh Mehta",394117.35,1
BR0520,"Alwar Branch 520",CUST019588,"Manish Tiwari",299820.34,2
BR0520,"Alwar Branch 520",CUST002313,"Kavita Gupta",299618.13,3
BR0521,"Mumbai Branch 521",CUST055498,"Komal Choudhary",306197.50,1
BR0521,"Mumbai Branch 521",CUST094008,"Ankit Verma",299811.25,2
BR0521,"Mumbai Branch 521",CUST049798,"Riya Jain",299608.43,3
BR0522,"Lucknow Branch 522",CUST014209,"Nikhil Tiwari",299867.12,1
BR0522,"Lucknow Branch 522",CUST084872,"Sneha Singh",299655.22,2
BR0522,"Lucknow Branch 522",CUST073065,"Pawan Verma",299034.87,3
BR0523,"Alwar Branch 523",CUST063945,"Meena Saini",313460.78,1
BR0523,"Alwar Branch 523",CUST080478,"Neha Sharma",299674.08,2
BR0523,"Alwar Branch 523",CUST080359,"Arjun Choudhary",299533.12,3
BR0524,"Lucknow Branch 524",CUST040679,"Karan Patel",494134.98,1
BR0524,"Lucknow Branch 524",CUST027959,"Shreya Rathore",299908.94,2
BR0524,"Lucknow Branch 524",CUST071246,"Riya Yadav",299907.80,3
BR0525,"Bengaluru Branch 525",CUST033213,"Rohit Singh",584154.49,1
BR0525,"Bengaluru Branch 525",CUST070587,"Karan Yadav",562997.36,2
BR0525,"Bengaluru Branch 525",CUST021978,"Pooja Mishra",521163.28,3
BR0526,"Kolkata Branch 526",CUST096876,"Nikhil Bansal",336922.66,1
BR0526,"Kolkata Branch 526",CUST000850,"Suresh Mishra",299921.35,2
BR0526,"Kolkata Branch 526",CUST002119,"Anjali Rathore",299830.58,3
BR0527,"Alwar Branch 527",CUST084801,"Neha Gupta",509468.80,1
BR0527,"Alwar Branch 527",CUST010265,"Manish Verma",478373.24,2
BR0527,"Alwar Branch 527",CUST020446,"Simran Tiwari",463961.73,3
BR0528,"Hyderabad Branch 528",CUST070237,"Rohit Gupta",547327.16,1
BR0528,"Hyderabad Branch 528",CUST004804,"Neha Bansal",483385.66,2
BR0528,"Hyderabad Branch 528",CUST093190,"Riya Mishra",472398.00,3
BR0529,"Udaipur Branch 529",CUST060809,"Vikas Joshi",529914.52,1
BR0529,"Udaipur Branch 529",CUST087403,"Simran Verma",353100.73,2
BR0529,"Udaipur Branch 529",CUST001472,"Simran Patel",299825.88,3
BR0530,"Jodhpur Branch 530",CUST087348,"Nikhil Tiwari",454070.72,1
BR0530,"Jodhpur Branch 530",CUST099393,"Pooja Choudhary",383272.88,2
BR0530,"Jodhpur Branch 530",CUST004310,"Shreya Bansal",351926.27,3
BR0531,"Jodhpur Branch 531",CUST091077,"Rahul Choudhary",467626.88,1
BR0531,"Jodhpur Branch 531",CUST098999,"Arjun Sharma",330141.54,2
BR0531,"Jodhpur Branch 531",CUST081121,"Sneha Mishra",299835.80,3
BR0532,"Alwar Branch 532",CUST048679,"Komal Jain",492655.56,1
BR0532,"Alwar Branch 532",CUST081096,"Sneha Bansal",354062.83,2
BR0532,"Alwar Branch 532",CUST009946,"Vivek Yadav",299921.07,3
BR0533,"Lucknow Branch 533",CUST016443,"Simran Joshi",532114.03,1
BR0533,"Lucknow Branch 533",CUST009953,"Suresh Jain",488330.57,2
BR0533,"Lucknow Branch 533",CUST064529,"Priya Singh",387152.22,3
BR0534,"Bengaluru Branch 534",CUST062257,"Meena Tiwari",481432.46,1
BR0534,"Bengaluru Branch 534",CUST025350,"Kavita Kumar",439578.60,2
BR0534,"Bengaluru Branch 534",CUST015029,"Neha Jain",402078.71,3
BR0535,"Lucknow Branch 535",CUST041072,"Anjali Joshi",354593.13,1
BR0535,"Lucknow Branch 535",CUST046354,"Rohit Choudhary",299836.25,2
BR0535,"Lucknow Branch 535",CUST037200,"Rahul Yadav",299754.56,3
BR0536,"Kolkata Branch 536",CUST095028,"Pooja Joshi",375935.12,1
BR0536,"Kolkata Branch 536",CUST054711,"Kavita Patel",341911.27,2
BR0536,"Kolkata Branch 536",CUST085964,"Kavita Gupta",335082.67,3
BR0537,"Bengaluru Branch 537",CUST017789,"Shreya Tiwari",357091.73,1
BR0537,"Bengaluru Branch 537",CUST013923,"Vivek Joshi",346507.19,2
BR0537,"Bengaluru Branch 537",CUST008738,"Neha Bansal",326633.77,3
BR0538,"Indore Branch 538",CUST028776,"Meena Yadav",549781.84,1
BR0538,"Indore Branch 538",CUST068902,"Sneha Rathore",462237.22,2
BR0538,"Indore Branch 538",CUST089456,"Kavita Singh",416065.23,3
BR0539,"Indore Branch 539",CUST042554,"Amit Verma",498852.79,1
BR0539,"Indore Branch 539",CUST017369,"Karan Kumar",334252.37,2
BR0539,"Indore Branch 539",CUST061383,"Neha Bansal",323425.04,3
BR0540,"Indore Branch 540",CUST074048,"Neha Jain",548910.60,1
BR0540,"Indore Branch 540",CUST001153,"Deepak Mehta",418904.19,2
BR0540,"Indore Branch 540",CUST099444,"Deepak Patel",388305.04,3
BR0541,"Jodhpur Branch 541",CUST098420,"Manish Gupta",578543.96,1
BR0541,"Jodhpur Branch 541",CUST092450,"Manish Kumar",521875.96,2
BR0541,"Jodhpur Branch 541",CUST045381,"Pooja Mishra",346529.98,3
BR0542,"Alwar Branch 542",CUST054314,"Karan Saini",540748.04,1
BR0542,"Alwar Branch 542",CUST014362,"Karan Choudhary",337299.80,2
BR0542,"Alwar Branch 542",CUST081969,"Karan Saini",305811.31,3
BR0543,"Surat Branch 543",CUST080100,"Vikas Gupta",1095369.80,1
BR0543,"Surat Branch 543",CUST041073,"Suresh Mehta",929810.00,2
BR0543,"Surat Branch 543",CUST032873,"Meena Agarwal",622758.18,3
BR0544,"Hyderabad Branch 544",CUST095663,"Rahul Mishra",299954.49,1
BR0544,"Hyderabad Branch 544",CUST063690,"Anjali Bansal",299773.43,2
BR0544,"Hyderabad Branch 544",CUST074782,"Amit Agarwal",299380.61,3
BR0545,"Bhopal Branch 545",CUST070336,"Pooja Mehta",474207.83,1
BR0545,"Bhopal Branch 545",CUST011458,"Vivek Agarwal",454401.93,2
BR0545,"Bhopal Branch 545",CUST060108,"Karan Joshi",393514.22,3
BR0546,"Udaipur Branch 546",CUST031366,"Arjun Jain",503971.50,1
BR0546,"Udaipur Branch 546",CUST010761,"Pooja Kumar",499900.74,2
BR0546,"Udaipur Branch 546",CUST029782,"Amit Gupta",299875.06,3
BR0547,"Lucknow Branch 547",CUST010226,"Neha Saini",374239.38,1
BR0547,"Lucknow Branch 547",CUST014248,"Amit Mehta",323638.63,2
BR0547,"Lucknow Branch 547",CUST050950,"Meena Sharma",301469.10,3
BR0548,"Chennai Branch 548",CUST053406,"Amit Singh",501773.76,1
BR0548,"Chennai Branch 548",CUST074209,"Suresh Bansal",403783.25,2
BR0548,"Chennai Branch 548",CUST068966,"Neha Bansal",299556.17,3
BR0549,"Indore Branch 549",CUST080124,"Vikas Yadav",352434.49,1
BR0549,"Indore Branch 549",CUST019282,"Karan Bansal",341714.96,2
BR0549,"Indore Branch 549",CUST089398,"Karan Agarwal",332115.39,3
BR0550,"Kota Branch 550",CUST085049,"Anjali Kumar",449405.73,1
BR0550,"Kota Branch 550",CUST083577,"Rahul Sharma",418861.17,2
BR0550,"Kota Branch 550",CUST053326,"Sneha Patel",299967.98,3
BR0551,"Hyderabad Branch 551",CUST073741,"Karan Gupta",502604.22,1
BR0551,"Hyderabad Branch 551",CUST042105,"Kavita Choudhary",381386.80,2
BR0551,"Hyderabad Branch 551",CUST066349,"Riya Yadav",323701.00,3
BR0552,"Mumbai Branch 552",CUST062051,"Karan Rathore",473956.09,1
BR0552,"Mumbai Branch 552",CUST073833,"Rahul Singh",400411.22,2
BR0552,"Mumbai Branch 552",CUST065847,"Nikhil Gupta",394650.69,3
BR0553,"Jodhpur Branch 553",CUST037483,"Anjali Singh",439301.20,1
BR0553,"Jodhpur Branch 553",CUST058020,"Shreya Mishra",431126.40,2
BR0553,"Jodhpur Branch 553",CUST052890,"Sneha Patel",404856.87,3
BR0554,"Chennai Branch 554",CUST026168,"Anjali Mehta",462357.95,1
BR0554,"Chennai Branch 554",CUST064451,"Vivek Jain",327867.38,2
BR0554,"Chennai Branch 554",CUST075474,"Anjali Yadav",299981.00,3
BR0555,"Udaipur Branch 555",CUST077051,"Rahul Malhotra",546259.54,1
BR0555,"Udaipur Branch 555",CUST072303,"Rohit Mishra",508470.86,2
BR0555,"Udaipur Branch 555",CUST030811,"Priya Singh",421516.44,3
BR0556,"Kota Branch 556",CUST074222,"Nikhil Patel",418026.88,1
BR0556,"Kota Branch 556",CUST015487,"Karan Verma",405755.26,2
BR0556,"Kota Branch 556",CUST004661,"Komal Mishra",299605.19,3
BR0557,"Udaipur Branch 557",CUST042984,"Meena Yadav",454541.65,1
BR0557,"Udaipur Branch 557",CUST015894,"Neha Patel",385836.06,2
BR0557,"Udaipur Branch 557",CUST019831,"Shreya Mishra",299736.53,3
BR0558,"Lucknow Branch 558",CUST053590,"Riya Yadav",444484.67,1
BR0558,"Lucknow Branch 558",CUST061232,"Neha Agarwal",413454.28,2
BR0558,"Lucknow Branch 558",CUST088143,"Shreya Saini",299551.80,3
BR0559,"Pune Branch 559",CUST084660,"Rohit Singh",507123.52,1
BR0559,"Pune Branch 559",CUST098726,"Pawan Gupta",474358.30,2
BR0559,"Pune Branch 559",CUST042490,"Karan Rathore",380466.68,3
BR0560,"Alwar Branch 560",CUST083612,"Komal Singh",492847.48,1
BR0560,"Alwar Branch 560",CUST069372,"Vivek Saini",462144.20,2
BR0560,"Alwar Branch 560",CUST061045,"Suresh Mishra",387401.41,3
BR0561,"Bengaluru Branch 561",CUST016941,"Manish Patel",443826.52,1
BR0561,"Bengaluru Branch 561",CUST013166,"Anjali Yadav",419401.68,2
BR0561,"Bengaluru Branch 561",CUST029628,"Neha Joshi",386787.43,3
BR0562,"Kolkata Branch 562",CUST044286,"Suresh Agarwal",543681.90,1
BR0562,"Kolkata Branch 562",CUST052456,"Komal Singh",493883.31,2
BR0562,"Kolkata Branch 562",CUST036474,"Rahul Rathore",420945.74,3
BR0563,"Pune Branch 563",CUST024833,"Amit Saini",572098.25,1
BR0563,"Pune Branch 563",CUST014703,"Deepak Mishra",314972.53,2
BR0563,"Pune Branch 563",CUST099269,"Shreya Malhotra",299683.63,3
BR0564,"Hyderabad Branch 564",CUST027473,"Pooja Kumar",471368.18,1
BR0564,"Hyderabad Branch 564",CUST064584,"Pooja Sharma",447282.25,2
BR0564,"Hyderabad Branch 564",CUST059518,"Priya Mehta",383569.59,3
BR0565,"Bhopal Branch 565",CUST022580,"Karan Agarwal",457552.03,1
BR0565,"Bhopal Branch 565",CUST019557,"Suresh Rathore",331698.69,2
BR0565,"Bhopal Branch 565",CUST094431,"Meena Tiwari",299794.74,3
BR0566,"Ahmedabad Branch 566",CUST002873,"Neha Verma",477789.73,1
BR0566,"Ahmedabad Branch 566",CUST038350,"Arjun Verma",299906.03,2
BR0566,"Ahmedabad Branch 566",CUST077396,"Simran Tiwari",299731.50,3
BR0567,"Jodhpur Branch 567",CUST045490,"Simran Mishra",374182.61,1
BR0567,"Jodhpur Branch 567",CUST020360,"Vivek Joshi",350648.71,2
BR0567,"Jodhpur Branch 567",CUST022150,"Vikas Sharma",299529.82,3
BR0568,"Chandigarh Branch 568",CUST038352,"Kavita Kumar",464954.58,1
BR0568,"Chandigarh Branch 568",CUST068269,"Pooja Kumar",342354.60,2
BR0568,"Chandigarh Branch 568",CUST016523,"Pawan Bansal",299081.43,3
BR0569,"Mumbai Branch 569",CUST013778,"Simran Jain",430587.75,1
BR0569,"Mumbai Branch 569",CUST058949,"Ankit Saini",299937.90,2
BR0569,"Mumbai Branch 569",CUST040008,"Riya Kumar",299568.47,3
BR0570,"Lucknow Branch 570",CUST095300,"Pawan Sharma",374964.19,1
BR0570,"Lucknow Branch 570",CUST012652,"Manish Patel",299208.13,2
BR0570,"Lucknow Branch 570",CUST010861,"Arjun Singh",299104.11,3
BR0571,"Surat Branch 571",CUST075296,"Deepak Choudhary",347929.29,1
BR0571,"Surat Branch 571",CUST040504,"Sneha Singh",299509.63,2
BR0571,"Surat Branch 571",CUST038895,"Meena Saini",299443.56,3
BR0572,"Kota Branch 572",CUST057647,"Deepak Choudhary",575273.12,1
BR0572,"Kota Branch 572",CUST006711,"Arjun Mishra",462648.94,2
BR0572,"Kota Branch 572",CUST078721,"Sneha Singh",316619.98,3
BR0573,"Bhopal Branch 573",CUST007900,"Vivek Agarwal",363953.49,1
BR0573,"Bhopal Branch 573",CUST004223,"Neha Bansal",325439.23,2
BR0573,"Bhopal Branch 573",CUST075608,"Kavita Jain",322687.79,3
BR0574,"Kolkata Branch 574",CUST082236,"Neha Malhotra",585063.96,1
BR0574,"Kolkata Branch 574",CUST032976,"Arjun Sharma",360130.66,2
BR0574,"Kolkata Branch 574",CUST003691,"Nikhil Rathore",299531.01,3
BR0575,"Bengaluru Branch 575",CUST078093,"Neha Mishra",314996.04,1
BR0575,"Bengaluru Branch 575",CUST030769,"Simran Agarwal",299757.39,2
BR0575,"Bengaluru Branch 575",CUST087845,"Vivek Saini",299625.93,3
BR0576,"Jaipur Branch 576",CUST046419,"Simran Kumar",442947.63,1
BR0576,"Jaipur Branch 576",CUST078904,"Karan Bansal",313560.63,2
BR0576,"Jaipur Branch 576",CUST025732,"Kavita Malhotra",302349.84,3
BR0577,"Indore Branch 577",CUST088394,"Suresh Rathore",369685.35,1
BR0577,"Indore Branch 577",CUST036119,"Anjali Yadav",346659.73,2
BR0577,"Indore Branch 577",CUST041242,"Rahul Jain",299861.56,3
BR0578,"Bengaluru Branch 578",CUST072272,"Amit Jain",506431.94,1
BR0578,"Bengaluru Branch 578",CUST012742,"Nikhil Choudhary",430418.97,2
BR0578,"Bengaluru Branch 578",CUST087388,"Simran Sharma",345502.67,3
BR0579,"Delhi Branch 579",CUST029178,"Neha Agarwal",365104.71,1
BR0579,"Delhi Branch 579",CUST031346,"Karan Joshi",349574.39,2
BR0579,"Delhi Branch 579",CUST083684,"Deepak Kumar",337835.60,3
BR0580,"Delhi Branch 580",CUST059874,"Simran Joshi",451464.75,1
BR0580,"Delhi Branch 580",CUST012855,"Rahul Singh",337087.78,2
BR0580,"Delhi Branch 580",CUST097639,"Riya Agarwal",327725.60,3
BR0581,"Chennai Branch 581",CUST084070,"Vikas Verma",547514.10,1
BR0581,"Chennai Branch 581",CUST003340,"Arjun Choudhary",523246.64,2
BR0581,"Chennai Branch 581",CUST042081,"Nikhil Singh",402305.17,3
BR0582,"Jodhpur Branch 582",CUST048480,"Meena Tiwari",568923.77,1
BR0582,"Jodhpur Branch 582",CUST019985,"Rahul Joshi",345922.38,2
BR0582,"Jodhpur Branch 582",CUST045290,"Arjun Yadav",326103.86,3
BR0583,"Udaipur Branch 583",CUST047394,"Pawan Verma",465539.32,1
BR0583,"Udaipur Branch 583",CUST034276,"Simran Mehta",406732.48,2
BR0583,"Udaipur Branch 583",CUST000401,"Simran Yadav",299928.03,3
BR0584,"Mumbai Branch 584",CUST074455,"Amit Rathore",299403.83,1
BR0584,"Mumbai Branch 584",CUST076972,"Karan Choudhary",299398.68,2
BR0584,"Mumbai Branch 584",CUST017538,"Rohit Gupta",298947.95,3
BR0585,"Jaipur Branch 585",CUST066761,"Arjun Saini",361451.15,1
BR0585,"Jaipur Branch 585",CUST059439,"Pooja Saini",299957.39,2
BR0585,"Jaipur Branch 585",CUST087526,"Kavita Yadav",299646.80,3
BR0586,"Pune Branch 586",CUST040470,"Neha Bansal",542209.00,1
BR0586,"Pune Branch 586",CUST075788,"Rahul Patel",508556.06,2
BR0586,"Pune Branch 586",CUST094744,"Deepak Joshi",440415.88,3
BR0587,"Indore Branch 587",CUST097867,"Rohit Patel",299838.46,1
BR0587,"Indore Branch 587",CUST095499,"Riya Joshi",299591.01,2
BR0587,"Indore Branch 587",CUST090989,"Rohit Bansal",299237.52,3
BR0588,"Udaipur Branch 588",CUST012273,"Anjali Yadav",491663.23,1
BR0588,"Udaipur Branch 588",CUST005551,"Deepak Verma",427992.54,2
BR0588,"Udaipur Branch 588",CUST014566,"Simran Malhotra",390653.03,3
BR0589,"Mumbai Branch 589",CUST069849,"Simran Singh",390166.36,1
BR0589,"Mumbai Branch 589",CUST095235,"Pooja Gupta",359613.74,2
BR0589,"Mumbai Branch 589",CUST029214,"Komal Mehta",299906.51,3
BR0590,"Chandigarh Branch 590",CUST051834,"Pawan Malhotra",474988.82,1
BR0590,"Chandigarh Branch 590",CUST038742,"Karan Verma",355077.08,2
BR0590,"Chandigarh Branch 590",CUST093769,"Deepak Malhotra",326191.99,3
BR0591,"Lucknow Branch 591",CUST016388,"Riya Bansal",431565.48,1
BR0591,"Lucknow Branch 591",CUST063077,"Neha Sharma",429209.73,2
BR0591,"Lucknow Branch 591",CUST057238,"Riya Gupta",402485.06,3
BR0592,"Pune Branch 592",CUST013852,"Ankit Mehta",516648.26,1
BR0592,"Pune Branch 592",CUST074905,"Manish Malhotra",442395.52,2
BR0592,"Pune Branch 592",CUST098740,"Pawan Mishra",404013.13,3
BR0593,"Delhi Branch 593",CUST031239,"Sneha Joshi",469038.55,1
BR0593,"Delhi Branch 593",CUST046753,"Komal Sharma",450839.43,2
BR0593,"Delhi Branch 593",CUST031405,"Komal Kumar",361732.59,3
BR0594,"Jodhpur Branch 594",CUST048716,"Manish Bansal",409533.32,1
BR0594,"Jodhpur Branch 594",CUST068631,"Amit Choudhary",325345.48,2
BR0594,"Jodhpur Branch 594",CUST053788,"Sneha Gupta",299754.80,3
BR0595,"Lucknow Branch 595",CUST033668,"Komal Choudhary",448193.40,1
BR0595,"Lucknow Branch 595",CUST030094,"Sneha Agarwal",405632.13,2
BR0595,"Lucknow Branch 595",CUST097898,"Nikhil Malhotra",299252.25,3
BR0596,"Chennai Branch 596",CUST032045,"Pooja Yadav",569205.50,1
BR0596,"Chennai Branch 596",CUST013375,"Rahul Verma",556933.13,2
BR0596,"Chennai Branch 596",CUST060424,"Pawan Sharma",464081.75,3
BR0597,"Alwar Branch 597",CUST001865,"Komal Saini",449837.70,1
BR0597,"Alwar Branch 597",CUST010194,"Rohit Saini",444692.63,2
BR0597,"Alwar Branch 597",CUST048146,"Vikas Gupta",398943.07,3
BR0598,"Surat Branch 598",CUST060432,"Simran Bansal",407412.35,1
BR0598,"Surat Branch 598",CUST063161,"Pawan Tiwari",357020.29,2
BR0598,"Surat Branch 598",CUST032987,"Riya Malhotra",352134.98,3
BR0599,"Ahmedabad Branch 599",CUST052540,"Kavita Mishra",471196.70,1
BR0599,"Ahmedabad Branch 599",CUST025172,"Neha Sharma",436656.13,2
BR0599,"Ahmedabad Branch 599",CUST009882,"Vivek Mishra",333515.42,3
BR0600,"Kolkata Branch 600",CUST065818,"Meena Malhotra",498942.37,1
BR0600,"Kolkata Branch 600",CUST024063,"Neha Gupta",444898.23,2
BR0600,"Kolkata Branch 600",CUST037054,"Ankit Malhotra",333435.78,3
BR0601,"Lucknow Branch 601",CUST023283,"Vikas Gupta",525438.85,1
BR0601,"Lucknow Branch 601",CUST098703,"Vivek Mehta",343840.14,2
BR0601,"Lucknow Branch 601",CUST049307,"Ankit Gupta",299882.26,3
BR0602,"Jodhpur Branch 602",CUST031397,"Shreya Verma",444461.52,1
BR0602,"Jodhpur Branch 602",CUST042268,"Priya Saini",323820.72,2
BR0602,"Jodhpur Branch 602",CUST018001,"Shreya Sharma",319260.99,3
BR0603,"Delhi Branch 603",CUST038189,"Karan Bansal",459892.57,1
BR0603,"Delhi Branch 603",CUST032036,"Komal Patel",451944.05,2
BR0603,"Delhi Branch 603",CUST075600,"Pawan Gupta",428345.13,3
BR0604,"Mumbai Branch 604",CUST092638,"Karan Singh",384661.64,1
BR0604,"Mumbai Branch 604",CUST021129,"Simran Tiwari",371225.66,2
BR0604,"Mumbai Branch 604",CUST027588,"Rohit Yadav",366074.98,3
BR0605,"Pune Branch 605",CUST098217,"Suresh Gupta",416356.88,1
BR0605,"Pune Branch 605",CUST035716,"Rohit Bansal",304245.93,2
BR0605,"Pune Branch 605",CUST057827,"Neha Verma",299661.77,3
BR0606,"Surat Branch 606",CUST038110,"Vivek Singh",436055.88,1
BR0606,"Surat Branch 606",CUST039959,"Neha Bansal",393512.44,2
BR0606,"Surat Branch 606",CUST055753,"Rahul Gupta",376293.37,3
BR0607,"Jodhpur Branch 607",CUST074716,"Priya Tiwari",445659.15,1
BR0607,"Jodhpur Branch 607",CUST052266,"Karan Kumar",436339.93,2
BR0607,"Jodhpur Branch 607",CUST013868,"Suresh Yadav",433833.79,3
BR0608,"Alwar Branch 608",CUST096125,"Pooja Mehta",373987.45,1
BR0608,"Alwar Branch 608",CUST088424,"Pooja Kumar",357503.38,2
BR0608,"Alwar Branch 608",CUST054854,"Karan Gupta",298482.51,3
BR0609,"Hyderabad Branch 609",CUST089725,"Meena Jain",573471.65,1
BR0609,"Hyderabad Branch 609",CUST029958,"Deepak Mishra",390208.35,2
BR0609,"Hyderabad Branch 609",CUST085431,"Pawan Agarwal",362250.69,3
BR0610,"Delhi Branch 610",CUST019687,"Pooja Bansal",513847.60,1
BR0610,"Delhi Branch 610",CUST039159,"Kavita Mishra",471958.32,2
BR0610,"Delhi Branch 610",CUST062119,"Nikhil Tiwari",416436.38,3
BR0611,"Kota Branch 611",CUST043973,"Neha Malhotra",546301.29,1
BR0611,"Kota Branch 611",CUST051329,"Pooja Tiwari",545657.47,2
BR0611,"Kota Branch 611",CUST027849,"Suresh Mishra",496501.95,3
BR0612,"Delhi Branch 612",CUST018622,"Simran Saini",473806.24,1
BR0612,"Delhi Branch 612",CUST094375,"Suresh Saini",440597.44,2
BR0612,"Delhi Branch 612",CUST064630,"Shreya Gupta",365509.20,3
BR0613,"Alwar Branch 613",CUST070098,"Arjun Mehta",567564.85,1
BR0613,"Alwar Branch 613",CUST028774,"Kavita Joshi",489812.34,2
BR0613,"Alwar Branch 613",CUST082129,"Shreya Singh",379534.52,3
BR0614,"Bhopal Branch 614",CUST007918,"Suresh Mehta",570441.20,1
BR0614,"Bhopal Branch 614",CUST025191,"Vivek Joshi",404876.65,2
BR0614,"Bhopal Branch 614",CUST056788,"Rahul Kumar",351919.47,3
BR0615,"Lucknow Branch 615",CUST068108,"Simran Malhotra",456147.86,1
BR0615,"Lucknow Branch 615",CUST023442,"Riya Kumar",299742.36,2
BR0615,"Lucknow Branch 615",CUST089675,"Neha Malhotra",299355.43,3
BR0616,"Ahmedabad Branch 616",CUST091728,"Manish Patel",491200.12,1
BR0616,"Ahmedabad Branch 616",CUST044787,"Neha Jain",457808.89,2
BR0616,"Ahmedabad Branch 616",CUST003417,"Rohit Gupta",439662.53,3
BR0617,"Indore Branch 617",CUST060546,"Pawan Jain",462758.42,1
BR0617,"Indore Branch 617",CUST032177,"Manish Bansal",408110.25,2
BR0617,"Indore Branch 617",CUST044314,"Neha Bansal",401709.04,3
BR0618,"Surat Branch 618",CUST066196,"Anjali Mehta",340036.28,1
BR0618,"Surat Branch 618",CUST054679,"Karan Sharma",312097.08,2
BR0618,"Surat Branch 618",CUST038421,"Rahul Singh",299713.82,3
BR0619,"Mumbai Branch 619",CUST061017,"Vivek Yadav",299935.16,1
BR0619,"Mumbai Branch 619",CUST065203,"Kavita Tiwari",299513.26,2
BR0619,"Mumbai Branch 619",CUST025833,"Vikas Bansal",299050.35,3
BR0620,"Bengaluru Branch 620",CUST050630,"Kavita Bansal",377447.98,1
BR0620,"Bengaluru Branch 620",CUST024324,"Simran Joshi",299907.96,2
BR0620,"Bengaluru Branch 620",CUST095098,"Vivek Tiwari",299901.80,3
BR0621,"Lucknow Branch 621",CUST037508,"Rohit Verma",470714.21,1
BR0621,"Lucknow Branch 621",CUST007441,"Sneha Sharma",426774.34,2
BR0621,"Lucknow Branch 621",CUST064122,"Komal Tiwari",393872.69,3
BR0622,"Lucknow Branch 622",CUST040203,"Riya Jain",518167.88,1
BR0622,"Lucknow Branch 622",CUST006636,"Pawan Gupta",449717.43,2
BR0622,"Lucknow Branch 622",CUST024737,"Pooja Yadav",421051.22,3
BR0623,"Jodhpur Branch 623",CUST078549,"Amit Joshi",506417.00,1
BR0623,"Jodhpur Branch 623",CUST059985,"Pooja Malhotra",452660.07,2
BR0623,"Jodhpur Branch 623",CUST089193,"Komal Rathore",341529.67,3
BR0624,"Lucknow Branch 624",CUST083069,"Nikhil Choudhary",461022.89,1
BR0624,"Lucknow Branch 624",CUST044568,"Meena Yadav",419475.23,2
BR0624,"Lucknow Branch 624",CUST089764,"Komal Rathore",347500.95,3
BR0625,"Bengaluru Branch 625",CUST065671,"Pawan Tiwari",594273.60,1
BR0625,"Bengaluru Branch 625",CUST091500,"Arjun Malhotra",513017.23,2
BR0625,"Bengaluru Branch 625",CUST013096,"Anjali Malhotra",407973.83,3
BR0626,"Lucknow Branch 626",CUST060028,"Rohit Sharma",497638.32,1
BR0626,"Lucknow Branch 626",CUST057446,"Ankit Choudhary",422301.29,2
BR0626,"Lucknow Branch 626",CUST001057,"Kavita Kumar",413675.70,3
BR0627,"Bhopal Branch 627",CUST000614,"Sneha Joshi",401973.94,1
BR0627,"Bhopal Branch 627",CUST096930,"Arjun Bansal",397381.14,2
BR0627,"Bhopal Branch 627",CUST007663,"Simran Choudhary",386934.62,3
BR0628,"Bhopal Branch 628",CUST079694,"Shreya Gupta",299624.18,1
BR0628,"Bhopal Branch 628",CUST020695,"Komal Mehta",299581.37,2
BR0628,"Bhopal Branch 628",CUST091266,"Rohit Singh",299416.66,3
BR0629,"Lucknow Branch 629",CUST063157,"Deepak Sharma",443858.28,1
BR0629,"Lucknow Branch 629",CUST007648,"Arjun Rathore",299631.84,2
BR0629,"Lucknow Branch 629",CUST012633,"Nikhil Singh",298775.95,3
BR0630,"Delhi Branch 630",CUST055098,"Kavita Mehta",377880.94,1
BR0630,"Delhi Branch 630",CUST009236,"Sneha Agarwal",299567.72,2
BR0630,"Delhi Branch 630",CUST005741,"Arjun Gupta",299142.68,3
BR0631,"Indore Branch 631",CUST084336,"Rahul Verma",546826.01,1
BR0631,"Indore Branch 631",CUST042271,"Rohit Jain",411570.88,2
BR0631,"Indore Branch 631",CUST034065,"Anjali Saini",346462.46,3
BR0632,"Mumbai Branch 632",CUST006390,"Shreya Tiwari",299700.96,1
BR0632,"Mumbai Branch 632",CUST015044,"Vivek Sharma",298979.76,2
BR0632,"Mumbai Branch 632",CUST055990,"Rahul Saini",298714.04,3
BR0633,"Kota Branch 633",CUST061404,"Riya Singh",429482.46,1
BR0633,"Kota Branch 633",CUST096967,"Anjali Bansal",299655.06,2
BR0633,"Kota Branch 633",CUST018418,"Meena Mehta",299330.68,3
BR0634,"Bhopal Branch 634",CUST050023,"Vivek Malhotra",370211.72,1
BR0634,"Bhopal Branch 634",CUST066006,"Karan Jain",329343.12,2
BR0634,"Bhopal Branch 634",CUST065714,"Deepak Mehta",299761.35,3
BR0635,"Surat Branch 635",CUST074613,"Amit Joshi",462403.05,1
BR0635,"Surat Branch 635",CUST028065,"Karan Tiwari",360134.94,2
BR0635,"Surat Branch 635",CUST064287,"Arjun Bansal",336822.09,3
BR0636,"Hyderabad Branch 636",CUST082788,"Suresh Singh",471935.16,1
BR0636,"Hyderabad Branch 636",CUST058093,"Meena Choudhary",299891.71,2
BR0636,"Hyderabad Branch 636",CUST084522,"Pooja Mishra",299779.51,3
BR0637,"Delhi Branch 637",CUST070651,"Suresh Tiwari",350731.16,1
BR0637,"Delhi Branch 637",CUST088930,"Neha Gupta",334859.40,2
BR0637,"Delhi Branch 637",CUST039558,"Suresh Mehta",303542.37,3
BR0638,"Bengaluru Branch 638",CUST019939,"Rohit Mehta",462773.52,1
BR0638,"Bengaluru Branch 638",CUST068782,"Sneha Saini",299830.89,2
BR0638,"Bengaluru Branch 638",CUST073319,"Pooja Jain",299704.47,3
BR0639,"Ahmedabad Branch 639",CUST073833,"Rahul Singh",507486.48,1
BR0639,"Ahmedabad Branch 639",CUST052263,"Karan Mehta",454564.44,2
BR0639,"Ahmedabad Branch 639",CUST015652,"Arjun Sharma",418045.03,3
BR0640,"Alwar Branch 640",CUST080405,"Karan Rathore",559103.25,1
BR0640,"Alwar Branch 640",CUST050872,"Neha Jain",363707.98,2
BR0640,"Alwar Branch 640",CUST089403,"Simran Malhotra",339726.77,3
BR0641,"Surat Branch 641",CUST056547,"Suresh Mishra",429614.30,1
BR0641,"Surat Branch 641",CUST032536,"Deepak Joshi",404398.42,2
BR0641,"Surat Branch 641",CUST058945,"Kavita Jain",368544.75,3
BR0642,"Kolkata Branch 642",CUST006672,"Pawan Joshi",533396.35,1
BR0642,"Kolkata Branch 642",CUST086663,"Ankit Malhotra",340345.30,2
BR0642,"Kolkata Branch 642",CUST099884,"Deepak Saini",315875.72,3
BR0643,"Mumbai Branch 643",CUST011854,"Karan Verma",558722.84,1
BR0643,"Mumbai Branch 643",CUST088823,"Vikas Saini",424836.57,2
BR0643,"Mumbai Branch 643",CUST098764,"Arjun Sharma",404927.76,3
BR0644,"Kota Branch 644",CUST042816,"Anjali Verma",479987.87,1
BR0644,"Kota Branch 644",CUST047346,"Pawan Agarwal",314503.83,2
BR0644,"Kota Branch 644",CUST069865,"Anjali Patel",299558.72,3
BR0645,"Jaipur Branch 645",CUST097502,"Meena Jain",495235.68,1
BR0645,"Jaipur Branch 645",CUST001260,"Komal Joshi",446651.13,2
BR0645,"Jaipur Branch 645",CUST033327,"Neha Mishra",389087.37,3
BR0646,"Udaipur Branch 646",CUST034486,"Meena Rathore",532968.26,1
BR0646,"Udaipur Branch 646",CUST050599,"Vikas Agarwal",378077.11,2
BR0646,"Udaipur Branch 646",CUST029462,"Riya Joshi",299708.97,3
BR0647,"Chandigarh Branch 647",CUST065128,"Deepak Saini",413351.62,1
BR0647,"Chandigarh Branch 647",CUST039522,"Rahul Choudhary",374201.52,2
BR0647,"Chandigarh Branch 647",CUST011238,"Shreya Patel",299787.45,3
BR0648,"Ahmedabad Branch 648",CUST038587,"Amit Joshi",432445.74,1
BR0648,"Ahmedabad Branch 648",CUST050575,"Deepak Rathore",298511.95,2
BR0648,"Ahmedabad Branch 648",CUST082398,"Rohit Agarwal",298502.82,3
BR0649,"Kolkata Branch 649",CUST038982,"Kavita Kumar",514534.60,1
BR0649,"Kolkata Branch 649",CUST066623,"Kavita Jain",435863.84,2
BR0649,"Kolkata Branch 649",CUST032065,"Arjun Sharma",384012.45,3
BR0650,"Ahmedabad Branch 650",CUST070681,"Nikhil Tiwari",593354.44,1
BR0650,"Ahmedabad Branch 650",CUST096363,"Vikas Verma",427414.92,2
BR0650,"Ahmedabad Branch 650",CUST034272,"Pawan Rathore",421508.87,3
BR0651,"Kota Branch 651",CUST012055,"Neha Gupta",588280.42,1
BR0651,"Kota Branch 651",CUST081136,"Deepak Jain",352367.78,2
BR0651,"Kota Branch 651",CUST075917,"Nikhil Jain",306263.73,3
BR0652,"Kolkata Branch 652",CUST082028,"Anjali Saini",527832.25,1
BR0652,"Kolkata Branch 652",CUST030267,"Neha Singh",302043.98,2
BR0652,"Kolkata Branch 652",CUST089324,"Komal Jain",299684.43,3
BR0653,"Jodhpur Branch 653",CUST055727,"Arjun Tiwari",558940.86,1
BR0653,"Jodhpur Branch 653",CUST019015,"Sneha Sharma",477564.24,2
BR0653,"Jodhpur Branch 653",CUST006701,"Rahul Sharma",474056.12,3
BR0654,"Alwar Branch 654",CUST047481,"Karan Patel",466787.05,1
BR0654,"Alwar Branch 654",CUST011154,"Ankit Rathore",346781.41,2
BR0654,"Alwar Branch 654",CUST007463,"Pawan Yadav",343786.22,3
BR0655,"Surat Branch 655",CUST001848,"Arjun Gupta",528963.86,1
BR0655,"Surat Branch 655",CUST063966,"Amit Tiwari",442087.37,2
BR0655,"Surat Branch 655",CUST031160,"Rohit Singh",413598.84,3
BR0656,"Mumbai Branch 656",CUST067058,"Sneha Kumar",337909.65,1
BR0656,"Mumbai Branch 656",CUST011646,"Amit Patel",308623.16,2
BR0656,"Mumbai Branch 656",CUST069696,"Riya Jain",299881.71,3
BR0657,"Jodhpur Branch 657",CUST014243,"Karan Mishra",747588.14,1
BR0657,"Jodhpur Branch 657",CUST048624,"Rahul Mishra",599787.66,2
BR0657,"Jodhpur Branch 657",CUST003161,"Anjali Verma",599623.16,3
BR0658,"Bhopal Branch 658",CUST063725,"Deepak Agarwal",491393.73,1
BR0658,"Bhopal Branch 658",CUST014867,"Vivek Gupta",373984.87,2
BR0658,"Bhopal Branch 658",CUST062448,"Riya Rathore",299754.19,3
BR0659,"Bhopal Branch 659",CUST033018,"Ankit Mehta",427420.71,1
BR0659,"Bhopal Branch 659",CUST081066,"Karan Jain",415373.59,2
BR0659,"Bhopal Branch 659",CUST022521,"Pooja Mehta",299105.76,3
BR0660,"Bhopal Branch 660",CUST083625,"Suresh Yadav",577379.18,1
BR0660,"Bhopal Branch 660",CUST053124,"Nikhil Rathore",377401.22,2
BR0660,"Bhopal Branch 660",CUST052185,"Karan Rathore",299759.14,3
BR0661,"Hyderabad Branch 661",CUST066417,"Komal Singh",452386.23,1
BR0661,"Hyderabad Branch 661",CUST022334,"Kavita Malhotra",400201.95,2
BR0661,"Hyderabad Branch 661",CUST099489,"Neha Verma",302829.55,3
BR0662,"Indore Branch 662",CUST007743,"Sneha Agarwal",586807.56,1
BR0662,"Indore Branch 662",CUST086684,"Shreya Saini",442032.80,2
BR0662,"Indore Branch 662",CUST084927,"Suresh Sharma",302146.21,3
BR0663,"Lucknow Branch 663",CUST096205,"Anjali Jain",370016.74,1
BR0663,"Lucknow Branch 663",CUST088744,"Rahul Kumar",339507.66,2
BR0663,"Lucknow Branch 663",CUST004349,"Riya Choudhary",324952.58,3
BR0664,"Surat Branch 664",CUST096494,"Pawan Yadav",500323.96,1
BR0664,"Surat Branch 664",CUST097606,"Simran Jain",352655.80,2
BR0664,"Surat Branch 664",CUST036202,"Pooja Jain",318215.86,3
BR0665,"Chandigarh Branch 665",CUST005138,"Pooja Bansal",379699.33,1
BR0665,"Chandigarh Branch 665",CUST069797,"Karan Yadav",346810.90,2
BR0665,"Chandigarh Branch 665",CUST083584,"Manish Agarwal",299159.87,3
BR0666,"Kota Branch 666",CUST057224,"Riya Choudhary",530727.96,1
BR0666,"Kota Branch 666",CUST096447,"Sneha Jain",409758.06,2
BR0666,"Kota Branch 666",CUST008443,"Vikas Mishra",378614.35,3
BR0667,"Jodhpur Branch 667",CUST026622,"Pooja Agarwal",459931.26,1
BR0667,"Jodhpur Branch 667",CUST067408,"Sneha Kumar",413050.30,2
BR0667,"Jodhpur Branch 667",CUST081561,"Meena Malhotra",406134.66,3
BR0668,"Jodhpur Branch 668",CUST004940,"Simran Kumar",509834.59,1
BR0668,"Jodhpur Branch 668",CUST046262,"Riya Yadav",412207.73,2
BR0668,"Jodhpur Branch 668",CUST042168,"Vivek Saini",347659.17,3
BR0669,"Kota Branch 669",CUST047476,"Karan Verma",460073.88,1
BR0669,"Kota Branch 669",CUST020614,"Karan Agarwal",444890.76,2
BR0669,"Kota Branch 669",CUST048714,"Pooja Kumar",430027.47,3
BR0670,"Hyderabad Branch 670",CUST058027,"Riya Agarwal",415142.04,1
BR0670,"Hyderabad Branch 670",CUST010580,"Priya Gupta",352055.74,2
BR0670,"Hyderabad Branch 670",CUST012993,"Anjali Patel",307695.88,3
BR0671,"Alwar Branch 671",CUST092084,"Riya Sharma",586819.40,1
BR0671,"Alwar Branch 671",CUST085605,"Manish Singh",483608.78,2
BR0671,"Alwar Branch 671",CUST025797,"Karan Singh",414629.87,3
BR0672,"Bengaluru Branch 672",CUST062025,"Amit Verma",300593.36,1
BR0672,"Bengaluru Branch 672",CUST077012,"Deepak Patel",299878.70,2
BR0672,"Bengaluru Branch 672",CUST026927,"Rohit Gupta",299455.92,3
BR0673,"Bhopal Branch 673",CUST069243,"Arjun Rathore",544038.44,1
BR0673,"Bhopal Branch 673",CUST067144,"Suresh Malhotra",435944.42,2
BR0673,"Bhopal Branch 673",CUST066186,"Neha Choudhary",407365.37,3
BR0674,"Surat Branch 674",CUST026359,"Kavita Kumar",522784.72,1
BR0674,"Surat Branch 674",CUST015106,"Rahul Joshi",299913.18,2
BR0674,"Surat Branch 674",CUST074083,"Anjali Jain",299868.45,3
BR0675,"Surat Branch 675",CUST026180,"Amit Bansal",318948.60,1
BR0675,"Surat Branch 675",CUST006387,"Vivek Tiwari",304775.89,2
BR0675,"Surat Branch 675",CUST028119,"Nikhil Sharma",299952.98,3
BR0676,"Mumbai Branch 676",CUST052682,"Suresh Agarwal",443580.32,1
BR0676,"Mumbai Branch 676",CUST012681,"Vivek Choudhary",369417.24,2
BR0676,"Mumbai Branch 676",CUST069446,"Kavita Jain",353983.98,3
BR0677,"Jodhpur Branch 677",CUST021978,"Pooja Mishra",299916.55,1
BR0677,"Jodhpur Branch 677",CUST032472,"Karan Choudhary",299714.08,2
BR0677,"Jodhpur Branch 677",CUST074515,"Rohit Yadav",299241.54,3
BR0678,"Udaipur Branch 678",CUST032029,"Vikas Rathore",320959.54,1
BR0678,"Udaipur Branch 678",CUST088335,"Amit Mishra",306685.33,2
BR0678,"Udaipur Branch 678",CUST012105,"Anjali Mishra",305385.88,3
BR0679,"Delhi Branch 679",CUST088429,"Meena Rathore",485967.19,1
BR0679,"Delhi Branch 679",CUST057721,"Pooja Jain",434897.92,2
BR0679,"Delhi Branch 679",CUST069815,"Meena Choudhary",422835.57,3
BR0680,"Indore Branch 680",CUST092472,"Anjali Gupta",546403.36,1
BR0680,"Indore Branch 680",CUST089335,"Amit Agarwal",511383.49,2
BR0680,"Indore Branch 680",CUST041023,"Ankit Yadav",509802.93,3
BR0681,"Mumbai Branch 681",CUST032887,"Vikas Mishra",425677.12,1
BR0681,"Mumbai Branch 681",CUST039828,"Ankit Rathore",394819.74,2
BR0681,"Mumbai Branch 681",CUST052692,"Shreya Saini",299458.96,3
BR0682,"Chandigarh Branch 682",CUST043743,"Amit Joshi",451601.52,1
BR0682,"Chandigarh Branch 682",CUST051602,"Anjali Bansal",420719.99,2
BR0682,"Chandigarh Branch 682",CUST092909,"Amit Yadav",299406.27,3
BR0683,"Kolkata Branch 683",CUST013905,"Arjun Mehta",396792.15,1
BR0683,"Kolkata Branch 683",CUST025589,"Rahul Sharma",378853.83,2
BR0683,"Kolkata Branch 683",CUST057981,"Priya Saini",372673.47,3
BR0684,"Hyderabad Branch 684",CUST016727,"Vikas Malhotra",453560.08,1
BR0684,"Hyderabad Branch 684",CUST027437,"Vivek Malhotra",299614.63,2
BR0684,"Hyderabad Branch 684",CUST085187,"Komal Joshi",299593.06,3
BR0685,"Hyderabad Branch 685",CUST076605,"Deepak Sharma",470877.22,1
BR0685,"Hyderabad Branch 685",CUST043127,"Ankit Malhotra",361196.99,2
BR0685,"Hyderabad Branch 685",CUST012730,"Deepak Tiwari",299965.93,3
BR0686,"Ahmedabad Branch 686",CUST018146,"Manish Rathore",502565.94,1
BR0686,"Ahmedabad Branch 686",CUST042706,"Komal Choudhary",455565.84,2
BR0686,"Ahmedabad Branch 686",CUST054828,"Vivek Bansal",398255.45,3
BR0687,"Indore Branch 687",CUST031823,"Anjali Agarwal",551202.41,1
BR0687,"Indore Branch 687",CUST025919,"Pooja Jain",483637.74,2
BR0687,"Indore Branch 687",CUST034257,"Simran Yadav",396280.39,3
BR0688,"Alwar Branch 688",CUST080304,"Riya Mishra",406470.04,1
BR0688,"Alwar Branch 688",CUST051748,"Rahul Kumar",299244.78,2
BR0688,"Alwar Branch 688",CUST016387,"Ankit Patel",299203.40,3
BR0689,"Udaipur Branch 689",CUST084482,"Sneha Mishra",489349.06,1
BR0689,"Udaipur Branch 689",CUST013343,"Rahul Jain",324820.48,2
BR0689,"Udaipur Branch 689",CUST040004,"Pawan Gupta",314082.60,3
BR0690,"Bhopal Branch 690",CUST051339,"Neha Gupta",478573.14,1
BR0690,"Bhopal Branch 690",CUST019866,"Arjun Agarwal",377085.75,2
BR0690,"Bhopal Branch 690",CUST061544,"Vikas Malhotra",299974.36,3
BR0691,"Pune Branch 691",CUST064102,"Riya Kumar",492704.95,1
BR0691,"Pune Branch 691",CUST045178,"Anjali Tiwari",451569.09,2
BR0691,"Pune Branch 691",CUST058671,"Karan Malhotra",312325.91,3
BR0692,"Bengaluru Branch 692",CUST049783,"Amit Singh",519438.48,1
BR0692,"Bengaluru Branch 692",CUST033035,"Anjali Jain",502646.50,2
BR0692,"Bengaluru Branch 692",CUST081552,"Kavita Rathore",431986.81,3
BR0693,"Delhi Branch 693",CUST091974,"Pawan Agarwal",306522.27,1
BR0693,"Delhi Branch 693",CUST010483,"Neha Joshi",299863.88,2
BR0693,"Delhi Branch 693",CUST016327,"Arjun Verma",299838.05,3
BR0694,"Chennai Branch 694",CUST011436,"Pooja Joshi",337682.19,1
BR0694,"Chennai Branch 694",CUST025409,"Neha Kumar",328156.90,2
BR0694,"Chennai Branch 694",CUST022979,"Vivek Bansal",304838.93,3
BR0695,"Delhi Branch 695",CUST024883,"Nikhil Mehta",560523.58,1
BR0695,"Delhi Branch 695",CUST091858,"Anjali Saini",472860.15,2
BR0695,"Delhi Branch 695",CUST005157,"Nikhil Verma",405808.10,3
BR0696,"Kolkata Branch 696",CUST055584,"Nikhil Agarwal",512263.68,1
BR0696,"Kolkata Branch 696",CUST013522,"Sneha Gupta",430685.92,2
BR0696,"Kolkata Branch 696",CUST039666,"Amit Bansal",406035.96,3
BR0697,"Jaipur Branch 697",CUST008475,"Sneha Saini",349571.53,1
BR0697,"Jaipur Branch 697",CUST010196,"Vivek Singh",299986.28,2
BR0697,"Jaipur Branch 697",CUST038393,"Vikas Patel",299575.23,3
BR0698,"Hyderabad Branch 698",CUST092311,"Amit Malhotra",383804.38,1
BR0698,"Hyderabad Branch 698",CUST052998,"Sneha Jain",311420.26,2
BR0698,"Hyderabad Branch 698",CUST050738,"Deepak Jain",299902.89,3
BR0699,"Pune Branch 699",CUST027474,"Meena Choudhary",512650.04,1
BR0699,"Pune Branch 699",CUST078650,"Rahul Rathore",391836.56,2
BR0699,"Pune Branch 699",CUST031559,"Anjali Kumar",299859.10,3
BR0700,"Bengaluru Branch 700",CUST099421,"Neha Malhotra",397887.40,1
BR0700,"Bengaluru Branch 700",CUST056321,"Simran Singh",299829.81,2
BR0700,"Bengaluru Branch 700",CUST033062,"Suresh Bansal",299828.03,3
BR0701,"Bengaluru Branch 701",CUST003017,"Nikhil Tiwari",364964.42,1
BR0701,"Bengaluru Branch 701",CUST095378,"Rohit Yadav",299954.56,2
BR0701,"Bengaluru Branch 701",CUST059810,"Suresh Joshi",299778.46,3
BR0702,"Jodhpur Branch 702",CUST020667,"Amit Kumar",547667.92,1
BR0702,"Jodhpur Branch 702",CUST060791,"Deepak Mehta",498817.05,2
BR0702,"Jodhpur Branch 702",CUST013994,"Nikhil Mehta",299878.93,3
BR0703,"Udaipur Branch 703",CUST067842,"Simran Choudhary",476976.59,1
BR0703,"Udaipur Branch 703",CUST034778,"Komal Gupta",299994.75,2
BR0703,"Udaipur Branch 703",CUST054804,"Pawan Gupta",299898.51,3
BR0704,"Alwar Branch 704",CUST066553,"Komal Singh",409844.32,1
BR0704,"Alwar Branch 704",CUST025802,"Sneha Patel",299501.51,2
BR0704,"Alwar Branch 704",CUST072028,"Nikhil Saini",299452.10,3
BR0705,"Lucknow Branch 705",CUST052087,"Vivek Mishra",399363.15,1
BR0705,"Lucknow Branch 705",CUST019978,"Riya Joshi",299906.19,2
BR0705,"Lucknow Branch 705",CUST079566,"Suresh Joshi",299786.29,3
BR0706,"Kota Branch 706",CUST020917,"Meena Rathore",377123.82,1
BR0706,"Kota Branch 706",CUST082492,"Suresh Patel",345725.34,2
BR0706,"Kota Branch 706",CUST056036,"Deepak Kumar",299589.04,3
BR0707,"Chandigarh Branch 707",CUST004873,"Vivek Joshi",472080.90,1
BR0707,"Chandigarh Branch 707",CUST033162,"Priya Saini",332858.90,2
BR0707,"Chandigarh Branch 707",CUST077472,"Vivek Tiwari",299874.77,3
BR0708,"Indore Branch 708",CUST095142,"Rahul Choudhary",537363.13,1
BR0708,"Indore Branch 708",CUST055820,"Neha Saini",467429.08,2
BR0708,"Indore Branch 708",CUST091854,"Suresh Tiwari",337640.66,3
BR0709,"Kota Branch 709",CUST036422,"Neha Kumar",544073.13,1
BR0709,"Kota Branch 709",CUST047825,"Manish Jain",529024.12,2
BR0709,"Kota Branch 709",CUST073466,"Rohit Saini",367191.54,3
BR0710,"Bengaluru Branch 710",CUST031397,"Shreya Verma",308237.18,1
BR0710,"Bengaluru Branch 710",CUST024514,"Meena Sharma",299193.81,2
BR0710,"Bengaluru Branch 710",CUST000351,"Priya Patel",298717.56,3
BR0711,"Udaipur Branch 711",CUST062387,"Kavita Malhotra",379171.83,1
BR0711,"Udaipur Branch 711",CUST091639,"Simran Malhotra",361748.73,2
BR0711,"Udaipur Branch 711",CUST056233,"Deepak Tiwari",322454.73,3
BR0712,"Ahmedabad Branch 712",CUST043791,"Anjali Bansal",535211.64,1
BR0712,"Ahmedabad Branch 712",CUST067388,"Suresh Rathore",443179.40,2
BR0712,"Ahmedabad Branch 712",CUST010968,"Anjali Yadav",440605.49,3
BR0713,"Jaipur Branch 713",CUST015495,"Vivek Rathore",475850.84,1
BR0713,"Jaipur Branch 713",CUST007006,"Vivek Sharma",340146.79,2
BR0713,"Jaipur Branch 713",CUST016505,"Vikas Patel",299367.55,3
BR0714,"Jaipur Branch 714",CUST074884,"Rahul Gupta",467940.13,1
BR0714,"Jaipur Branch 714",CUST091830,"Rohit Malhotra",430964.00,2
BR0714,"Jaipur Branch 714",CUST037326,"Deepak Bansal",347619.06,3
BR0715,"Chennai Branch 715",CUST072810,"Deepak Kumar",591026.88,1
BR0715,"Chennai Branch 715",CUST066969,"Amit Jain",441540.44,2
BR0715,"Chennai Branch 715",CUST084198,"Riya Patel",299981.21,3
BR0716,"Surat Branch 716",CUST082746,"Shreya Tiwari",542929.99,1
BR0716,"Surat Branch 716",CUST088530,"Suresh Mishra",434306.42,2
BR0716,"Surat Branch 716",CUST025295,"Komal Tiwari",307002.52,3
BR0717,"Bengaluru Branch 717",CUST027783,"Simran Patel",427266.67,1
BR0717,"Bengaluru Branch 717",CUST040117,"Priya Mehta",390140.06,2
BR0717,"Bengaluru Branch 717",CUST058494,"Rahul Gupta",299963.56,3
BR0718,"Lucknow Branch 718",CUST018892,"Sneha Mehta",365682.14,1
BR0718,"Lucknow Branch 718",CUST000269,"Riya Choudhary",353401.12,2
BR0718,"Lucknow Branch 718",CUST059397,"Simran Singh",299720.71,3
BR0719,"Indore Branch 719",CUST021946,"Priya Kumar",536568.08,1
BR0719,"Indore Branch 719",CUST055954,"Sneha Verma",458802.59,2
BR0719,"Indore Branch 719",CUST018387,"Vivek Tiwari",325245.37,3
BR0720,"Surat Branch 720",CUST081648,"Rohit Tiwari",421765.47,1
BR0720,"Surat Branch 720",CUST096790,"Riya Mishra",339378.25,2
BR0720,"Surat Branch 720",CUST069860,"Ankit Yadav",299840.40,3
BR0721,"Jaipur Branch 721",CUST049768,"Suresh Kumar",526268.34,1
BR0721,"Jaipur Branch 721",CUST000798,"Arjun Saini",502839.60,2
BR0721,"Jaipur Branch 721",CUST032371,"Neha Patel",437127.24,3
BR0722,"Kolkata Branch 722",CUST068654,"Komal Malhotra",516024.42,1
BR0722,"Kolkata Branch 722",CUST054984,"Neha Saini",405371.30,2
BR0722,"Kolkata Branch 722",CUST032891,"Anjali Mehta",387434.74,3
BR0723,"Ahmedabad Branch 723",CUST075040,"Vivek Singh",490380.77,1
BR0723,"Ahmedabad Branch 723",CUST072204,"Priya Gupta",313895.93,2
BR0723,"Ahmedabad Branch 723",CUST008311,"Vivek Tiwari",299776.37,3
BR0724,"Delhi Branch 724",CUST099019,"Karan Jain",346451.34,1
BR0724,"Delhi Branch 724",CUST078687,"Neha Malhotra",330344.07,2
BR0724,"Delhi Branch 724",CUST049484,"Simran Gupta",312174.92,3
BR0725,"Pune Branch 725",CUST091192,"Simran Sharma",453780.46,1
BR0725,"Pune Branch 725",CUST081703,"Riya Bansal",415572.22,2
BR0725,"Pune Branch 725",CUST099499,"Rohit Gupta",299847.40,3
BR0726,"Alwar Branch 726",CUST059941,"Manish Yadav",423280.92,1
BR0726,"Alwar Branch 726",CUST098496,"Amit Yadav",384262.11,2
BR0726,"Alwar Branch 726",CUST042078,"Vivek Verma",330359.63,3
BR0727,"Chandigarh Branch 727",CUST027373,"Riya Joshi",333495.75,1
BR0727,"Chandigarh Branch 727",CUST014367,"Riya Mishra",299453.47,2
BR0727,"Chandigarh Branch 727",CUST027548,"Shreya Gupta",299181.25,3
BR0728,"Bhopal Branch 728",CUST045389,"Anjali Jain",500420.92,1
BR0728,"Bhopal Branch 728",CUST046418,"Suresh Yadav",299399.87,2
BR0728,"Bhopal Branch 728",CUST095916,"Arjun Bansal",299077.25,3
BR0729,"Hyderabad Branch 729",CUST060257,"Amit Agarwal",459381.08,1
BR0729,"Hyderabad Branch 729",CUST076392,"Komal Patel",352227.69,2
BR0729,"Hyderabad Branch 729",CUST093742,"Simran Sharma",330281.57,3
BR0730,"Pune Branch 730",CUST030525,"Rahul Choudhary",503135.41,1
BR0730,"Pune Branch 730",CUST073673,"Amit Kumar",499848.76,2
BR0730,"Pune Branch 730",CUST077728,"Shreya Yadav",463647.80,3
BR0731,"Jaipur Branch 731",CUST016690,"Anjali Joshi",522754.02,1
BR0731,"Jaipur Branch 731",CUST026380,"Meena Rathore",406223.81,2
BR0731,"Jaipur Branch 731",CUST026741,"Komal Malhotra",380891.37,3
BR0732,"Alwar Branch 732",CUST081351,"Shreya Mehta",481825.14,1
BR0732,"Alwar Branch 732",CUST057504,"Karan Mishra",299982.36,2
BR0732,"Alwar Branch 732",CUST090541,"Manish Mishra",299465.59,3
BR0733,"Kolkata Branch 733",CUST038428,"Vivek Gupta",509423.44,1
BR0733,"Kolkata Branch 733",CUST027471,"Rahul Mehta",467655.50,2
BR0733,"Kolkata Branch 733",CUST043928,"Rohit Rathore",433441.46,3
BR0734,"Chennai Branch 734",CUST065719,"Pooja Gupta",328679.23,1
BR0734,"Chennai Branch 734",CUST054726,"Manish Patel",299815.16,2
BR0734,"Chennai Branch 734",CUST033198,"Vivek Gupta",299571.60,3
BR0735,"Delhi Branch 735",CUST058031,"Riya Saini",590087.14,1
BR0735,"Delhi Branch 735",CUST059308,"Anjali Verma",541465.04,2
BR0735,"Delhi Branch 735",CUST078011,"Vivek Yadav",473644.64,3
BR0736,"Udaipur Branch 736",CUST004480,"Vikas Rathore",478732.82,1
BR0736,"Udaipur Branch 736",CUST027803,"Komal Malhotra",299436.56,2
BR0736,"Udaipur Branch 736",CUST015055,"Suresh Yadav",298994.32,3
BR0737,"Surat Branch 737",CUST003746,"Nikhil Singh",531939.61,1
BR0737,"Surat Branch 737",CUST037350,"Pawan Verma",504843.68,2
BR0737,"Surat Branch 737",CUST042181,"Sneha Choudhary",299908.36,3
BR0738,"Bhopal Branch 738",CUST004164,"Anjali Agarwal",370570.57,1
BR0738,"Bhopal Branch 738",CUST068891,"Deepak Singh",350217.41,2
BR0738,"Bhopal Branch 738",CUST007788,"Pooja Mehta",299366.46,3
BR0739,"Jodhpur Branch 739",CUST016591,"Deepak Jain",308211.44,1
BR0739,"Jodhpur Branch 739",CUST005637,"Karan Bansal",299894.92,2
BR0739,"Jodhpur Branch 739",CUST048482,"Rohit Mehta",299507.28,3
BR0740,"Chennai Branch 740",CUST069860,"Ankit Yadav",438282.52,1
BR0740,"Chennai Branch 740",CUST091471,"Suresh Malhotra",377317.32,2
BR0740,"Chennai Branch 740",CUST028289,"Suresh Jain",299869.18,3
BR0741,"Bhopal Branch 741",CUST014407,"Arjun Tiwari",299711.64,1
BR0741,"Bhopal Branch 741",CUST036947,"Shreya Mehta",299589.76,2
BR0741,"Bhopal Branch 741",CUST067086,"Ankit Saini",298182.87,3
BR0742,"Kota Branch 742",CUST012588,"Arjun Patel",430373.81,1
BR0742,"Kota Branch 742",CUST006538,"Anjali Patel",420443.40,2
BR0742,"Kota Branch 742",CUST044761,"Meena Jain",384555.96,3
BR0743,"Jaipur Branch 743",CUST060609,"Manish Kumar",482840.66,1
BR0743,"Jaipur Branch 743",CUST011683,"Pawan Singh",471119.29,2
BR0743,"Jaipur Branch 743",CUST084961,"Rahul Rathore",328270.66,3
BR0744,"Chandigarh Branch 744",CUST001380,"Amit Saini",451046.46,1
BR0744,"Chandigarh Branch 744",CUST017801,"Simran Patel",389755.26,2
BR0744,"Chandigarh Branch 744",CUST092944,"Meena Agarwal",342442.66,3
BR0745,"Surat Branch 745",CUST080015,"Vikas Choudhary",552140.96,1
BR0745,"Surat Branch 745",CUST057450,"Arjun Kumar",425507.94,2
BR0745,"Surat Branch 745",CUST062165,"Karan Jain",299210.50,3
BR0746,"Mumbai Branch 746",CUST071426,"Suresh Sharma",431390.16,1
BR0746,"Mumbai Branch 746",CUST063954,"Pawan Verma",298836.16,2
BR0746,"Mumbai Branch 746",CUST012751,"Priya Sharma",298597.22,3
BR0747,"Kolkata Branch 747",CUST057339,"Vivek Joshi",445662.38,1
BR0747,"Kolkata Branch 747",CUST015955,"Vikas Gupta",401037.94,2
BR0747,"Kolkata Branch 747",CUST027205,"Priya Gupta",351322.85,3
BR0748,"Kolkata Branch 748",CUST031228,"Kavita Choudhary",544193.65,1
BR0748,"Kolkata Branch 748",CUST090403,"Deepak Saini",369021.42,2
BR0748,"Kolkata Branch 748",CUST008884,"Amit Sharma",299998.53,3
BR0749,"Lucknow Branch 749",CUST086516,"Simran Kumar",464921.67,1
BR0749,"Lucknow Branch 749",CUST082511,"Vivek Mehta",449011.28,2
BR0749,"Lucknow Branch 749",CUST096484,"Manish Mishra",383598.68,3
BR0750,"Kota Branch 750",CUST082914,"Suresh Mehta",572927.75,1
BR0750,"Kota Branch 750",CUST012406,"Anjali Rathore",541019.39,2
BR0750,"Kota Branch 750",CUST024636,"Amit Bansal",431690.87,3
BR0751,"Pune Branch 751",CUST036043,"Rohit Malhotra",776573.20,1
BR0751,"Pune Branch 751",CUST039459,"Simran Jain",715108.84,2
BR0751,"Pune Branch 751",CUST005667,"Pawan Gupta",699653.04,3
BR0752,"Jaipur Branch 752",CUST000007,"Rohit Choudhary",424180.25,1
BR0752,"Jaipur Branch 752",CUST021011,"Rahul Rathore",365563.65,2
BR0752,"Jaipur Branch 752",CUST058003,"Deepak Rathore",299884.22,3
BR0753,"Bengaluru Branch 753",CUST005265,"Rahul Singh",420765.50,1
BR0753,"Bengaluru Branch 753",CUST082348,"Arjun Joshi",339686.27,2
BR0753,"Bengaluru Branch 753",CUST092992,"Karan Joshi",313187.96,3
BR0754,"Chandigarh Branch 754",CUST073619,"Kavita Sharma",525065.46,1
BR0754,"Chandigarh Branch 754",CUST097429,"Priya Mehta",497013.48,2
BR0754,"Chandigarh Branch 754",CUST027383,"Manish Rathore",336627.84,3
BR0755,"Udaipur Branch 755",CUST083297,"Karan Tiwari",595927.34,1
BR0755,"Udaipur Branch 755",CUST091369,"Pawan Agarwal",518417.33,2
BR0755,"Udaipur Branch 755",CUST055812,"Priya Gupta",441017.00,3
BR0756,"Chennai Branch 756",CUST007457,"Arjun Malhotra",552972.50,1
BR0756,"Chennai Branch 756",CUST056273,"Kavita Rathore",404484.54,2
BR0756,"Chennai Branch 756",CUST096563,"Kavita Rathore",357160.58,3
BR0757,"Chandigarh Branch 757",CUST024091,"Shreya Jain",299925.95,1
BR0757,"Chandigarh Branch 757",CUST026431,"Arjun Malhotra",299780.26,2
BR0757,"Chandigarh Branch 757",CUST026528,"Manish Choudhary",299311.17,3
BR0758,"Pune Branch 758",CUST094591,"Amit Singh",464562.59,1
BR0758,"Pune Branch 758",CUST029819,"Pooja Singh",341706.08,2
BR0758,"Pune Branch 758",CUST022098,"Pawan Malhotra",321299.60,3
BR0759,"Alwar Branch 759",CUST075500,"Anjali Saini",339569.97,1
BR0759,"Alwar Branch 759",CUST072899,"Pawan Mishra",299377.78,2
BR0759,"Alwar Branch 759",CUST004894,"Nikhil Jain",299059.72,3
BR0760,"Chennai Branch 760",CUST024388,"Shreya Verma",560834.24,1
BR0760,"Chennai Branch 760",CUST059098,"Rohit Verma",444072.24,2
BR0760,"Chennai Branch 760",CUST061158,"Neha Tiwari",356706.60,3
BR0761,"Indore Branch 761",CUST077662,"Karan Joshi",548155.12,1
BR0761,"Indore Branch 761",CUST079776,"Meena Jain",466682.53,2
BR0761,"Indore Branch 761",CUST072071,"Karan Bansal",320703.97,3
BR0762,"Chennai Branch 762",CUST078613,"Karan Gupta",443588.76,1
BR0762,"Chennai Branch 762",CUST084002,"Sneha Mehta",299568.92,2
BR0762,"Chennai Branch 762",CUST080764,"Shreya Malhotra",299409.52,3
BR0763,"Bhopal Branch 763",CUST000587,"Komal Singh",550182.37,1
BR0763,"Bhopal Branch 763",CUST019811,"Kavita Mishra",516925.73,2
BR0763,"Bhopal Branch 763",CUST012858,"Kavita Yadav",502393.02,3
BR0764,"Alwar Branch 764",CUST054765,"Nikhil Verma",400684.76,1
BR0764,"Alwar Branch 764",CUST004555,"Amit Saini",369887.38,2
BR0764,"Alwar Branch 764",CUST024162,"Suresh Kumar",312695.44,3
BR0765,"Chandigarh Branch 765",CUST009932,"Nikhil Singh",380203.16,1
BR0765,"Chandigarh Branch 765",CUST078778,"Amit Joshi",335365.83,2
BR0765,"Chandigarh Branch 765",CUST031836,"Pooja Rathore",308960.87,3
BR0766,"Udaipur Branch 766",CUST085429,"Pooja Patel",508999.34,1
BR0766,"Udaipur Branch 766",CUST065584,"Anjali Patel",464642.42,2
BR0766,"Udaipur Branch 766",CUST054317,"Nikhil Joshi",403694.15,3
BR0767,"Ahmedabad Branch 767",CUST089749,"Rohit Jain",344740.50,1
BR0767,"Ahmedabad Branch 767",CUST046281,"Sneha Patel",327122.81,2
BR0767,"Ahmedabad Branch 767",CUST063600,"Rahul Jain",325478.37,3
BR0768,"Mumbai Branch 768",CUST050640,"Sneha Mishra",422851.74,1
BR0768,"Mumbai Branch 768",CUST038541,"Vikas Mishra",422119.10,2
BR0768,"Mumbai Branch 768",CUST058422,"Arjun Tiwari",406494.30,3
BR0769,"Jodhpur Branch 769",CUST032027,"Vikas Bansal",591307.42,1
BR0769,"Jodhpur Branch 769",CUST036855,"Arjun Agarwal",473814.70,2
BR0769,"Jodhpur Branch 769",CUST038479,"Ankit Yadav",412976.38,3
BR0770,"Mumbai Branch 770",CUST003264,"Priya Yadav",586258.62,1
BR0770,"Mumbai Branch 770",CUST029065,"Shreya Verma",409130.76,2
BR0770,"Mumbai Branch 770",CUST023433,"Suresh Yadav",350116.20,3
BR0771,"Surat Branch 771",CUST070286,"Sneha Gupta",319143.11,1
BR0771,"Surat Branch 771",CUST057651,"Komal Joshi",307114.45,2
BR0771,"Surat Branch 771",CUST040859,"Rahul Saini",299895.59,3
BR0772,"Surat Branch 772",CUST098950,"Manish Rathore",384569.36,1
BR0772,"Surat Branch 772",CUST046787,"Arjun Saini",346493.19,2
BR0772,"Surat Branch 772",CUST010536,"Pooja Mehta",299639.02,3
BR0773,"Chennai Branch 773",CUST081910,"Pawan Patel",400504.02,1
BR0773,"Chennai Branch 773",CUST025730,"Manish Joshi",299886.25,2
BR0773,"Chennai Branch 773",CUST016412,"Komal Sharma",299876.64,3
BR0774,"Kota Branch 774",CUST005857,"Deepak Saini",458273.91,1
BR0774,"Kota Branch 774",CUST090503,"Deepak Kumar",445968.61,2
BR0774,"Kota Branch 774",CUST010144,"Kavita Jain",320171.62,3
BR0775,"Udaipur Branch 775",CUST036458,"Rahul Kumar",458334.09,1
BR0775,"Udaipur Branch 775",CUST030242,"Meena Patel",436722.14,2
BR0775,"Udaipur Branch 775",CUST000189,"Amit Mishra",367357.86,3
BR0776,"Lucknow Branch 776",CUST007406,"Pawan Mishra",525219.17,1
BR0776,"Lucknow Branch 776",CUST032617,"Shreya Jain",499000.64,2
BR0776,"Lucknow Branch 776",CUST011109,"Deepak Singh",358357.17,3
BR0777,"Bhopal Branch 777",CUST081828,"Suresh Yadav",381617.72,1
BR0777,"Bhopal Branch 777",CUST018644,"Rahul Joshi",327042.91,2
BR0777,"Bhopal Branch 777",CUST001812,"Deepak Jain",299883.07,3
BR0778,"Ahmedabad Branch 778",CUST015791,"Ankit Kumar",405103.61,1
BR0778,"Ahmedabad Branch 778",CUST043626,"Pooja Gupta",368747.20,2
BR0778,"Ahmedabad Branch 778",CUST064379,"Vikas Kumar",316738.20,3
BR0779,"Alwar Branch 779",CUST029450,"Kavita Verma",551390.48,1
BR0779,"Alwar Branch 779",CUST017008,"Karan Yadav",484052.81,2
BR0779,"Alwar Branch 779",CUST025255,"Anjali Sharma",437532.56,3
BR0780,"Pune Branch 780",CUST016023,"Anjali Joshi",439471.66,1
BR0780,"Pune Branch 780",CUST033465,"Meena Mishra",316267.47,2
BR0780,"Pune Branch 780",CUST081056,"Karan Bansal",299954.44,3
BR0781,"Kota Branch 781",CUST034158,"Komal Singh",439659.05,1
BR0781,"Kota Branch 781",CUST039675,"Amit Singh",435727.77,2
BR0781,"Kota Branch 781",CUST092612,"Anjali Malhotra",375312.60,3
BR0782,"Indore Branch 782",CUST018951,"Shreya Jain",460772.10,1
BR0782,"Indore Branch 782",CUST084662,"Pawan Patel",453166.97,2
BR0782,"Indore Branch 782",CUST082567,"Riya Mehta",428514.74,3
BR0783,"Jaipur Branch 783",CUST041403,"Riya Singh",450593.31,1
BR0783,"Jaipur Branch 783",CUST023257,"Arjun Yadav",449644.51,2
BR0783,"Jaipur Branch 783",CUST084888,"Arjun Malhotra",364531.16,3
BR0784,"Delhi Branch 784",CUST011536,"Ankit Mishra",498707.78,1
BR0784,"Delhi Branch 784",CUST004442,"Sneha Choudhary",299916.29,2
BR0784,"Delhi Branch 784",CUST070504,"Vivek Saini",299607.80,3
BR0785,"Kota Branch 785",CUST032287,"Amit Joshi",560905.24,1
BR0785,"Kota Branch 785",CUST038479,"Ankit Yadav",488437.78,2
BR0785,"Kota Branch 785",CUST061473,"Sneha Singh",450634.02,3
BR0786,"Delhi Branch 786",CUST082921,"Deepak Singh",325249.95,1
BR0786,"Delhi Branch 786",CUST045029,"Neha Sharma",299358.69,2
BR0786,"Delhi Branch 786",CUST050480,"Karan Yadav",298802.93,3
BR0787,"Kolkata Branch 787",CUST048954,"Komal Tiwari",367552.70,1
BR0787,"Kolkata Branch 787",CUST080469,"Simran Gupta",299891.57,2
BR0787,"Kolkata Branch 787",CUST009177,"Deepak Joshi",299748.42,3
BR0788,"Ahmedabad Branch 788",CUST051186,"Vikas Malhotra",524714.51,1
BR0788,"Ahmedabad Branch 788",CUST037306,"Rahul Patel",299898.20,2
BR0788,"Ahmedabad Branch 788",CUST029952,"Arjun Jain",299439.74,3
BR0789,"Indore Branch 789",CUST012045,"Simran Kumar",499388.69,1
BR0789,"Indore Branch 789",CUST098924,"Priya Sharma",301760.74,2
BR0789,"Indore Branch 789",CUST004670,"Sneha Malhotra",299819.40,3
BR0790,"Lucknow Branch 790",CUST049258,"Arjun Mehta",389797.64,1
BR0790,"Lucknow Branch 790",CUST041004,"Pawan Mehta",299919.89,2
BR0790,"Lucknow Branch 790",CUST041346,"Komal Mishra",299622.72,3
BR0791,"Chennai Branch 791",CUST011412,"Kavita Singh",451475.71,1
BR0791,"Chennai Branch 791",CUST052369,"Manish Joshi",403083.63,2
BR0791,"Chennai Branch 791",CUST052366,"Neha Malhotra",299793.06,3
BR0792,"Chennai Branch 792",CUST065343,"Manish Tiwari",437993.74,1
BR0792,"Chennai Branch 792",CUST043857,"Komal Sharma",376745.32,2
BR0792,"Chennai Branch 792",CUST027131,"Karan Singh",299442.11,3
BR0793,"Udaipur Branch 793",CUST083362,"Rahul Tiwari",486376.72,1
BR0793,"Udaipur Branch 793",CUST089396,"Neha Tiwari",404229.28,2
BR0793,"Udaipur Branch 793",CUST046817,"Priya Tiwari",392117.84,3
BR0794,"Jaipur Branch 794",CUST066541,"Simran Jain",407965.48,1
BR0794,"Jaipur Branch 794",CUST010584,"Arjun Yadav",349633.38,2
BR0794,"Jaipur Branch 794",CUST058349,"Rahul Tiwari",309522.81,3
BR0795,"Jaipur Branch 795",CUST058430,"Meena Sharma",434476.21,1
BR0795,"Jaipur Branch 795",CUST080569,"Karan Jain",434309.90,2
BR0795,"Jaipur Branch 795",CUST058423,"Karan Kumar",410239.76,3
BR0796,"Surat Branch 796",CUST016540,"Vivek Malhotra",556910.70,1
BR0796,"Surat Branch 796",CUST081254,"Suresh Rathore",401098.72,2
BR0796,"Surat Branch 796",CUST056176,"Nikhil Sharma",389589.07,3
BR0797,"Bengaluru Branch 797",CUST075743,"Rahul Patel",491441.01,1
BR0797,"Bengaluru Branch 797",CUST065529,"Kavita Choudhary",452911.55,2
BR0797,"Bengaluru Branch 797",CUST029755,"Pooja Mehta",396800.56,3
BR0798,"Bengaluru Branch 798",CUST001932,"Amit Agarwal",567779.32,1
BR0798,"Bengaluru Branch 798",CUST083073,"Arjun Gupta",565785.89,2
BR0798,"Bengaluru Branch 798",CUST099180,"Pooja Verma",356552.27,3
BR0799,"Lucknow Branch 799",CUST090484,"Nikhil Singh",529674.65,1
BR0799,"Lucknow Branch 799",CUST075311,"Suresh Yadav",410575.27,2
BR0799,"Lucknow Branch 799",CUST073050,"Pawan Singh",299917.94,3
BR0800,"Ahmedabad Branch 800",CUST072186,"Meena Agarwal",506448.89,1
BR0800,"Ahmedabad Branch 800",CUST051630,"Komal Sharma",469185.75,2
BR0800,"Ahmedabad Branch 800",CUST096038,"Amit Agarwal",332459.39,3
BR0801,"Pune Branch 801",CUST013783,"Kavita Singh",489439.02,1
BR0801,"Pune Branch 801",CUST001973,"Manish Choudhary",299975.12,2
BR0801,"Pune Branch 801",CUST071633,"Kavita Singh",299919.83,3
BR0802,"Lucknow Branch 802",CUST079279,"Neha Agarwal",589323.42,1
BR0802,"Lucknow Branch 802",CUST067005,"Pawan Kumar",410116.27,2
BR0802,"Lucknow Branch 802",CUST096917,"Anjali Verma",299345.26,3
BR0803,"Kota Branch 803",CUST042553,"Sneha Jain",416921.68,1
BR0803,"Kota Branch 803",CUST074437,"Manish Jain",315532.52,2
BR0803,"Kota Branch 803",CUST016152,"Simran Singh",299891.26,3
BR0804,"Chandigarh Branch 804",CUST036566,"Pawan Rathore",409930.88,1
BR0804,"Chandigarh Branch 804",CUST000724,"Karan Agarwal",299821.28,2
BR0804,"Chandigarh Branch 804",CUST060554,"Riya Choudhary",299692.87,3
BR0805,"Jaipur Branch 805",CUST028280,"Priya Saini",533214.62,1
BR0805,"Jaipur Branch 805",CUST050676,"Riya Mishra",336386.43,2
BR0805,"Jaipur Branch 805",CUST040919,"Kavita Mishra",299930.09,3
BR0806,"Hyderabad Branch 806",CUST092857,"Vikas Patel",554109.42,1
BR0806,"Hyderabad Branch 806",CUST099461,"Anjali Jain",401013.16,2
BR0806,"Hyderabad Branch 806",CUST083183,"Nikhil Gupta",312746.70,3
BR0807,"Jaipur Branch 807",CUST079258,"Vivek Bansal",374517.14,1
BR0807,"Jaipur Branch 807",CUST061492,"Nikhil Bansal",299210.93,2
BR0807,"Jaipur Branch 807",CUST025155,"Rahul Singh",298868.01,3
BR0808,"Jaipur Branch 808",CUST038187,"Manish Yadav",551923.87,1
BR0808,"Jaipur Branch 808",CUST009399,"Komal Jain",353674.06,2
BR0808,"Jaipur Branch 808",CUST058712,"Shreya Yadav",299602.35,3
BR0809,"Kolkata Branch 809",CUST037098,"Ankit Bansal",299443.49,1
BR0809,"Kolkata Branch 809",CUST072548,"Deepak Kumar",299069.74,2
BR0809,"Kolkata Branch 809",CUST039905,"Manish Verma",298994.07,3
BR0810,"Mumbai Branch 810",CUST070529,"Pawan Mehta",548087.43,1
BR0810,"Mumbai Branch 810",CUST084200,"Ankit Singh",300774.98,2
BR0810,"Mumbai Branch 810",CUST004342,"Priya Bansal",299904.67,3
BR0811,"Jodhpur Branch 811",CUST009128,"Pawan Rathore",383405.04,1
BR0811,"Jodhpur Branch 811",CUST091444,"Neha Saini",349409.92,2
BR0811,"Jodhpur Branch 811",CUST084511,"Vikas Kumar",299783.21,3
BR0812,"Mumbai Branch 812",CUST064025,"Manish Joshi",324769.48,1
BR0812,"Mumbai Branch 812",CUST086972,"Pooja Bansal",299930.73,2
BR0812,"Mumbai Branch 812",CUST016489,"Pawan Verma",299372.81,3
BR0813,"Mumbai Branch 813",CUST055249,"Vikas Bansal",585542.14,1
BR0813,"Mumbai Branch 813",CUST050427,"Neha Tiwari",484297.34,2
BR0813,"Mumbai Branch 813",CUST017729,"Pawan Kumar",470206.05,3
BR0814,"Alwar Branch 814",CUST064349,"Karan Rathore",494258.78,1
BR0814,"Alwar Branch 814",CUST045369,"Priya Mishra",477336.36,2
BR0814,"Alwar Branch 814",CUST037122,"Amit Kumar",418482.17,3
BR0815,"Kolkata Branch 815",CUST035372,"Arjun Malhotra",519701.58,1
BR0815,"Kolkata Branch 815",CUST064826,"Nikhil Joshi",416564.23,2
BR0815,"Kolkata Branch 815",CUST011568,"Pawan Saini",403727.20,3
BR0816,"Mumbai Branch 816",CUST022095,"Nikhil Mehta",1070751.40,1
BR0816,"Mumbai Branch 816",CUST010939,"Sneha Choudhary",776012.86,2
BR0816,"Mumbai Branch 816",CUST018202,"Nikhil Bansal",681671.74,3
BR0817,"Indore Branch 817",CUST066878,"Rahul Choudhary",450900.10,1
BR0817,"Indore Branch 817",CUST032106,"Vikas Sharma",423052.20,2
BR0817,"Indore Branch 817",CUST077069,"Priya Bansal",406527.67,3
BR0818,"Indore Branch 818",CUST095511,"Vivek Malhotra",551538.68,1
BR0818,"Indore Branch 818",CUST052929,"Deepak Gupta",363469.07,2
BR0818,"Indore Branch 818",CUST037379,"Vivek Mehta",299984.89,3
BR0819,"Pune Branch 819",CUST046084,"Neha Rathore",518354.60,1
BR0819,"Pune Branch 819",CUST081711,"Meena Kumar",424813.92,2
BR0819,"Pune Branch 819",CUST043423,"Amit Agarwal",403945.19,3
BR0820,"Alwar Branch 820",CUST044082,"Pawan Agarwal",455966.75,1
BR0820,"Alwar Branch 820",CUST063013,"Vikas Saini",299808.70,2
BR0820,"Alwar Branch 820",CUST048520,"Pooja Singh",299505.98,3
BR0821,"Indore Branch 821",CUST010871,"Nikhil Bansal",581343.64,1
BR0821,"Indore Branch 821",CUST036509,"Shreya Joshi",399576.10,2
BR0821,"Indore Branch 821",CUST023950,"Suresh Saini",299158.00,3
BR0822,"Ahmedabad Branch 822",CUST039659,"Kavita Kumar",413905.48,1
BR0822,"Ahmedabad Branch 822",CUST085498,"Manish Choudhary",341427.25,2
BR0822,"Ahmedabad Branch 822",CUST068434,"Arjun Yadav",331301.97,3
BR0823,"Chennai Branch 823",CUST059422,"Simran Jain",594293.54,1
BR0823,"Chennai Branch 823",CUST062426,"Rohit Verma",531962.50,2
BR0823,"Chennai Branch 823",CUST002406,"Amit Malhotra",486676.27,3
BR0824,"Pune Branch 824",CUST020695,"Komal Mehta",490128.66,1
BR0824,"Pune Branch 824",CUST050400,"Ankit Rathore",320666.52,2
BR0824,"Pune Branch 824",CUST068090,"Amit Jain",299393.17,3
BR0825,"Chandigarh Branch 825",CUST029641,"Vikas Joshi",539398.76,1
BR0825,"Chandigarh Branch 825",CUST091141,"Pawan Tiwari",308077.56,2
BR0825,"Chandigarh Branch 825",CUST099225,"Arjun Kumar",299795.37,3
BR0826,"Chandigarh Branch 826",CUST060488,"Arjun Choudhary",527129.60,1
BR0826,"Chandigarh Branch 826",CUST087407,"Arjun Agarwal",486996.47,2
BR0826,"Chandigarh Branch 826",CUST054639,"Simran Singh",384956.50,3
BR0827,"Alwar Branch 827",CUST083819,"Arjun Joshi",299798.03,1
BR0827,"Alwar Branch 827",CUST076842,"Deepak Gupta",299681.80,2
BR0827,"Alwar Branch 827",CUST033951,"Arjun Jain",299457.00,3
BR0828,"Jodhpur Branch 828",CUST077043,"Neha Bansal",450635.70,1
BR0828,"Jodhpur Branch 828",CUST005492,"Anjali Patel",409689.00,2
BR0828,"Jodhpur Branch 828",CUST042179,"Manish Rathore",399761.72,3
BR0829,"Mumbai Branch 829",CUST050248,"Arjun Verma",598204.42,1
BR0829,"Mumbai Branch 829",CUST028319,"Ankit Choudhary",488208.04,2
BR0829,"Mumbai Branch 829",CUST082379,"Amit Yadav",464004.48,3
BR0830,"Pune Branch 830",CUST084948,"Karan Singh",589806.82,1
BR0830,"Pune Branch 830",CUST012139,"Rohit Rathore",523864.74,2
BR0830,"Pune Branch 830",CUST034681,"Sneha Saini",487558.04,3
BR0831,"Chandigarh Branch 831",CUST097014,"Karan Agarwal",440252.71,1
BR0831,"Chandigarh Branch 831",CUST039251,"Ankit Jain",312257.31,2
BR0831,"Chandigarh Branch 831",CUST047234,"Meena Patel",309236.28,3
BR0832,"Bhopal Branch 832",CUST073433,"Sneha Gupta",299228.17,1
BR0832,"Bhopal Branch 832",CUST001491,"Ankit Agarwal",298525.83,2
BR0832,"Bhopal Branch 832",CUST067077,"Sneha Rathore",298139.00,3
BR0833,"Alwar Branch 833",CUST095418,"Pooja Sharma",410578.68,1
BR0833,"Alwar Branch 833",CUST096673,"Vikas Patel",345610.90,2
BR0833,"Alwar Branch 833",CUST062166,"Riya Kumar",299187.60,3
BR0834,"Indore Branch 834",CUST011029,"Vikas Bansal",410309.37,1
BR0834,"Indore Branch 834",CUST078896,"Ankit Kumar",327880.74,2
BR0834,"Indore Branch 834",CUST032260,"Rohit Patel",299187.90,3
BR0835,"Chennai Branch 835",CUST066404,"Rohit Malhotra",480210.86,1
BR0835,"Chennai Branch 835",CUST028775,"Manish Mishra",355393.61,2
BR0835,"Chennai Branch 835",CUST037660,"Karan Rathore",299834.58,3
BR0836,"Hyderabad Branch 836",CUST060822,"Pooja Bansal",485806.04,1
BR0836,"Hyderabad Branch 836",CUST098593,"Pawan Sharma",319660.49,2
BR0836,"Hyderabad Branch 836",CUST088179,"Pawan Yadav",299952.09,3
BR0837,"Bhopal Branch 837",CUST084775,"Neha Agarwal",424953.36,1
BR0837,"Bhopal Branch 837",CUST091719,"Shreya Agarwal",389248.72,2
BR0837,"Bhopal Branch 837",CUST006061,"Pooja Kumar",321396.80,3
BR0838,"Pune Branch 838",CUST079905,"Nikhil Mehta",299905.87,1
BR0838,"Pune Branch 838",CUST052926,"Rahul Saini",299861.26,2
BR0838,"Pune Branch 838",CUST008499,"Deepak Mishra",299629.73,3
BR0839,"Mumbai Branch 839",CUST005755,"Rohit Saini",384490.89,1
BR0839,"Mumbai Branch 839",CUST038916,"Meena Jain",366550.73,2
BR0839,"Mumbai Branch 839",CUST073913,"Suresh Mehta",320929.88,3
BR0840,"Jaipur Branch 840",CUST097100,"Karan Rathore",564197.16,1
BR0840,"Jaipur Branch 840",CUST099480,"Arjun Gupta",523499.37,2
BR0840,"Jaipur Branch 840",CUST076731,"Ankit Bansal",455114.16,3
BR0841,"Kota Branch 841",CUST082705,"Karan Mehta",368347.86,1
BR0841,"Kota Branch 841",CUST095327,"Priya Jain",364481.85,2
BR0841,"Kota Branch 841",CUST049747,"Pooja Bansal",299715.27,3
BR0842,"Indore Branch 842",CUST012125,"Suresh Saini",456135.43,1
BR0842,"Indore Branch 842",CUST005485,"Meena Sharma",382133.06,2
BR0842,"Indore Branch 842",CUST059315,"Priya Tiwari",299995.46,3
BR0843,"Delhi Branch 843",CUST058879,"Riya Singh",396125.65,1
BR0843,"Delhi Branch 843",CUST093995,"Ankit Mishra",356195.17,2
BR0843,"Delhi Branch 843",CUST069983,"Karan Rathore",299943.52,3
BR0844,"Udaipur Branch 844",CUST027324,"Rahul Mishra",481272.78,1
BR0844,"Udaipur Branch 844",CUST086990,"Meena Bansal",480514.38,2
BR0844,"Udaipur Branch 844",CUST022269,"Rohit Tiwari",477944.76,3
BR0845,"Hyderabad Branch 845",CUST082908,"Meena Mehta",551864.05,1
BR0845,"Hyderabad Branch 845",CUST033373,"Vikas Kumar",514430.64,2
BR0845,"Hyderabad Branch 845",CUST006301,"Ankit Mishra",389560.37,3
BR0846,"Kota Branch 846",CUST063495,"Pawan Kumar",517659.37,1
BR0846,"Kota Branch 846",CUST018911,"Suresh Singh",379650.66,2
BR0846,"Kota Branch 846",CUST084922,"Neha Jain",311538.17,3
BR0847,"Lucknow Branch 847",CUST061935,"Vivek Sharma",481078.27,1
BR0847,"Lucknow Branch 847",CUST084951,"Priya Verma",327887.25,2
BR0847,"Lucknow Branch 847",CUST095494,"Shreya Rathore",299969.48,3
BR0848,"Ahmedabad Branch 848",CUST014337,"Sneha Jain",384440.61,1
BR0848,"Ahmedabad Branch 848",CUST036055,"Riya Yadav",299589.33,2
BR0848,"Ahmedabad Branch 848",CUST010089,"Manish Gupta",299556.17,3
BR0849,"Jaipur Branch 849",CUST065258,"Pawan Saini",397944.86,1
BR0849,"Jaipur Branch 849",CUST069766,"Rohit Tiwari",391863.05,2
BR0849,"Jaipur Branch 849",CUST038005,"Nikhil Singh",346073.13,3
BR0850,"Pune Branch 850",CUST045621,"Rohit Gupta",369281.96,1
BR0850,"Pune Branch 850",CUST001005,"Nikhil Kumar",299713.84,2
BR0850,"Pune Branch 850",CUST073664,"Ankit Choudhary",299517.14,3
BR0851,"Surat Branch 851",CUST098085,"Komal Tiwari",368069.11,1
BR0851,"Surat Branch 851",CUST063481,"Pawan Sharma",357151.35,2
BR0851,"Surat Branch 851",CUST045330,"Ankit Saini",338635.52,3
BR0852,"Jaipur Branch 852",CUST065623,"Meena Yadav",551727.15,1
BR0852,"Jaipur Branch 852",CUST066673,"Anjali Bansal",392281.52,2
BR0852,"Jaipur Branch 852",CUST069738,"Arjun Malhotra",356286.01,3
BR0853,"Jodhpur Branch 853",CUST036286,"Rahul Mishra",517126.53,1
BR0853,"Jodhpur Branch 853",CUST048340,"Pawan Mishra",451495.12,2
BR0853,"Jodhpur Branch 853",CUST072251,"Sneha Bansal",299696.22,3
BR0854,"Pune Branch 854",CUST008729,"Nikhil Bansal",486721.34,1
BR0854,"Pune Branch 854",CUST098251,"Kavita Patel",299877.48,2
BR0854,"Pune Branch 854",CUST009404,"Vivek Joshi",299852.36,3
BR0855,"Kolkata Branch 855",CUST087985,"Anjali Agarwal",534184.55,1
BR0855,"Kolkata Branch 855",CUST033703,"Nikhil Saini",383199.04,2
BR0855,"Kolkata Branch 855",CUST014425,"Komal Agarwal",356793.07,3
BR0856,"Ahmedabad Branch 856",CUST078661,"Riya Yadav",509338.62,1
BR0856,"Ahmedabad Branch 856",CUST032071,"Arjun Malhotra",395975.97,2
BR0856,"Ahmedabad Branch 856",CUST035617,"Vivek Kumar",353496.24,3
BR0857,"Alwar Branch 857",CUST041501,"Kavita Joshi",481712.94,1
BR0857,"Alwar Branch 857",CUST078988,"Amit Joshi",299677.33,2
BR0857,"Alwar Branch 857",CUST052024,"Arjun Singh",299631.76,3
BR0858,"Bengaluru Branch 858",CUST015799,"Deepak Saini",457282.79,1
BR0858,"Bengaluru Branch 858",CUST021040,"Vikas Saini",380218.01,2
BR0858,"Bengaluru Branch 858",CUST093390,"Shreya Choudhary",370506.44,3
BR0859,"Kolkata Branch 859",CUST074020,"Komal Bansal",473011.84,1
BR0859,"Kolkata Branch 859",CUST082278,"Rohit Choudhary",343518.37,2
BR0859,"Kolkata Branch 859",CUST017188,"Shreya Choudhary",307485.45,3
BR0860,"Udaipur Branch 860",CUST069484,"Nikhil Yadav",341020.35,1
BR0860,"Udaipur Branch 860",CUST032670,"Rahul Kumar",334459.48,2
BR0860,"Udaipur Branch 860",CUST031297,"Rahul Mehta",317718.85,3
BR0861,"Kolkata Branch 861",CUST012915,"Shreya Rathore",352664.89,1
BR0861,"Kolkata Branch 861",CUST057398,"Pooja Saini",299970.24,2
BR0861,"Kolkata Branch 861",CUST080026,"Sneha Agarwal",299911.04,3
BR0862,"Bhopal Branch 862",CUST018278,"Priya Patel",547551.91,1
BR0862,"Bhopal Branch 862",CUST037943,"Neha Bansal",464473.46,2
BR0862,"Bhopal Branch 862",CUST038013,"Sneha Saini",456103.64,3
BR0863,"Pune Branch 863",CUST069148,"Pawan Kumar",505957.97,1
BR0863,"Pune Branch 863",CUST070794,"Kavita Sharma",426563.63,2
BR0863,"Pune Branch 863",CUST076857,"Amit Saini",375081.41,3
BR0864,"Alwar Branch 864",CUST027324,"Rahul Mishra",460278.50,1
BR0864,"Alwar Branch 864",CUST082988,"Kavita Patel",378394.99,2
BR0864,"Alwar Branch 864",CUST086937,"Manish Tiwari",299432.63,3
BR0865,"Lucknow Branch 865",CUST004543,"Arjun Kumar",559292.92,1
BR0865,"Lucknow Branch 865",CUST024734,"Meena Patel",299904.49,2
BR0865,"Lucknow Branch 865",CUST021205,"Komal Kumar",299112.82,3
BR0866,"Chandigarh Branch 866",CUST070442,"Priya Rathore",546007.16,1
BR0866,"Chandigarh Branch 866",CUST074329,"Pawan Agarwal",544301.23,2
BR0866,"Chandigarh Branch 866",CUST028397,"Sneha Mishra",355554.74,3
BR0867,"Jaipur Branch 867",CUST012746,"Riya Jain",358506.65,1
BR0867,"Jaipur Branch 867",CUST061004,"Arjun Rathore",354860.70,2
BR0867,"Jaipur Branch 867",CUST081731,"Simran Tiwari",340508.56,3
BR0868,"Hyderabad Branch 868",CUST031732,"Ankit Rathore",383364.45,1
BR0868,"Hyderabad Branch 868",CUST088116,"Simran Yadav",299898.81,2
BR0868,"Hyderabad Branch 868",CUST091753,"Ankit Bansal",299687.05,3
BR0869,"Lucknow Branch 869",CUST091360,"Kavita Agarwal",336181.71,1
BR0869,"Lucknow Branch 869",CUST064837,"Amit Saini",318662.96,2
BR0869,"Lucknow Branch 869",CUST051199,"Vivek Saini",298975.22,3
BR0870,"Udaipur Branch 870",CUST040348,"Deepak Mehta",450932.22,1
BR0870,"Udaipur Branch 870",CUST085063,"Kavita Bansal",299705.27,2
BR0870,"Udaipur Branch 870",CUST038115,"Manish Malhotra",299442.61,3
BR0871,"Kolkata Branch 871",CUST016803,"Komal Jain",450810.50,1
BR0871,"Kolkata Branch 871",CUST064916,"Nikhil Rathore",300790.34,2
BR0871,"Kolkata Branch 871",CUST037129,"Arjun Mishra",299591.30,3
BR0872,"Pune Branch 872",CUST004256,"Manish Malhotra",567269.08,1
BR0872,"Pune Branch 872",CUST071726,"Pawan Tiwari",508863.02,2
BR0872,"Pune Branch 872",CUST042001,"Meena Sharma",449119.23,3
BR0873,"Delhi Branch 873",CUST072041,"Priya Rathore",392935.05,1
BR0873,"Delhi Branch 873",CUST098657,"Ankit Choudhary",391940.94,2
BR0873,"Delhi Branch 873",CUST060640,"Manish Bansal",325223.15,3
BR0874,"Jaipur Branch 874",CUST065570,"Komal Tiwari",491630.66,1
BR0874,"Jaipur Branch 874",CUST041119,"Rohit Patel",418653.99,2
BR0874,"Jaipur Branch 874",CUST094656,"Riya Mishra",387635.74,3
BR0875,"Bengaluru Branch 875",CUST048589,"Kavita Mehta",532165.46,1
BR0875,"Bengaluru Branch 875",CUST042525,"Priya Singh",515718.36,2
BR0875,"Bengaluru Branch 875",CUST081951,"Ankit Malhotra",479753.78,3
BR0876,"Lucknow Branch 876",CUST068662,"Deepak Sharma",494917.68,1
BR0876,"Lucknow Branch 876",CUST061829,"Suresh Jain",441439.40,2
BR0876,"Lucknow Branch 876",CUST076355,"Rohit Patel",384603.23,3
BR0877,"Chandigarh Branch 877",CUST088017,"Arjun Agarwal",453880.73,1
BR0877,"Chandigarh Branch 877",CUST025568,"Meena Sharma",410221.29,2
BR0877,"Chandigarh Branch 877",CUST051292,"Sneha Jain",369100.52,3
BR0878,"Kolkata Branch 878",CUST015975,"Meena Rathore",468339.72,1
BR0878,"Kolkata Branch 878",CUST054374,"Anjali Tiwari",299800.96,2
BR0878,"Kolkata Branch 878",CUST056457,"Meena Kumar",299608.33,3
BR0879,"Lucknow Branch 879",CUST080590,"Vivek Choudhary",413050.28,1
BR0879,"Lucknow Branch 879",CUST024384,"Vikas Joshi",404726.03,2
BR0879,"Lucknow Branch 879",CUST064330,"Rahul Singh",347471.61,3
BR0880,"Hyderabad Branch 880",CUST044720,"Suresh Agarwal",372745.48,1
BR0880,"Hyderabad Branch 880",CUST027302,"Pawan Rathore",343351.22,2
BR0880,"Hyderabad Branch 880",CUST083740,"Meena Verma",319177.44,3
BR0881,"Udaipur Branch 881",CUST075816,"Nikhil Patel",299777.81,1
BR0881,"Udaipur Branch 881",CUST037617,"Deepak Mishra",299563.45,2
BR0881,"Udaipur Branch 881",CUST088010,"Sneha Agarwal",299375.29,3
BR0882,"Lucknow Branch 882",CUST091596,"Vikas Kumar",445435.23,1
BR0882,"Lucknow Branch 882",CUST018649,"Meena Verma",333729.00,2
BR0882,"Lucknow Branch 882",CUST022773,"Amit Patel",299766.57,3
BR0883,"Lucknow Branch 883",CUST023545,"Pawan Jain",508224.02,1
BR0883,"Lucknow Branch 883",CUST011043,"Pooja Choudhary",395946.13,2
BR0883,"Lucknow Branch 883",CUST022911,"Suresh Kumar",299999.68,3
BR0884,"Chennai Branch 884",CUST093357,"Sneha Rathore",497013.13,1
BR0884,"Chennai Branch 884",CUST005101,"Pawan Yadav",432198.30,2
BR0884,"Chennai Branch 884",CUST014269,"Riya Verma",366659.80,3
BR0885,"Chennai Branch 885",CUST060298,"Deepak Mishra",528514.39,1
BR0885,"Chennai Branch 885",CUST045765,"Pooja Sharma",455908.75,2
BR0885,"Chennai Branch 885",CUST079226,"Vivek Mehta",434473.72,3
BR0886,"Pune Branch 886",CUST087787,"Vikas Bansal",512767.11,1
BR0886,"Pune Branch 886",CUST099499,"Rohit Gupta",299194.38,2
BR0886,"Pune Branch 886",CUST062017,"Simran Saini",299073.13,3
BR0887,"Mumbai Branch 887",CUST084637,"Simran Saini",589761.42,1
BR0887,"Mumbai Branch 887",CUST008541,"Anjali Sharma",447663.36,2
BR0887,"Mumbai Branch 887",CUST053783,"Amit Jain",299967.31,3
BR0888,"Udaipur Branch 888",CUST005433,"Priya Malhotra",488211.69,1
BR0888,"Udaipur Branch 888",CUST023779,"Anjali Gupta",299286.09,2
BR0888,"Udaipur Branch 888",CUST037510,"Amit Mehta",298578.54,3
BR0889,"Hyderabad Branch 889",CUST071145,"Karan Agarwal",489292.83,1
BR0889,"Hyderabad Branch 889",CUST092414,"Priya Mishra",321649.47,2
BR0889,"Hyderabad Branch 889",CUST018886,"Kavita Sharma",299581.55,3
BR0890,"Indore Branch 890",CUST041283,"Vivek Kumar",457241.10,1
BR0890,"Indore Branch 890",CUST018637,"Vikas Kumar",341847.68,2
BR0890,"Indore Branch 890",CUST040158,"Pooja Rathore",299818.05,3
BR0891,"Lucknow Branch 891",CUST062614,"Komal Jain",312912.38,1
BR0891,"Lucknow Branch 891",CUST057724,"Rahul Mishra",299655.36,2
BR0891,"Lucknow Branch 891",CUST031511,"Meena Joshi",298386.41,3
BR0892,"Bengaluru Branch 892",CUST010203,"Pooja Singh",446612.73,1
BR0892,"Bengaluru Branch 892",CUST055421,"Amit Yadav",333838.16,2
BR0892,"Bengaluru Branch 892",CUST014641,"Suresh Singh",299468.84,3
BR0893,"Delhi Branch 893",CUST008286,"Vikas Joshi",365960.37,1
BR0893,"Delhi Branch 893",CUST075250,"Arjun Singh",340490.72,2
BR0893,"Delhi Branch 893",CUST050179,"Manish Mishra",299771.07,3
BR0894,"Udaipur Branch 894",CUST023544,"Arjun Agarwal",398784.20,1
BR0894,"Udaipur Branch 894",CUST081628,"Suresh Joshi",354376.12,2
BR0894,"Udaipur Branch 894",CUST062109,"Meena Singh",336080.49,3
BR0895,"Hyderabad Branch 895",CUST076110,"Vikas Agarwal",453559.32,1
BR0895,"Hyderabad Branch 895",CUST041092,"Karan Bansal",299613.76,2
BR0895,"Hyderabad Branch 895",CUST041364,"Sneha Tiwari",299383.27,3
BR0896,"Kolkata Branch 896",CUST009197,"Anjali Gupta",549224.65,1
BR0896,"Kolkata Branch 896",CUST081092,"Vikas Choudhary",371718.82,2
BR0896,"Kolkata Branch 896",CUST015966,"Simran Malhotra",364501.78,3
BR0897,"Alwar Branch 897",CUST019615,"Manish Mishra",442846.79,1
BR0897,"Alwar Branch 897",CUST095917,"Simran Malhotra",436506.43,2
BR0897,"Alwar Branch 897",CUST072438,"Shreya Joshi",356895.76,3
BR0898,"Chandigarh Branch 898",CUST087716,"Vivek Malhotra",507306.50,1
BR0898,"Chandigarh Branch 898",CUST022785,"Amit Bansal",433561.20,2
BR0898,"Chandigarh Branch 898",CUST002943,"Anjali Bansal",373291.69,3
BR0899,"Indore Branch 899",CUST068306,"Nikhil Patel",427367.86,1
BR0899,"Indore Branch 899",CUST058115,"Riya Tiwari",355000.28,2
BR0899,"Indore Branch 899",CUST034250,"Pawan Rathore",343171.40,3
BR0900,"Chandigarh Branch 900",CUST043185,"Anjali Gupta",565975.88,1
BR0900,"Chandigarh Branch 900",CUST091884,"Pawan Jain",428598.39,2
BR0900,"Chandigarh Branch 900",CUST049434,"Neha Rathore",375339.00,3
BR0901,"Kota Branch 901",CUST011190,"Shreya Gupta",365577.13,1
BR0901,"Kota Branch 901",CUST061553,"Pawan Sharma",363137.10,2
BR0901,"Kota Branch 901",CUST071480,"Simran Bansal",312605.85,3
BR0902,"Chandigarh Branch 902",CUST020619,"Anjali Choudhary",299899.38,1
BR0902,"Chandigarh Branch 902",CUST003930,"Shreya Singh",299841.63,2
BR0902,"Chandigarh Branch 902",CUST035191,"Rahul Tiwari",299413.86,3
BR0903,"Pune Branch 903",CUST063545,"Vivek Malhotra",299893.02,1
BR0903,"Pune Branch 903",CUST041695,"Vivek Agarwal",299834.66,2
BR0903,"Pune Branch 903",CUST036868,"Deepak Tiwari",299182.89,3
BR0904,"Hyderabad Branch 904",CUST069246,"Anjali Choudhary",452647.54,1
BR0904,"Hyderabad Branch 904",CUST060594,"Vivek Yadav",378431.32,2
BR0904,"Hyderabad Branch 904",CUST076310,"Karan Tiwari",299960.76,3
BR0905,"Ahmedabad Branch 905",CUST009508,"Amit Rathore",359392.64,1
BR0905,"Ahmedabad Branch 905",CUST059556,"Deepak Kumar",299833.03,2
BR0905,"Ahmedabad Branch 905",CUST086343,"Anjali Joshi",299757.87,3
BR0906,"Jodhpur Branch 906",CUST069178,"Karan Bansal",444151.21,1
BR0906,"Jodhpur Branch 906",CUST009011,"Nikhil Tiwari",338435.82,2
BR0906,"Jodhpur Branch 906",CUST076161,"Sneha Singh",317500.54,3
BR0907,"Alwar Branch 907",CUST016077,"Manish Tiwari",488708.98,1
BR0907,"Alwar Branch 907",CUST082819,"Rohit Singh",342410.83,2
BR0907,"Alwar Branch 907",CUST010785,"Anjali Yadav",305746.67,3
BR0908,"Jaipur Branch 908",CUST024668,"Simran Agarwal",434653.89,1
BR0908,"Jaipur Branch 908",CUST044793,"Karan Gupta",357510.26,2
BR0908,"Jaipur Branch 908",CUST035207,"Pawan Joshi",299490.52,3
BR0909,"Chennai Branch 909",CUST011181,"Rohit Verma",591956.60,1
BR0909,"Chennai Branch 909",CUST059680,"Deepak Jain",356698.11,2
BR0909,"Chennai Branch 909",CUST090840,"Riya Mishra",321404.45,3
BR0910,"Hyderabad Branch 910",CUST096031,"Rohit Malhotra",416445.19,1
BR0910,"Hyderabad Branch 910",CUST014395,"Anjali Mishra",356265.23,2
BR0910,"Hyderabad Branch 910",CUST058995,"Arjun Malhotra",299900.75,3
BR0911,"Delhi Branch 911",CUST040609,"Vikas Malhotra",299973.03,1
BR0911,"Delhi Branch 911",CUST074354,"Sneha Jain",298726.03,2
BR0911,"Delhi Branch 911",CUST045264,"Pawan Singh",298345.12,3
BR0912,"Jaipur Branch 912",CUST011472,"Suresh Agarwal",511123.77,1
BR0912,"Jaipur Branch 912",CUST009029,"Nikhil Bansal",448420.21,2
BR0912,"Jaipur Branch 912",CUST055592,"Shreya Verma",299794.53,3
BR0913,"Lucknow Branch 913",CUST051955,"Ankit Joshi",549697.42,1
BR0913,"Lucknow Branch 913",CUST029874,"Meena Rathore",422110.52,2
BR0913,"Lucknow Branch 913",CUST040555,"Manish Malhotra",408933.45,3
BR0914,"Indore Branch 914",CUST090858,"Ankit Bansal",448826.50,1
BR0914,"Indore Branch 914",CUST078498,"Manish Kumar",433438.57,2
BR0914,"Indore Branch 914",CUST034254,"Vivek Yadav",313361.01,3
BR0915,"Bhopal Branch 915",CUST051927,"Simran Rathore",347600.38,1
BR0915,"Bhopal Branch 915",CUST083771,"Shreya Joshi",320241.15,2
BR0915,"Bhopal Branch 915",CUST013898,"Vikas Verma",318021.01,3
BR0916,"Bengaluru Branch 916",CUST048115,"Manish Bansal",555105.36,1
BR0916,"Bengaluru Branch 916",CUST021768,"Meena Verma",377999.05,2
BR0916,"Bengaluru Branch 916",CUST020381,"Neha Sharma",358131.86,3
BR0917,"Delhi Branch 917",CUST039417,"Amit Saini",309244.98,1
BR0917,"Delhi Branch 917",CUST028767,"Shreya Mehta",307891.64,2
BR0917,"Delhi Branch 917",CUST077499,"Priya Malhotra",299962.53,3
BR0918,"Lucknow Branch 918",CUST095079,"Vivek Verma",450404.32,1
BR0918,"Lucknow Branch 918",CUST015646,"Priya Bansal",378368.97,2
BR0918,"Lucknow Branch 918",CUST068517,"Nikhil Kumar",356563.97,3
BR0919,"Mumbai Branch 919",CUST046752,"Suresh Saini",465861.52,1
BR0919,"Mumbai Branch 919",CUST012257,"Simran Sharma",413941.19,2
BR0919,"Mumbai Branch 919",CUST003326,"Shreya Yadav",312785.21,3
BR0920,"Hyderabad Branch 920",CUST065233,"Amit Patel",370875.54,1
BR0920,"Hyderabad Branch 920",CUST013197,"Pooja Mishra",299921.72,2
BR0920,"Hyderabad Branch 920",CUST008104,"Rahul Yadav",299595.87,3
BR0921,"Surat Branch 921",CUST054990,"Ankit Tiwari",434537.08,1
BR0921,"Surat Branch 921",CUST025523,"Komal Bansal",399327.20,2
BR0921,"Surat Branch 921",CUST070458,"Rahul Mishra",299635.22,3
BR0922,"Bengaluru Branch 922",CUST051801,"Karan Jain",510147.40,1
BR0922,"Bengaluru Branch 922",CUST034262,"Vikas Gupta",477612.90,2
BR0922,"Bengaluru Branch 922",CUST042492,"Shreya Bansal",299802.91,3
BR0923,"Ahmedabad Branch 923",CUST032897,"Pawan Saini",495060.56,1
BR0923,"Ahmedabad Branch 923",CUST046887,"Rohit Yadav",299979.43,2
BR0923,"Ahmedabad Branch 923",CUST023668,"Deepak Verma",299532.60,3
BR0924,"Udaipur Branch 924",CUST073593,"Vikas Agarwal",300321.01,1
BR0924,"Udaipur Branch 924",CUST056464,"Pawan Patel",299970.37,2
BR0924,"Udaipur Branch 924",CUST053791,"Shreya Mishra",299851.07,3
BR0925,"Hyderabad Branch 925",CUST039709,"Neha Gupta",374243.68,1
BR0925,"Hyderabad Branch 925",CUST027839,"Deepak Joshi",343158.97,2
BR0925,"Hyderabad Branch 925",CUST013186,"Amit Yadav",299960.60,3
BR0926,"Ahmedabad Branch 926",CUST004668,"Vikas Gupta",554128.40,1
BR0926,"Ahmedabad Branch 926",CUST014167,"Rahul Jain",498031.00,2
BR0926,"Ahmedabad Branch 926",CUST012693,"Vikas Agarwal",416456.96,3
BR0927,"Jaipur Branch 927",CUST044362,"Deepak Malhotra",465267.06,1
BR0927,"Jaipur Branch 927",CUST048556,"Kavita Mehta",458146.68,2
BR0927,"Jaipur Branch 927",CUST040821,"Sneha Bansal",305756.46,3
BR0928,"Kolkata Branch 928",CUST022545,"Pooja Joshi",494223.83,1
BR0928,"Kolkata Branch 928",CUST051362,"Vivek Agarwal",321011.30,2
BR0928,"Kolkata Branch 928",CUST000216,"Rahul Verma",299133.20,3
BR0929,"Udaipur Branch 929",CUST064566,"Rahul Gupta",323357.42,1
BR0929,"Udaipur Branch 929",CUST062674,"Riya Sharma",299579.54,2
BR0929,"Udaipur Branch 929",CUST025201,"Nikhil Tiwari",298976.45,3
BR0930,"Delhi Branch 930",CUST088437,"Ankit Bansal",466608.82,1
BR0930,"Delhi Branch 930",CUST029987,"Deepak Agarwal",392334.40,2
BR0930,"Delhi Branch 930",CUST043078,"Komal Kumar",307423.86,3
BR0931,"Chandigarh Branch 931",CUST088811,"Vikas Rathore",519997.54,1
BR0931,"Chandigarh Branch 931",CUST051355,"Simran Choudhary",417591.63,2
BR0931,"Chandigarh Branch 931",CUST007695,"Sneha Gupta",384897.93,3
BR0932,"Kota Branch 932",CUST043229,"Rohit Yadav",511555.93,1
BR0932,"Kota Branch 932",CUST001946,"Komal Tiwari",480815.03,2
BR0932,"Kota Branch 932",CUST011925,"Karan Mishra",373101.37,3
BR0933,"Surat Branch 933",CUST014884,"Simran Choudhary",535800.39,1
BR0933,"Surat Branch 933",CUST096930,"Arjun Bansal",329347.40,2
BR0933,"Surat Branch 933",CUST098842,"Suresh Kumar",320282.70,3
BR0934,"Hyderabad Branch 934",CUST043886,"Anjali Verma",467099.88,1
BR0934,"Hyderabad Branch 934",CUST091335,"Neha Saini",417297.74,2
BR0934,"Hyderabad Branch 934",CUST059497,"Deepak Malhotra",395987.25,3
BR0935,"Chandigarh Branch 935",CUST030316,"Manish Singh",1056175.18,1
BR0935,"Chandigarh Branch 935",CUST091767,"Vikas Mehta",824423.36,2
BR0935,"Chandigarh Branch 935",CUST069131,"Priya Rathore",802080.24,3
BR0936,"Jodhpur Branch 936",CUST022638,"Meena Mishra",502080.98,1
BR0936,"Jodhpur Branch 936",CUST035756,"Manish Mishra",449964.15,2
BR0936,"Jodhpur Branch 936",CUST037880,"Karan Sharma",395366.20,3
BR0937,"Jodhpur Branch 937",CUST000573,"Nikhil Choudhary",574053.40,1
BR0937,"Jodhpur Branch 937",CUST045848,"Suresh Yadav",392301.10,2
BR0937,"Jodhpur Branch 937",CUST019637,"Komal Jain",363169.37,3
BR0938,"Ahmedabad Branch 938",CUST088635,"Anjali Singh",437627.55,1
BR0938,"Ahmedabad Branch 938",CUST002327,"Karan Jain",380783.78,2
BR0938,"Ahmedabad Branch 938",CUST083943,"Suresh Yadav",371833.40,3
BR0939,"Delhi Branch 939",CUST037311,"Anjali Kumar",342944.85,1
BR0939,"Delhi Branch 939",CUST050528,"Arjun Jain",299622.07,2
BR0939,"Delhi Branch 939",CUST020652,"Pawan Kumar",299550.82,3
BR0940,"Bhopal Branch 940",CUST003286,"Nikhil Bansal",477880.01,1
BR0940,"Bhopal Branch 940",CUST072365,"Vivek Kumar",299921.79,2
BR0940,"Bhopal Branch 940",CUST089720,"Ankit Malhotra",299862.26,3
BR0941,"Ahmedabad Branch 941",CUST028588,"Simran Bansal",555922.58,1
BR0941,"Ahmedabad Branch 941",CUST070095,"Pooja Agarwal",408362.91,2
BR0941,"Ahmedabad Branch 941",CUST032818,"Vikas Gupta",348857.95,3
BR0942,"Mumbai Branch 942",CUST062932,"Meena Patel",431262.77,1
BR0942,"Mumbai Branch 942",CUST038549,"Manish Patel",304274.25,2
BR0942,"Mumbai Branch 942",CUST037369,"Vivek Patel",299523.26,3
BR0943,"Ahmedabad Branch 943",CUST007747,"Pooja Joshi",497031.58,1
BR0943,"Ahmedabad Branch 943",CUST027764,"Shreya Jain",318556.73,2
BR0943,"Ahmedabad Branch 943",CUST046162,"Rahul Patel",317265.89,3
BR0944,"Surat Branch 944",CUST025903,"Suresh Singh",373708.59,1
BR0944,"Surat Branch 944",CUST034723,"Karan Mishra",299981.04,2
BR0944,"Surat Branch 944",CUST049115,"Meena Kumar",299948.69,3
BR0945,"Bhopal Branch 945",CUST089386,"Riya Kumar",549129.71,1
BR0945,"Bhopal Branch 945",CUST037546,"Deepak Gupta",392193.35,2
BR0945,"Bhopal Branch 945",CUST048594,"Riya Bansal",386651.35,3
BR0946,"Bengaluru Branch 946",CUST079661,"Sneha Sharma",451220.50,1
BR0946,"Bengaluru Branch 946",CUST046231,"Ankit Gupta",445021.10,2
BR0946,"Bengaluru Branch 946",CUST053779,"Arjun Agarwal",361770.98,3
BR0947,"Pune Branch 947",CUST016761,"Deepak Saini",574856.69,1
BR0947,"Pune Branch 947",CUST083846,"Suresh Jain",418649.44,2
BR0947,"Pune Branch 947",CUST084756,"Deepak Singh",393974.28,3
BR0948,"Kota Branch 948",CUST046579,"Amit Kumar",468984.56,1
BR0948,"Kota Branch 948",CUST067582,"Vikas Malhotra",419211.18,2
BR0948,"Kota Branch 948",CUST083336,"Nikhil Jain",299967.69,3
BR0949,"Lucknow Branch 949",CUST038176,"Pawan Kumar",506415.13,1
BR0949,"Lucknow Branch 949",CUST051232,"Rohit Gupta",299655.75,2
BR0949,"Lucknow Branch 949",CUST077465,"Manish Yadav",299322.95,3
BR0950,"Ahmedabad Branch 950",CUST013494,"Priya Verma",527672.09,1
BR0950,"Ahmedabad Branch 950",CUST027416,"Arjun Rathore",410677.22,2
BR0950,"Ahmedabad Branch 950",CUST041478,"Pawan Gupta",373408.53,3
BR0951,"Alwar Branch 951",CUST024072,"Riya Sharma",299456.74,1
BR0951,"Alwar Branch 951",CUST053953,"Pawan Kumar",299270.40,2
BR0951,"Alwar Branch 951",CUST017036,"Meena Sharma",299036.93,3
BR0952,"Chandigarh Branch 952",CUST078469,"Amit Verma",457676.18,1
BR0952,"Chandigarh Branch 952",CUST010844,"Kavita Verma",299862.94,2
BR0952,"Chandigarh Branch 952",CUST099185,"Kavita Malhotra",299806.43,3
BR0953,"Kolkata Branch 953",CUST073635,"Rahul Tiwari",558538.17,1
BR0953,"Kolkata Branch 953",CUST057915,"Meena Jain",500236.38,2
BR0953,"Kolkata Branch 953",CUST041472,"Shreya Malhotra",496925.46,3
BR0954,"Kolkata Branch 954",CUST004552,"Riya Gupta",345347.68,1
BR0954,"Kolkata Branch 954",CUST078201,"Arjun Patel",329616.03,2
BR0954,"Kolkata Branch 954",CUST015973,"Vikas Jain",299921.42,3
BR0955,"Kolkata Branch 955",CUST078690,"Amit Tiwari",419680.11,1
BR0955,"Kolkata Branch 955",CUST080706,"Komal Agarwal",317076.39,2
BR0955,"Kolkata Branch 955",CUST061630,"Manish Joshi",299936.57,3
BR0956,"Mumbai Branch 956",CUST058538,"Suresh Malhotra",317723.16,1
BR0956,"Mumbai Branch 956",CUST050250,"Amit Saini",299445.28,2
BR0956,"Mumbai Branch 956",CUST082528,"Nikhil Rathore",299190.20,3
BR0957,"Pune Branch 957",CUST025419,"Simran Verma",441145.14,1
BR0957,"Pune Branch 957",CUST070537,"Suresh Patel",428425.50,2
BR0957,"Pune Branch 957",CUST073594,"Vikas Joshi",361213.05,3
BR0958,"Hyderabad Branch 958",CUST048604,"Vikas Verma",438595.79,1
BR0958,"Hyderabad Branch 958",CUST092382,"Riya Kumar",402084.13,2
BR0958,"Hyderabad Branch 958",CUST061056,"Rohit Yadav",361073.00,3
BR0959,"Hyderabad Branch 959",CUST031196,"Deepak Jain",394035.88,1
BR0959,"Hyderabad Branch 959",CUST068954,"Nikhil Singh",379701.69,2
BR0959,"Hyderabad Branch 959",CUST020461,"Ankit Rathore",299820.20,3
BR0960,"Lucknow Branch 960",CUST012857,"Ankit Joshi",299450.78,1
BR0960,"Lucknow Branch 960",CUST015464,"Kavita Bansal",299298.57,2
BR0960,"Lucknow Branch 960",CUST073698,"Rohit Mehta",297999.58,3
BR0961,"Lucknow Branch 961",CUST003952,"Riya Singh",504269.89,1
BR0961,"Lucknow Branch 961",CUST003523,"Shreya Patel",463250.46,2
BR0961,"Lucknow Branch 961",CUST015571,"Meena Tiwari",299806.34,3
BR0962,"Chennai Branch 962",CUST017093,"Simran Joshi",487517.51,1
BR0962,"Chennai Branch 962",CUST005621,"Riya Saini",387150.67,2
BR0962,"Chennai Branch 962",CUST000636,"Kavita Joshi",377284.60,3
BR0963,"Lucknow Branch 963",CUST088708,"Vikas Malhotra",446128.34,1
BR0963,"Lucknow Branch 963",CUST070226,"Deepak Choudhary",319484.76,2
BR0963,"Lucknow Branch 963",CUST072311,"Anjali Agarwal",299774.59,3
BR0964,"Chennai Branch 964",CUST039444,"Suresh Bansal",530292.91,1
BR0964,"Chennai Branch 964",CUST079844,"Ankit Rathore",473318.13,2
BR0964,"Chennai Branch 964",CUST004552,"Riya Gupta",405220.87,3
BR0965,"Bhopal Branch 965",CUST008226,"Pawan Sharma",513891.86,1
BR0965,"Bhopal Branch 965",CUST065596,"Rahul Mehta",421932.92,2
BR0965,"Bhopal Branch 965",CUST091689,"Shreya Mishra",299862.61,3
BR0966,"Delhi Branch 966",CUST003190,"Pooja Gupta",421532.98,1
BR0966,"Delhi Branch 966",CUST087131,"Arjun Rathore",327550.87,2
BR0966,"Delhi Branch 966",CUST093494,"Vivek Sharma",318431.75,3
BR0967,"Ahmedabad Branch 967",CUST084550,"Sneha Verma",540719.50,1
BR0967,"Ahmedabad Branch 967",CUST058236,"Komal Sharma",481185.64,2
BR0967,"Ahmedabad Branch 967",CUST059953,"Meena Agarwal",472985.17,3
BR0968,"Kolkata Branch 968",CUST019538,"Deepak Sharma",530207.21,1
BR0968,"Kolkata Branch 968",CUST018564,"Vivek Mehta",381460.68,2
BR0968,"Kolkata Branch 968",CUST072606,"Ankit Saini",299735.43,3
BR0969,"Hyderabad Branch 969",CUST045914,"Suresh Choudhary",502591.97,1
BR0969,"Hyderabad Branch 969",CUST052558,"Komal Joshi",416310.60,2
BR0969,"Hyderabad Branch 969",CUST077884,"Nikhil Mehta",398966.21,3
BR0970,"Indore Branch 970",CUST082800,"Ankit Joshi",409039.79,1
BR0970,"Indore Branch 970",CUST068924,"Anjali Joshi",384380.95,2
BR0970,"Indore Branch 970",CUST052474,"Pooja Jain",323040.08,3
BR0971,"Chennai Branch 971",CUST044238,"Vivek Choudhary",445323.65,1
BR0971,"Chennai Branch 971",CUST036502,"Vikas Bansal",411753.34,2
BR0971,"Chennai Branch 971",CUST036341,"Pooja Choudhary",393129.24,3
BR0972,"Jaipur Branch 972",CUST004168,"Meena Yadav",480245.35,1
BR0972,"Jaipur Branch 972",CUST026658,"Deepak Joshi",455611.48,2
BR0972,"Jaipur Branch 972",CUST066514,"Ankit Tiwari",311829.27,3
BR0973,"Mumbai Branch 973",CUST054793,"Priya Agarwal",353794.11,1
BR0973,"Mumbai Branch 973",CUST088082,"Kavita Patel",338827.09,2
BR0973,"Mumbai Branch 973",CUST093896,"Manish Singh",314450.87,3
BR0974,"Chennai Branch 974",CUST040489,"Neha Mehta",488120.56,1
BR0974,"Chennai Branch 974",CUST076457,"Nikhil Malhotra",340650.16,2
BR0974,"Chennai Branch 974",CUST029685,"Pawan Singh",299915.95,3
BR0975,"Delhi Branch 975",CUST031552,"Manish Kumar",460196.31,1
BR0975,"Delhi Branch 975",CUST096058,"Sneha Yadav",356987.87,2
BR0975,"Delhi Branch 975",CUST079106,"Pawan Jain",323447.93,3
BR0976,"Mumbai Branch 976",CUST098675,"Vikas Patel",452240.84,1
BR0976,"Mumbai Branch 976",CUST007517,"Vivek Yadav",446856.24,2
BR0976,"Mumbai Branch 976",CUST043067,"Amit Gupta",418963.42,3
BR0977,"Mumbai Branch 977",CUST078617,"Riya Verma",480562.48,1
BR0977,"Mumbai Branch 977",CUST020888,"Pooja Saini",421558.65,2
BR0977,"Mumbai Branch 977",CUST078418,"Pooja Malhotra",338675.13,3
BR0978,"Chandigarh Branch 978",CUST047517,"Vikas Yadav",554324.94,1
BR0978,"Chandigarh Branch 978",CUST014043,"Suresh Kumar",389688.48,2
BR0978,"Chandigarh Branch 978",CUST024355,"Suresh Yadav",299334.23,3
BR0979,"Delhi Branch 979",CUST045560,"Pawan Choudhary",491592.89,1
BR0979,"Delhi Branch 979",CUST011697,"Neha Saini",466749.78,2
BR0979,"Delhi Branch 979",CUST076744,"Sneha Gupta",366483.80,3
BR0980,"Bengaluru Branch 980",CUST087788,"Suresh Mehta",487718.64,1
BR0980,"Bengaluru Branch 980",CUST020911,"Amit Jain",359203.90,2
BR0980,"Bengaluru Branch 980",CUST097866,"Vivek Joshi",334076.74,3
BR0981,"Mumbai Branch 981",CUST036893,"Suresh Sharma",343329.81,1
BR0981,"Mumbai Branch 981",CUST090372,"Komal Joshi",299764.68,2
BR0981,"Mumbai Branch 981",CUST022086,"Shreya Mishra",299712.92,3
BR0982,"Udaipur Branch 982",CUST032898,"Amit Rathore",385844.84,1
BR0982,"Udaipur Branch 982",CUST083929,"Vivek Malhotra",348113.79,2
BR0982,"Udaipur Branch 982",CUST031795,"Karan Agarwal",328878.97,3
BR0983,"Kolkata Branch 983",CUST089288,"Manish Patel",333944.86,1
BR0983,"Kolkata Branch 983",CUST052659,"Neha Singh",300456.23,2
BR0983,"Kolkata Branch 983",CUST003263,"Ankit Agarwal",299749.35,3
BR0984,"Alwar Branch 984",CUST023233,"Komal Tiwari",461116.24,1
BR0984,"Alwar Branch 984",CUST051737,"Deepak Kumar",313330.63,2
BR0984,"Alwar Branch 984",CUST096702,"Pawan Saini",299917.78,3
BR0985,"Jodhpur Branch 985",CUST011990,"Meena Saini",548746.02,1
BR0985,"Jodhpur Branch 985",CUST080291,"Rohit Gupta",489860.26,2
BR0985,"Jodhpur Branch 985",CUST021354,"Manish Joshi",483727.18,3
BR0986,"Indore Branch 986",CUST014897,"Nikhil Mehta",477137.08,1
BR0986,"Indore Branch 986",CUST055064,"Amit Saini",425397.53,2
BR0986,"Indore Branch 986",CUST032780,"Deepak Singh",421579.04,3
BR0987,"Chennai Branch 987",CUST080088,"Rahul Patel",427028.99,1
BR0987,"Chennai Branch 987",CUST067446,"Rohit Choudhary",299911.02,2
BR0987,"Chennai Branch 987",CUST094611,"Komal Kumar",298853.33,3
BR0988,"Kolkata Branch 988",CUST032218,"Shreya Mishra",299669.03,1
BR0988,"Kolkata Branch 988",CUST051010,"Arjun Agarwal",299398.33,2
BR0988,"Kolkata Branch 988",CUST041298,"Sneha Choudhary",299313.63,3
BR0989,"Indore Branch 989",CUST057661,"Neha Choudhary",468746.99,1
BR0989,"Indore Branch 989",CUST024738,"Pawan Choudhary",299926.06,2
BR0989,"Indore Branch 989",CUST089312,"Ankit Malhotra",299668.64,3
BR0990,"Jodhpur Branch 990",CUST064434,"Kavita Kumar",446583.54,1
BR0990,"Jodhpur Branch 990",CUST035017,"Vivek Gupta",410928.36,2
BR0990,"Jodhpur Branch 990",CUST014055,"Rohit Tiwari",331073.77,3
BR0991,"Pune Branch 991",CUST001736,"Arjun Agarwal",504915.74,1
BR0991,"Pune Branch 991",CUST037380,"Komal Sharma",394148.98,2
BR0991,"Pune Branch 991",CUST072656,"Shreya Tiwari",384666.15,3
BR0992,"Hyderabad Branch 992",CUST055932,"Vivek Saini",506465.41,1
BR0992,"Hyderabad Branch 992",CUST017774,"Priya Verma",441202.08,2
BR0992,"Hyderabad Branch 992",CUST029733,"Deepak Saini",405249.37,3
BR0993,"Chandigarh Branch 993",CUST034762,"Karan Kumar",507109.09,1
BR0993,"Chandigarh Branch 993",CUST094442,"Neha Choudhary",418521.73,2
BR0993,"Chandigarh Branch 993",CUST036495,"Pooja Verma",416189.51,3
BR0994,"Jodhpur Branch 994",CUST013706,"Riya Rathore",382624.95,1
BR0994,"Jodhpur Branch 994",CUST015307,"Priya Singh",353692.75,2
BR0994,"Jodhpur Branch 994",CUST097658,"Arjun Agarwal",350697.66,3
BR0995,"Kolkata Branch 995",CUST087915,"Pooja Rathore",466062.94,1
BR0995,"Kolkata Branch 995",CUST042778,"Manish Mishra",457571.95,2
BR0995,"Kolkata Branch 995",CUST050259,"Ankit Patel",365449.34,3
BR0996,"Indore Branch 996",CUST049628,"Pawan Agarwal",299752.47,1
BR0996,"Indore Branch 996",CUST061907,"Komal Mehta",299405.78,2
BR0996,"Indore Branch 996",CUST054806,"Rohit Kumar",298880.28,3
BR0997,"Indore Branch 997",CUST016565,"Kavita Agarwal",339183.19,1
BR0997,"Indore Branch 997",CUST043313,"Deepak Tiwari",298709.23,2
BR0997,"Indore Branch 997",CUST066418,"Simran Patel",298685.93,3
BR0998,"Lucknow Branch 998",CUST002120,"Karan Mehta",299353.03,1
BR0998,"Lucknow Branch 998",CUST021928,"Pawan Mehta",298994.50,2
BR0998,"Lucknow Branch 998",CUST052719,"Rohit Tiwari",298537.20,3
BR0999,"Jaipur Branch 999",CUST054041,"Simran Mehta",417183.26,1
BR0999,"Jaipur Branch 999",CUST057900,"Vivek Saini",299512.14,2
BR0999,"Jaipur Branch 999",CUST070402,"Neha Saini",299401.06,3
BR1000,"Delhi Branch 1000",CUST024983,"Pooja Verma",528181.48,1
BR1000,"Delhi Branch 1000",CUST083600,"Neha Verma",516857.16,2
BR1000,"Delhi Branch 1000",CUST051182,"Arjun Kumar",451149.90,3
