Customer_ID,Customer_Name,Gender,Date_of_Birth,Phone,Email,Address,City,State,Country
CUST000001,"Karan Verma",Female,1993-01-17,9890519265,karan_verma1@example.com,"891, Station Road",Jodhpur,Rajasthan,India
CUST000002,"Nikhil Yadav",FEMALE,1991-05-25,6432234154,nikhil_yadav2@example.com,"233, Nehru Nagar",Indore,"Madhya Pradesh",India
CUST000003,"Shreya Yadav",Unknown,1966-03-03,6169937219,shreya_yadav3@example.com,"195, Civil Lines",Surat,Gujarat,India
CUST000004,"Arjun Agarwal",FEMALE,1981-09-25,9439283609,arjun_agarwal4@example.com,"148, Nehru Nagar",Chandigarh,Chandigarh,India
CUST000005,"Nikhil Joshi",Unknown,1993-01-05,8999383381,nikhil_joshi5@example.com,"641, Nehru Nagar",Hyderabad,Telangana,India
CUST000006,"Anjali Rathore",Unknown,1977-12-27,9488234334,anjali_rathore6@example.com,"588, Main Market",Surat,Gujarat,India
CUST000007,"Rohit Choudhary",FEMALE,1959-08-16,7626808103,rohit_choudhary7@example.com,"650, Station Road",Hyderabad,Telangana,India
CUST000008,"Deepak Yadav",Female,1989-11-23,8272395440,deepak_yadav8@example.com,"46, Main Market",Pune,Maharashtra,India
CUST000009,"Pooja Jain",Other,1974-02-10,9069560854,pooja_jain9@example.com,"979, MG Road",Chandigarh,Chandigarh,India
CUST000010,"Meena Joshi",Male,1967-02-27,6701963529,meena_joshi10@example.com,"797, MG Road",surat,Gujarat,India
CUST000011,"Komal Tiwari",Other,1971-05-13,7226846521,komal_tiwari11@example.com,"253, Station Road",Mumbai,Maharashtra,India
CUST000012,"Komal Kumar",Female,1978-05-11,8608702439,komal_kumar12@example.com,"395, Civil Lines",Alwar,Rajasthan,India
CUST000013,"Sneha Kumar",Female,1969-02-09,6957795825,sneha_kumar13@example.com,"737, Main Market",Chandigarh,Unknown,India
CUST000014,"Karan Joshi",FEMALE,1967-05-23,9987414697,karan_joshi14@example.com,"706, Civil Lines",Bhopal,"Madhya Pradesh",India
CUST000015,"Simran Verma",Male,1980-10-03,9722592951,simran_verma15@example.com,"9, Nehru Nagar",Ahmedabad,Gujarat,India
CUST000016,"Meena Singh",male,2001-12-26,9562010959,meena_singh16@example.com,"379, Civil Lines",Chennai,"Tamil Nadu",India
CUST000017,"Shreya Joshi",Male,1957-08-28,6356947552,shreya_joshi17@example.com,"365, Park Street",Chandigarh,Chandigarh,India
CUST000018,"Vikas Saini",Unknown,1951-11-16,8638728447,vikas_saini18@example.com,"196, Station Road",Chandigarh,Chandigarh,India
CUST000019,"Vivek Yadav",Unknown,1979-10-23,7035316539,vivek_yadav19@example.com,"183, Nehru Nagar",Alwar,Rajasthan,India
CUST000020,"Arjun Sharma",male,1967-11-04,9750268583,arjun_sharma20@example.com,"880, MG Road",Jodhpur,Rajasthan,India
CUST000021,"Riya Yadav",male,1961-11-24,8781382594,riya_yadav21@example.com,"377, Main Market",Bengaluru,Karnataka,India
CUST000022,"Komal Gupta",Unknown,1994-04-13,6665832792,komal_gupta22@example.com,"949, Station Road",Kota,Rajasthan,India
CUST000023,"Kavita Bansal",Unknown,1988-10-27,8450690317,kavita_bansal23@example.com,"125, Station Road",Delhi,Delhi,India
CUST000024,"Komal Tiwari",Unknown,1977-06-14,8091749753,komal_tiwari24@example.com,"796, Main Market",Jaipur,Rajasthan,India
CUST000025,"Rohit Agarwal",male,1973-01-09,7669324608,rohit_agarwal25@example.com,"41, MG Road",Lucknow,"Uttar Pradesh",India
CUST000026,"Arjun Jain",Male,1995-11-06,9375540473,arjun_jain26@example.com,"733, Station Road",Lucknow,"Uttar Pradesh",India
CUST000027,"Deepak Jain",Unknown,2001-01-27,9086612903,null,"795, Nehru Nagar",Lucknow,"Uttar Pradesh",India
CUST000028,"Kavita Sharma",Male,1989-09-16,6581764566,kavita_sharma28@example.com,"309, Civil Lines",Alwar,Rajasthan,India
CUST000029,"Vivek Joshi",FEMALE,1976-12-24,9399764931,vivek_joshi29@example.com,"262, Station Road",Ahmedabad,Gujarat,India
CUST000030,"Vivek Yadav",Unknown,1999-02-11,6125592004,vivek_yadav30@example.com,"775, Civil Lines",Kota,Rajasthan,India
CUST000031,"Nikhil Tiwari",Unknown,2004-03-22,6270714692,nikhil_tiwari31@example.com,"925, Main Market",Hyderabad,Telangana,India
CUST000032,"Neha Bansal",Unknown,1971-02-11,7872820235,neha_bansal32@example.com,"569, Station Road",Kolkata,"West Bengal",India
CUST000033,"Rahul Joshi",Unknown,1989-09-06,9632967557,rahul_joshi33@example.com,"568, Park Street",Delhi,Delhi,India
CUST000034,"Simran Rathore",male,1988-09-09,9731641283,simran_rathore34@example.com,"905, Civil Lines",Indore,"Madhya Pradesh",India
CUST000035,"Kavita Singh",Male,1961-01-07,6656863166,kavita_singh35@example.com,"889, Nehru Nagar",Alwar,Rajasthan,India
CUST000036,"Arjun Jain",Female,2002-09-09,6274648202,arjun_jain36@example.com,"492, Nehru Nagar",Udaipur,Rajasthan,India
CUST000037,"Neha Saini",Unknown,1957-06-09,6343428122,neha_saini37@example.com,"886, Civil Lines",Lucknow,"Uttar Pradesh",India
CUST000038,"Meena Singh",FEMALE,1973-03-13,7313425786,meena_singh38@example.com,"643, Station Road",Delhi,Delhi,India
CUST000039,"Anjali Yadav",Unknown,1969-12-01,9116087773,anjali_yadav39@example.com,"718, MG Road",Mumbai,Maharashtra,India
CUST000040,"Sneha Singh",male,1983-02-06,6832342064,sneha_singh40@example.com,"487, Main Market",Kota,Rajasthan,India
CUST000041,"Vivek Bansal",Other,1964-08-13,8033922916,vivek_bansal41@example.com,"923, MG Road",Alwar,Rajasthan,India
CUST000042,"Shreya Yadav",Male,2003-07-11,9943293931,shreya_yadav42@example.com,"356, MG Road",Lucknow,"Uttar Pradesh",India
CUST000043,"Nikhil Gupta",male,1962-11-13,8132459261,nikhil_gupta43@example.com,"341, Station Road",Surat,Gujarat,India
CUST000044,"Amit Mishra",Other,1964-09-15,6116247545,amit_mishra44@example.com,"908, Park Street",Chennai,"Tamil Nadu",India
CUST000045,"Vivek Mehta",FEMALE,1972-04-14,9511634413,vivek_mehta45@example.com,"348, Nehru Nagar",Kolkata,"West Bengal",India
CUST000046,"Simran Agarwal",FEMALE,1968-12-10,9366718046,simran_agarwal46@example.com,"420, Station Road",Jaipur,Rajasthan,India
CUST000047,"Rahul Yadav",Male,1982-06-26,8978846575,invalid-email,"613, MG Road",Udaipur,Rajasthan,India
CUST000048,"Shreya Bansal",Male,1990-08-23,9709371254,shreya_bansal48@example.com,Unknown,Udaipur,Rajasthan,India
CUST000049,"Shreya Tiwari",Other,2004-06-01,9541191334,shreya_tiwari49@example.com,"830, Civil Lines",Alwar,Rajasthan,India
CUST000050,"Deepak Yadav",Other,1986-01-13,8879049604,deepak_yadav50@example.com,"689, Park Street",Hyderabad,Telangana,India
CUST000051,"Nikhil Mehta",male,1958-08-21,6731365119,nikhil_mehta51@example.com,"852, MG Road",Indore,"Madhya Pradesh",India
CUST000052,"Meena Patel",Male,1991-07-05,9758278136,meena_patel52@example.com,"34, Station Road",Pune,Maharashtra,India
CUST000053,"Neha Bansal",Unknown,1965-12-16,9494176739,neha_bansal53@example.com,"255, Main Market",Delhi,Delhi,India
CUST000054,"Pawan Yadav",Male,1963-05-17,9287405654,pawan_yadav54@example.com,"558, MG Road",Hyderabad,Telangana,India
CUST000055,"Priya Sharma",Unknown,1964-09-27,9026844340,priya_sharma55@example.com,"58, Civil Lines",Jaipur,Rajasthan,India
CUST000056,"Komal Agarwal",Unknown,1994-06-22,8245753588,komal_agarwal56@example.com,"76, Civil Lines",Chandigarh,Chandigarh,India
CUST000057,"Priya Yadav",Unknown,1960-06-20,7584819143,priya_yadav57@example.com,"661, Nehru Nagar",Chennai,"Tamil Nadu",India
CUST000058,"Nikhil Mishra",FEMALE,1967-08-02,6781223997,nikhil_mishra58@example.com,"135, Nehru Nagar",Lucknow,"Uttar Pradesh",India
CUST000059,"Neha Yadav",Unknown,1963-12-23,7413404544,neha_yadav59@example.com,"7, Civil Lines",Alwar,Rajasthan,India
CUST000060,"Ankit Sharma",Male,1973-05-26,7178890346,ankit_sharma60@example.com,"635, Civil Lines",Chennai,"Tamil Nadu",India
CUST000061,"Pawan Mishra",Other,1998-12-15,8065183002,pawan_mishra61@example.com,"496, Nehru Nagar",Alwar,Rajasthan,India
CUST000062,"Pawan Joshi",male,1995-08-12,8636938464,pawan_joshi62@example.com,"778, Nehru Nagar",Kolkata,"West Bengal",India
CUST000063,"Deepak Singh",Male,1981-10-18,8873370458,deepak_singh63@example.com,"712, MG Road",ahmedabad,Gujarat,India
CUST000064,"Suresh Tiwari",Unknown,1953-01-24,7792251913,suresh_tiwari64@example.com,"239, MG Road",Jaipur,Rajasthan,India
CUST000065,"Kavita Jain",Female,1968-06-05,6207695765,kavita_jain65@example.com,Unknown,Chandigarh,Chandigarh,India
CUST000066,"Ankit Mishra",Unknown,1959-04-21,6033464234,ankit_mishra66@example.com,"136, Station Road",Alwar,Rajasthan,India
CUST000067,"Komal Mehta",FEMALE,1966-10-11,7501456858,komal_mehta67@example.com,"527, Nehru Nagar",Alwar,Rajasthan,India
CUST000068,"Kavita Joshi",Other,1981-01-02,6252451916,kavita_joshi68@example.com,"568, Nehru Nagar",Indore,"Madhya Pradesh",India
CUST000069,"Karan Tiwari",Male,1958-06-16,7524093845,karan_tiwari69@example.com,Unknown,Indore,"Madhya Pradesh",India
CUST000070,"Komal Sharma",FEMALE,1951-11-01,9011170152,komal_sharma70@example.com,"8, Nehru Nagar",Bengaluru,Karnataka,India
CUST000071,"Ankit Saini",Other,1965-08-28,8267778377,ankit_saini71@example.com,"824, Civil Lines",Jaipur,Rajasthan,India
CUST000072,"Manish Kumar",Male,1999-12-19,6269910499,manish_kumar72@example.com,"129, Main Market",Alwar,Rajasthan,India
CUST000073,"Amit Sharma",FEMALE,1984-02-22,7078118119,amit_sharma73@example.com,"372, Station Road",Chandigarh,Chandigarh,India
CUST000074,"Anjali Saini",male,null,7033982714,anjali_saini74@example.com,"398, MG Road",Chandigarh,Chandigarh,India
CUST000075,"Nikhil Saini",Male,1969-02-19,8232634334,nikhil_saini75@example.com,"48, Nehru Nagar",Indore,"Madhya Pradesh",India
CUST000076,"Nikhil Saini",Unknown,1967-01-11,12345,nikhil_saini76@example.com,"48, Main Market",Udaipur,Rajasthan,India
CUST000077,"Amit Choudhary",Female,1965-01-08,6839027079,amit_choudhary77@example.com,"723, MG Road",Bhopal,"Madhya Pradesh",India
CUST000078,"Ankit Bansal",FEMALE,null,7024891219,ankit_bansal78@example.com,"340, Nehru Nagar",Hyderabad,Telangana,India
CUST000079,"Rahul Gupta",Unknown,1965-12-12,6734668903,rahul_gupta79@example.com,"529, Civil Lines",Pune,Maharashtra,India
CUST000080,"Amit Tiwari",male,1975-06-04,7383499108,amit_tiwari80@example.com,"943, Main Market",Chandigarh,Chandigarh,India
CUST000081,"Karan Rathore",male,1995-02-21,6354662599,karan_rathore81@example.com,"808, Nehru Nagar",Lucknow,"Uttar Pradesh",India
CUST000082,"Komal Joshi",Other,1989-12-13,8488952611,komal_joshi82@example.com,"862, Civil Lines",Ahmedabad,Gujarat,India
CUST000083,"Simran Gupta",Female,1999-06-25,6916112632,null,"42, Station Road",Alwar,Rajasthan,India
CUST000084,"Simran Malhotra",Other,1957-04-23,6719340595,simran_malhotra84@example.com,"624, Park Street",Pune,Maharashtra,India
CUST000085,"Shreya Saini",FEMALE,1963-01-28,7624203396,shreya_saini85@example.com,"650, Civil Lines",Ahmedabad,Gujarat,India
CUST000086,"Kavita Tiwari",Unknown,1995-05-12,8700339199,kavita_tiwari86@example.com,"857, Station Road",Alwar,Rajasthan,India
CUST000087,"Deepak Verma",Female,1999-05-17,9382586555,deepak_verma87@example.com,"62, Main Market",Hyderabad,Telangana,India
CUST000088,"Vivek Verma",Female,1952-12-18,6390201944,vivek_verma88@example.com,"432, Park Street",Delhi,Delhi,India
CUST000089,"Nikhil Bansal",Female,1995-08-22,9234025953,nikhil_bansal89@example.com,"117, Civil Lines",Mumbai,Maharashtra,India
CUST000090,"Deepak Mehta",Other,1971-05-26,9586416677,deepak_mehta90@example.com,"460, Station Road",Bengaluru,Karnataka,India
CUST000091,"Komal Jain",Female,1953-06-11,9280728096,komal_jain91@example.com,"294, Main Market",Bhopal,"Madhya Pradesh",India
CUST000092,"Neha Yadav",Unknown,1981-02-17,8085317925,neha_yadav92@example.com,"480, Park Street",Lucknow,"Uttar Pradesh",India
CUST000093,"Neha Saini",Female,1961-03-06,6899864063,neha_saini93@example.com,"183, Main Market",Jaipur,Rajasthan,India
CUST000094,"Riya Gupta",Unknown,1971-10-26,7981250745,riya_gupta94@example.com,"839, Nehru Nagar",Pune,Maharashtra,India
CUST000095,"Karan Saini",Male,1989-05-18,6746047149,karan_saini95@example.com,"334, Civil Lines",Chandigarh,Chandigarh,India
CUST000096,"Vivek Yadav",male,2004-12-15,9860691341,vivek_yadav96@example.com,"267, Park Street",Kolkata,"West Bengal",India
CUST000097,"Amit Gupta",FEMALE,1995-07-01,9289678370,amit_gupta97@example.com,"949, Park Street",Pune,Maharashtra,India
CUST000098,"Riya Kumar",FEMALE,1958-06-01,7464053260,riya_kumar98@example.com,"237, Main Market",Mumbai,Maharashtra,India
CUST000099,"Pooja Mehta",Male,1976-10-13,7330673932,pooja_mehta99@example.com,"314, Park Street",Delhi,Delhi,India
CUST000100,"Komal Singh",Female,1985-03-21,9546176950,komal_singh100@example.com,"675, MG Road",Ahmedabad,Gujarat,India
CUST000101,"Riya Agarwal",Unknown,1985-12-28,null,riya_agarwal101@example.com,"809, Park Street",Delhi,Delhi,India
CUST000102,"Amit Rathore",Other,1954-05-25,6296984081,amit_rathore102@example.com,"882, Civil Lines",Kolkata,"West Bengal",India
CUST000103,"Amit Patel",FEMALE,2005-09-13,9926285332,amit_patel103@example.com,"863, Nehru Nagar",Jaipur,Rajasthan,India
CUST000104,"Vikas Mishra",Female,1997-02-23,8039036207,vikas_mishra104@example.com,"500, Park Street",Bengaluru,Karnataka,India
CUST000105,"Meena Tiwari",Male,2003-03-24,9431471176,meena_tiwari105@example.com,"414, MG Road",Ahmedabad,Gujarat,India
CUST000106,"Riya Saini",Female,2000-08-06,7756627447,riya_saini106@example.com,"66, Park Street",Jaipur,Rajasthan,India
CUST000107,"Meena Malhotra",Other,1978-07-25,9950056075,meena_malhotra107@example.com,"227, Station Road",Chandigarh,Chandigarh,India
CUST000108,"Arjun Singh",Unknown,2004-11-05,7064462253,arjun_singh108@example.com,"280, Park Street",Bengaluru,Karnataka,India
CUST000109,"Anjali Singh",Unknown,2005-10-14,6927815574,anjali_singh109@example.com,"749, MG Road",Indore,"Madhya Pradesh",India
CUST000110,"Kavita Choudhary",Other,1986-11-08,7618699195,kavita_choudhary110@example.com,"328, Station Road",Udaipur,Rajasthan,India
CUST000111,"Pawan Agarwal",Unknown,1959-06-06,9015102694,pawan_agarwal111@example.com,"177, Main Market",Ahmedabad,Gujarat,India
CUST000112,"Simran Sharma",FEMALE,1996-05-21,8871418068,simran_sharma112@example.com,"171, Main Market",kota,Rajasthan,India
CUST000113,"Komal Saini",Other,1968-11-24,6247303711,komal_saini113@example.com,"353, Station Road",Indore,"Madhya Pradesh",India
CUST000114,"Pawan Gupta",male,1976-04-17,7682861575,pawan_gupta114@example.com,"973, Park Street",Mumbai,Maharashtra,India
CUST000115,"Arjun Singh",male,1971-02-28,8733102317,arjun_singh115@example.com,"25, Civil Lines",Jodhpur,Rajasthan,India
CUST000116,"Ankit Jain",Other,1997-04-07,8852437153,ankit_jain116@example.com,Unknown,Udaipur,Rajasthan,India
CUST000117,"Amit Gupta",FEMALE,2003-04-19,9732288537,amit_gupta117@example.com,"931, Main Market",Bengaluru,Karnataka,India
CUST000118,"Neha Malhotra",Female,1985-04-02,7505586096,neha_malhotra118@example.com,"586, Park Street",Bengaluru,Karnataka,India
CUST000119,"Manish Mehta",Unknown,1977-05-14,6977799178,manish_mehta119@example.com,"532, Main Market",Jodhpur,Rajasthan,India
CUST000120,"Vikas Mehta",Male,1994-08-24,7574619465,vikas_mehta120@example.com,"121, Nehru Nagar",Surat,Gujarat,India
CUST000121,"Amit Mehta",FEMALE,1990-08-26,6044290250,amit_mehta121@example.com,"646, Main Market",Udaipur,Rajasthan,India
CUST000122,"Kavita Rathore",Male,1987-03-19,8523521729,kavita_rathore122@example.com,"451, MG Road",Indore,"Madhya Pradesh",India
CUST000123,"Deepak Jain",FEMALE,2004-11-12,6936535773,deepak_jain123@example.com,"988, Station Road",Chandigarh,Chandigarh,India
CUST000124,"Nikhil Malhotra",Unknown,1960-09-20,7833630630,nikhil_malhotra124@example.com,"373, Civil Lines",Udaipur,Rajasthan,India
CUST000125,"Vivek Malhotra",Unknown,1986-01-19,8147457821,vivek_malhotra125@example.com,"541, Nehru Nagar",Lucknow,"Uttar Pradesh",India
CUST000126,"Neha Verma",Male,1988-12-18,9609029117,neha_verma126@example.com,"681, MG Road",Delhi,Delhi,India
CUST000127,"Karan Choudhary",Unknown,2004-08-26,9893244510,karan_choudhary127@example.com,"777, Station Road",Indore,"Madhya Pradesh",India
CUST000128,"Pawan Malhotra",Female,1997-08-17,9894584229,pawan_malhotra128@example.com,"416, Station Road",Lucknow,"Uttar Pradesh",India
CUST000129,"Ankit Sharma",Unknown,1973-01-27,9523332129,ankit_sharma129@example.com,"373, Station Road",Bengaluru,Karnataka,India
CUST000130,"Sneha Tiwari",male,1977-09-23,7356979475,sneha_tiwari130@example.com,"639, Nehru Nagar",Chennai,"Tamil Nadu",India
CUST000131,"Simran Singh",Unknown,1958-12-06,7684326420,simran_singh131@example.com,"240, Main Market",Indore,"Madhya Pradesh",India
CUST000132,"Kavita Mishra",male,null,6854535943,kavita_mishra132@example.com,"337, MG Road",Udaipur,Rajasthan,India
CUST000133,"Suresh Patel",Male,1971-06-04,6466196428,suresh_patel133@example.com,"718, MG Road",Surat,Gujarat,India
CUST000134,"Karan Yadav",FEMALE,1972-05-09,7833664217,karan_yadav134@example.com,"736, Civil Lines",Pune,Maharashtra,India
CUST000135,"Neha Jain",Female,1974-02-18,8171479842,neha_jain135@example.com,"969, Main Market",Kota,Rajasthan,India
CUST000136,"Arjun Mishra",FEMALE,1985-09-16,6532436550,arjun_mishra136@example.com,"811, Station Road",Lucknow,"Uttar Pradesh",India
CUST000137,"Simran Agarwal",Unknown,1954-07-01,7308851473,simran_agarwal137@example.com,"679, Main Market",Jaipur,Rajasthan,India
CUST000138,"Priya Yadav",FEMALE,1994-05-05,9101720243,priya_yadav138@example.com,"53, MG Road",mumbai,Maharashtra,India
CUST000139,"Ankit Sharma",FEMALE,1955-03-10,9595684718,ankit_sharma139@example.com,"35, MG Road",Bengaluru,Karnataka,India
CUST000140,"Anjali Saini",Female,2005-10-13,7722757201,anjali_saini140@example.com,"866, Nehru Nagar",Kota,Rajasthan,India
CUST000141,"Pooja Yadav",Other,1954-08-22,8127672526,pooja_yadav141@example.com,"499, Station Road",Udaipur,Rajasthan,India
CUST000142,"Sneha Sharma",Unknown,2001-11-03,8479432951,sneha_sharma142@example.com,"516, Main Market",Lucknow,"Uttar Pradesh",India
CUST000143,"Ankit Patel",Unknown,1959-08-07,6891937289,ankit_patel143@example.com,"390, Main Market",Kota,Rajasthan,India
CUST000144,"Neha Rathore",Female,1953-11-23,8972722076,neha_rathore144@example.com,"162, MG Road",Jodhpur,Rajasthan,India
CUST000145,"Riya Joshi",male,2002-10-22,7057019637,riya_joshi145@example.com,"634, Station Road",hyderabad,Telangana,India
CUST000146,"Pawan Patel",Unknown,null,8381121973,pawan_patel146@example.com,"52, MG Road",Kolkata,"West Bengal",India
CUST000147,"Komal Rathore",Unknown,1984-10-14,7919362915,komal_rathore147@example.com,"710, MG Road",Indore,"Madhya Pradesh",India
CUST000148,"Deepak Agarwal",FEMALE,1962-11-12,7509549226,deepak_agarwal148@example.com,"7, Civil Lines",Hyderabad,Telangana,India
CUST000149,"Simran Mishra",male,1964-01-21,9473520938,simran_mishra149@example.com,Unknown,Bhopal,"Madhya Pradesh",India
CUST000150,"Arjun Rathore",FEMALE,1980-07-07,6328064965,arjun_rathore150@example.com,"323, Station Road",Indore,"Madhya Pradesh",India
CUST000151,"Neha Mishra",Other,1992-03-02,9477505564,neha_mishra151@example.com,"212, Civil Lines",Pune,Maharashtra,India
CUST000152,"Shreya Kumar",Unknown,1958-12-07,7603610826,shreya_kumar152@example.com,"296, Main Market",Udaipur,Rajasthan,India
CUST000153,"Ankit Patel",Male,2006-05-03,7719570528,ankit_patel153@example.com,"978, MG Road",Jodhpur,Rajasthan,India
CUST000154,"Rahul Choudhary",Unknown,1963-09-28,6577145819,rahul_choudhary154@example.com,"163, Civil Lines",Surat,Gujarat,India
CUST000155,"Neha Sharma",Female,1960-06-01,8620885307,invalid-email,"15, Main Market",bengaluru,Karnataka,India
CUST000156,"Simran Kumar",Unknown,1999-07-23,6922473523,simran_kumar156@example.com,"263, Nehru Nagar",Kota,Rajasthan,India
CUST000157,"Nikhil Agarwal",FEMALE,1992-05-15,8672592459,nikhil_agarwal157@example.com,Unknown,Alwar,Rajasthan,India
CUST000158,"Riya Singh",male,1960-01-26,6210148678,riya_singh158@example.com,"809, Main Market",Jaipur,Rajasthan,India
CUST000159,"Vivek Rathore",Other,2006-05-06,8650498015,vivek_rathore159@example.com,"865, Nehru Nagar",Alwar,Rajasthan,India
CUST000160,"Deepak Jain",Other,2004-05-23,7926565270,deepak_jain160@example.com,"854, MG Road",Ahmedabad,Gujarat,India
CUST000161,"Priya Rathore",FEMALE,1954-02-19,6645980091,priya_rathore161@example.com,"522, MG Road",Hyderabad,Telangana,India
CUST000162,"Arjun Rathore",Unknown,1957-09-28,8082349204,arjun_rathore162@example.com,"530, MG Road",Chennai,"Tamil Nadu",India
CUST000163,"Rahul Jain",male,1968-11-15,9953124309,rahul_jain163@example.com,"206, Station Road",udaipur,Rajasthan,India
CUST000164,"Kavita Singh",Male,1975-09-17,9891982153,kavita_singh164@example.com,"209, Civil Lines",Chennai,"Tamil Nadu",India
CUST000165,"Pooja Kumar",Male,1960-08-05,8868185367,pooja_kumar165@example.com,"342, MG Road",Bhopal,"Madhya Pradesh",India
CUST000166,"Rohit Choudhary",male,1956-06-14,6728602119,rohit_choudhary166@example.com,"923, Civil Lines",Surat,Gujarat,India
CUST000167,"Vikas Agarwal",Male,1973-02-05,7190544170,vikas_agarwal167@example.com,"939, MG Road",Pune,Maharashtra,India
CUST000168,"Riya Saini",Male,1976-10-11,6138839453,riya_saini168@example.com,"898, MG Road",Chennai,"Tamil Nadu",India
CUST000169,"Sneha Gupta",FEMALE,1980-11-02,9356392408,sneha_gupta169@example.com,"65, Civil Lines",udaipur,Rajasthan,India
CUST000170,"Priya Mehta",Other,1964-02-06,null,priya_mehta170@example.com,"72, Station Road",Bengaluru,Karnataka,India
CUST000171,"Meena Rathore",Female,1973-08-25,8632149641,meena_rathore171@example.com,"100, MG Road",Chennai,"Tamil Nadu",India
CUST000172,"Riya Agarwal",Male,1991-08-04,7491759246,riya_agarwal172@example.com,"751, Station Road",Lucknow,"Uttar Pradesh",India
CUST000173,"Ankit Yadav",male,1995-10-02,9108570335,ankit_yadav173@example.com,"740, MG Road",Hyderabad,Telangana,India
CUST000174,"Amit Sharma",Other,null,6193856926,amit_sharma174@example.com,"385, MG Road",Surat,Gujarat,India
CUST000175,"Priya Kumar",Female,1989-07-08,7009215722,priya_kumar175@example.com,"198, Nehru Nagar",Lucknow,"Uttar Pradesh",India
CUST000176,"Nikhil Yadav",Male,1961-10-15,9326955822,nikhil_yadav176@example.com,"339, MG Road",Hyderabad,Telangana,India
CUST000177,"Sneha Joshi",Male,1981-08-11,6943928464,sneha_joshi177@example.com,"587, MG Road",Alwar,Rajasthan,India
CUST000178,"Sneha Singh",Unknown,null,7153738896,sneha_singh178@example.com,"805, Park Street",Pune,Maharashtra,India
CUST000179,"Pawan Verma",Male,1983-08-07,6657912740,pawan_verma179@example.com,"104, Main Market",Pune,Maharashtra,India
CUST000180,"Manish Agarwal",Other,1953-05-19,9606448822,manish_agarwal180@example.com,"862, Park Street",Ahmedabad,Gujarat,India
CUST000181,"Shreya Mishra",Male,1962-09-08,8907034070,shreya_mishra181@example.com,"631, Civil Lines",Indore,"Madhya Pradesh",India
CUST000182,"Priya Choudhary",Other,1988-03-23,7441320335,priya_choudhary182@example.com,"532, Station Road",Ahmedabad,Gujarat,India
CUST000183,"Vikas Verma",Unknown,1980-04-03,null,vikas_verma183@example.com,"465, MG Road",Mumbai,Maharashtra,India
CUST000184,"Priya Rathore",Unknown,1951-06-21,9679798599,priya_rathore184@example.com,"778, Station Road",Jodhpur,Rajasthan,India
CUST000185,"Deepak Gupta",male,1982-03-09,9052741190,deepak_gupta185@example.com,"388, MG Road",Mumbai,Maharashtra,India
CUST000186,"Neha Patel",Unknown,1988-04-16,8470457794,neha_patel186@example.com,"479, Main Market",Lucknow,"Uttar Pradesh",India
CUST000187,"Pawan Choudhary",Other,null,6927737179,pawan_choudhary187@example.com,"249, Station Road",Indore,"Madhya Pradesh",India
CUST000188,"Komal Bansal",Male,1974-01-25,7354157753,komal_bansal188@example.com,"267, Main Market",Ahmedabad,Gujarat,India
CUST000189,"Amit Mishra",Female,1959-01-14,8707990634,amit_mishra189@example.com,"398, Civil Lines",Hyderabad,Telangana,India
CUST000190,"Rahul Rathore",male,1976-09-11,8099788635,rahul_rathore190@example.com,"881, MG Road",Chandigarh,Chandigarh,India
CUST000191,"Simran Patel",Unknown,1977-08-21,9683174335,simran_patel191@example.com,"903, Nehru Nagar",Ahmedabad,Gujarat,India
CUST000192,"Neha Malhotra",FEMALE,1982-06-14,8355307379,neha_malhotra192@example.com,"535, Civil Lines",Mumbai,Maharashtra,India
CUST000193,"Deepak Verma",male,1962-09-14,7434204666,deepak_verma193@example.com,"671, Park Street",Chennai,"Tamil Nadu",India
CUST000194,"Amit Verma",Other,null,7466056436,amit_verma194@example.com,"51, Civil Lines",Bhopal,"Madhya Pradesh",India
CUST000195,"Neha Gupta",Female,2001-07-25,7054472964,neha_gupta195@example.com,"350, Main Market",Bengaluru,Karnataka,India
CUST000196,"Ankit Choudhary",FEMALE,1995-11-19,8567174977,ankit_choudhary196@example.com,"252, Civil Lines",Bengaluru,Karnataka,India
CUST000197,"Suresh Bansal",Unknown,1999-02-17,7773777673,suresh_bansal197@example.com,"927, Park Street",Ahmedabad,Gujarat,India
CUST000198,"Suresh Patel",FEMALE,1997-08-28,9253513499,suresh_patel198@example.com,"276, Park Street",Mumbai,Maharashtra,India
CUST000199,"Vikas Mishra",Other,1981-01-06,7212839868,vikas_mishra199@example.com,"340, Main Market",Kota,Rajasthan,India
CUST000200,"Neha Patel",Other,1978-02-08,9217216470,neha_patel200@example.com,"367, Park Street",Pune,Maharashtra,India
CUST000201,"Rohit Gupta",Male,1976-10-22,8927037993,rohit_gupta201@example.com,"212, Park Street",Chandigarh,Chandigarh,India
CUST000202,"Riya Gupta",Unknown,1950-01-05,9150011292,riya_gupta202@example.com,"147, Civil Lines",Chandigarh,Chandigarh,India
CUST000203,"Simran Rathore",FEMALE,1963-08-08,null,simran_rathore203@example.com,"481, Park Street",Hyderabad,Telangana,India
CUST000204,"Ankit Jain",Male,1976-10-03,9482226894,ankit_jain204@example.com,"526, Nehru Nagar",Kolkata,"West Bengal",India
CUST000205,"Rahul Singh",Other,1992-09-16,6998474734,rahul_singh205@example.com,"92, Civil Lines",Lucknow,"Uttar Pradesh",India
CUST000206,"Arjun Joshi",Other,1988-12-19,6470198678,arjun_joshi206@example.com,"419, Station Road",Indore,"Madhya Pradesh",India
CUST000207,"Rahul Joshi",Unknown,1959-05-20,7075164010,rahul_joshi207@example.com,"353, MG Road",Chandigarh,Chandigarh,India
CUST000208,"Arjun Saini",Male,1976-11-01,9740959153,arjun_saini208@example.com,"951, Park Street",Jodhpur,Rajasthan,India
CUST000209,"Vivek Jain",Other,1981-07-03,6176309707,vivek_jain209@example.com,"341, Civil Lines",Pune,Maharashtra,India
CUST000210,"Neha Gupta",Unknown,1975-03-27,6844236003,neha_gupta210@example.com,"691, Park Street",Delhi,Delhi,India
CUST000211,"Neha Verma",male,1978-08-07,9568682590,null,Unknown,Surat,Gujarat,India
CUST000212,"Anjali Rathore",Unknown,1992-02-15,null,anjali_rathore212@example.com,"335, Park Street",Surat,Gujarat,India
CUST000213,"Ankit Mishra",male,1962-03-28,8083493218,ankit_mishra213@example.com,"378, Station Road",Alwar,Rajasthan,India
CUST000214,"Suresh Jain",Female,1999-11-15,9138974259,suresh_jain214@example.com,"467, Main Market",Mumbai,Maharashtra,India
CUST000215,"Nikhil Agarwal",male,1989-04-25,7902858326,nikhil_agarwal215@example.com,"721, Park Street",Mumbai,Maharashtra,India
CUST000216,"Rahul Verma",Unknown,1994-04-18,6279040688,rahul_verma216@example.com,"270, Station Road",Chandigarh,Chandigarh,India
CUST000217,"Pooja Choudhary",Unknown,1951-01-10,8697874642,pooja_choudhary217@example.com,"547, Main Market",Kolkata,"West Bengal",India
CUST000218,"Rohit Yadav",Unknown,1988-05-13,6778196473,rohit_yadav218@example.com,"158, Park Street",Lucknow,"Uttar Pradesh",India
CUST000219,"Ankit Bansal",Male,1990-02-01,7173325280,ankit_bansal219@example.com,"795, Station Road",Mumbai,Maharashtra,India
CUST000220,"Vikas Kumar",Other,1980-02-27,9827383952,vikas_kumar220@example.com,Unknown,Alwar,Rajasthan,India
CUST000221,"Simran Choudhary",male,1986-09-15,8169877133,simran_choudhary221@example.com,"425, Main Market",Hyderabad,Telangana,India
CUST000222,"Pawan Joshi",Male,1975-04-20,6301514872,pawan_joshi222@example.com,"532, Nehru Nagar",Kolkata,"West Bengal",India
CUST000223,"Karan Mishra",Unknown,1998-09-24,7125135121,karan_mishra223@example.com,Unknown,Surat,Gujarat,India
CUST000224,"Komal Jain",Unknown,2004-03-19,6820238670,komal_jain224@example.com,"1, MG Road",Hyderabad,Telangana,India
CUST000225,"Anjali Patel",FEMALE,1990-03-06,7335301687,anjali_patel225@example.com,"65, Main Market",Jaipur,Rajasthan,India
CUST000226,"Vikas Singh",Unknown,1960-07-28,8161170009,vikas_singh226@example.com,"519, MG Road",Indore,"Madhya Pradesh",India
CUST000227,"Karan Singh",male,1954-07-06,7909812740,karan_singh227@example.com,"21, Civil Lines",Kota,Rajasthan,India
CUST000228,"Riya Patel",Female,1997-05-06,9276664204,riya_patel228@example.com,"217, Nehru Nagar",Kolkata,"West Bengal",India
CUST000229,"Manish Bansal",Unknown,1959-12-21,6350958244,manish_bansal229@example.com,"284, Park Street",Chandigarh,Chandigarh,India
CUST000230,"Amit Choudhary",FEMALE,2006-05-14,8496861387,amit_choudhary230@example.com,"972, Nehru Nagar",Lucknow,"Uttar Pradesh",India
CUST000231,"Suresh Tiwari",Other,2001-08-06,6708318706,suresh_tiwari231@example.com,"972, Main Market",Bengaluru,Karnataka,India
CUST000232,"Amit Sharma",Other,1985-04-07,8421282293,amit_sharma232@example.com,"801, Civil Lines",Chandigarh,Chandigarh,India
CUST000233,"Karan Choudhary",Female,1973-09-17,6653221814,karan_choudhary233@example.com,"649, Park Street",Chandigarh,Chandigarh,India
CUST000234,"Anjali Malhotra",Unknown,1997-06-20,9202519447,anjali_malhotra234@example.com,"200, MG Road",Kolkata,"West Bengal",India
CUST000235,"Komal Mehta",Male,1966-02-08,8232425318,komal_mehta235@example.com,"463, Park Street",Jodhpur,Rajasthan,India
CUST000236,"Arjun Kumar",Other,1965-12-16,9345314186,arjun_kumar236@example.com,"898, MG Road",Jaipur,Rajasthan,India
CUST000237,"Simran Agarwal",Male,1965-03-13,8633351631,simran_agarwal237@example.com,"990, Park Street",Kolkata,"West Bengal",India
CUST000238,"Nikhil Mishra",FEMALE,1998-06-08,7774522211,nikhil_mishra238@example.com,"632, Civil Lines",Kolkata,"West Bengal",India
CUST000239,"Vikas Choudhary",male,1952-02-03,6007081612,vikas_choudhary239@example.com,"80, Civil Lines",Kota,Rajasthan,India
CUST000240,"Pawan Singh",FEMALE,1961-01-13,9884012617,pawan_singh240@example.com,"361, Civil Lines",Kota,Rajasthan,India
CUST000241,"Rahul Yadav",male,2004-10-08,6535192024,rahul_yadav241@example.com,"140, Park Street",Pune,Maharashtra,India
CUST000242,"Vivek Verma",Other,1955-09-25,7627243195,vivek_verma242@example.com,"316, Nehru Nagar",Jaipur,Rajasthan,India
CUST000243,"Nikhil Yadav",Unknown,1976-03-18,9030220895,nikhil_yadav243@example.com,"956, Civil Lines",Alwar,Unknown,India
CUST000244,"Anjali Yadav",Male,1995-02-24,6413602626,anjali_yadav244@example.com,"200, MG Road",Kota,Rajasthan,India
CUST000245,"Amit Agarwal",Male,1967-11-12,9325043489,amit_agarwal245@example.com,"404, MG Road",Surat,Gujarat,India
CUST000246,"Karan Agarwal",Other,1970-05-13,9865441751,karan_agarwal246@example.com,"524, Station Road",Ahmedabad,Gujarat,India
CUST000247,"Shreya Sharma",male,1978-09-25,7580486160,shreya_sharma247@example.com,"197, Nehru Nagar",Jaipur,Rajasthan,India
CUST000248,"Anjali Yadav",FEMALE,1997-04-11,8371620714,anjali_yadav248@example.com,"240, Nehru Nagar",Alwar,Rajasthan,India
CUST000249,"Simran Bansal",Female,1977-01-15,8198721790,simran_bansal249@example.com,"782, Station Road",Jodhpur,Rajasthan,India
CUST000250,"Manish Mishra",FEMALE,1990-03-27,7222709127,manish_mishra250@example.com,"701, Station Road",Bhopal,"Madhya Pradesh",India
CUST000251,"Komal Mishra",Unknown,1999-10-03,9595011489,komal_mishra251@example.com,"534, Civil Lines",Kota,Rajasthan,India
CUST000252,"Ankit Mishra",Female,1982-01-21,8181984146,ankit_mishra252@example.com,"398, Main Market",jaipur,Rajasthan,India
CUST000253,"Rahul Mehta",FEMALE,1966-05-23,8978202724,rahul_mehta253@example.com,"782, Station Road",Udaipur,Rajasthan,India
CUST000254,"Ankit Mishra",Female,1970-05-24,7689385924,ankit_mishra254@example.com,"489, Park Street",ahmedabad,Gujarat,India
CUST000255,"Anjali Yadav",Male,2004-07-14,9427758104,anjali_yadav255@example.com,"554, Nehru Nagar",Lucknow,"Uttar Pradesh",India
CUST000256,"Sneha Rathore",Other,1998-10-23,7560396721,sneha_rathore256@example.com,"448, Civil Lines",Indore,"Madhya Pradesh",India
CUST000257,"Suresh Yadav",Female,1995-06-06,6196273720,suresh_yadav257@example.com,"658, MG Road",Lucknow,"Uttar Pradesh",India
CUST000258,"Kavita Agarwal",Other,1973-07-23,8104877808,kavita_agarwal258@example.com,"351, Nehru Nagar",Pune,Maharashtra,India
CUST000259,"Priya Patel",Unknown,1991-07-17,8931006906,priya_patel259@example.com,"181, Main Market",Delhi,Delhi,India
CUST000260,"Riya Sharma",male,1973-12-27,6464757628,riya_sharma260@example.com,"163, Main Market",Chennai,"Tamil Nadu",India
CUST000261,"Priya Sharma",Other,1997-10-11,9271659146,priya_sharma261@example.com,"119, MG Road",Pune,Maharashtra,India
CUST000262,"Sneha Singh",Unknown,1984-05-14,7877780674,sneha_singh262@example.com,"368, Main Market",Lucknow,"Uttar Pradesh",India
CUST000263,"Riya Gupta",Male,1994-12-24,9380827194,riya_gupta263@example.com,"204, Station Road",Delhi,Delhi,India
CUST000264,"Nikhil Verma",FEMALE,1987-04-27,8237146791,nikhil_verma264@example.com,"177, Civil Lines",Jodhpur,Rajasthan,India
CUST000265,"Karan Joshi",Unknown,1964-08-25,8901012967,karan_joshi265@example.com,"79, Park Street",Alwar,Rajasthan,India
CUST000266,"Deepak Joshi",Unknown,1965-11-28,8815697358,deepak_joshi266@example.com,"509, Nehru Nagar",Chennai,"Tamil Nadu",India
CUST000267,"Karan Choudhary",FEMALE,1963-02-22,6464876650,karan_choudhary267@example.com,"868, Park Street",Hyderabad,Unknown,India
CUST000268,"Ankit Mehta",Unknown,1974-07-01,9977028582,ankit_mehta268@example.com,"37, Main Market",Jaipur,Rajasthan,India
CUST000269,"Riya Choudhary",Male,1952-07-06,9348471451,riya_choudhary269@example.com,"620, Park Street",Jaipur,Rajasthan,India
CUST000270,"Meena Jain",Female,1950-07-24,6835845287,meena_jain270@example.com,"196, Main Market",Chennai,"Tamil Nadu",India
CUST000271,"Meena Verma",Other,1950-02-10,6551208991,meena_verma271@example.com,"686, Civil Lines",Indore,"Madhya Pradesh",India
CUST000272,"Shreya Patel",male,2005-12-25,6139320021,shreya_patel272@example.com,"86, Main Market",Kota,Rajasthan,India
CUST000273,"Pawan Singh",male,1958-08-05,9554046391,pawan_singh273@example.com,"92, MG Road",Delhi,Delhi,India
CUST000274,"Simran Bansal",FEMALE,1972-01-05,7838653081,simran_bansal274@example.com,"69, Station Road",Hyderabad,Telangana,India
CUST000275,"Rohit Singh",male,1994-05-06,null,rohit_singh275@example.com,Unknown,Alwar,Rajasthan,India
CUST000276,"Nikhil Verma",Other,1979-07-16,6815431632,nikhil_verma276@example.com,"123, Civil Lines",Chennai,"Tamil Nadu",India
CUST000277,"Shreya Patel",Male,1953-10-11,9526036391,shreya_patel277@example.com,"338, Nehru Nagar",Ahmedabad,Gujarat,India
CUST000278,"Arjun Mishra",Female,1964-04-14,null,arjun_mishra278@example.com,"828, Civil Lines",Surat,Gujarat,India
CUST000279,"Amit Patel",Male,1983-02-13,9856965966,amit_patel279@example.com,"96, Main Market",Jodhpur,Rajasthan,India
CUST000280,"Ankit Malhotra",Unknown,1969-08-12,9411063005,ankit_malhotra280@example.com,"199, Civil Lines",Udaipur,Rajasthan,India
CUST000281,"Komal Bansal",FEMALE,1976-06-26,8563906489,komal_bansal281@example.com,"909, Station Road",Jaipur,Rajasthan,India
CUST000282,"Arjun Choudhary",Unknown,1967-01-03,6173034328,arjun_choudhary282@example.com,"401, Main Market",Kota,Rajasthan,India
CUST000283,"Pooja Mishra",Other,1959-04-08,6892929978,pooja_mishra283@example.com,"809, Park Street",Udaipur,Rajasthan,India
CUST000284,"Suresh Jain",FEMALE,1954-01-16,7661840153,suresh_jain284@example.com,"431, Nehru Nagar",Alwar,Rajasthan,India
CUST000285,"Manish Kumar",Other,1998-04-01,7491713507,null,"664, Civil Lines",Alwar,Rajasthan,India
CUST000286,"Deepak Agarwal",male,1989-09-02,8166819855,deepak_agarwal286@example.com,"361, Park Street",Surat,Gujarat,India
CUST000287,"Ankit Choudhary",Other,1952-08-27,8436952215,ankit_choudhary287@example.com,"134, Park Street",Lucknow,"Uttar Pradesh",India
CUST000288,"Karan Yadav",Female,1973-05-04,7038625352,karan_yadav288@example.com,"134, Civil Lines",Chennai,"Tamil Nadu",India
CUST000289,"Vivek Saini",FEMALE,1978-01-24,8438070812,invalid-email,"948, Civil Lines",Mumbai,Maharashtra,India
CUST000290,"Riya Singh",Unknown,1950-01-28,6154789403,null,"650, Nehru Nagar",Bhopal,"Madhya Pradesh",India
CUST000291,"Karan Gupta",Unknown,1951-07-27,9688715333,karan_gupta291@example.com,"359, Civil Lines",Bhopal,"Madhya Pradesh",India
CUST000292,"Nikhil Agarwal",FEMALE,2002-04-26,9158010092,nikhil_agarwal292@example.com,"217, Station Road",Hyderabad,Telangana,India
CUST000293,"Pooja Singh",male,1991-06-02,6379487916,pooja_singh293@example.com,"759, Park Street",Bhopal,"Madhya Pradesh",India
CUST000294,"Manish Patel",Male,1973-08-02,8023023553,manish_patel294@example.com,"240, Nehru Nagar",Indore,"Madhya Pradesh",India
CUST000295,"Nikhil Rathore",Unknown,null,6275382245,nikhil_rathore295@example.com,"347, Civil Lines",Hyderabad,Telangana,India
CUST000296,"Shreya Jain",male,1965-09-03,6235217440,shreya_jain296@example.com,"165, Civil Lines",Delhi,Delhi,India
CUST000297,"Deepak Bansal",FEMALE,1959-02-22,6054821515,deepak_bansal297@example.com,"721, MG Road",Mumbai,Maharashtra,India
CUST000298,"Riya Malhotra",Female,1952-04-02,7751104486,riya_malhotra298@example.com,"8, Civil Lines",Udaipur,Rajasthan,India
CUST000299,"Vikas Tiwari",Other,null,9898971078,vikas_tiwari299@example.com,"258, Station Road",Udaipur,Rajasthan,India
CUST000300,"Meena Kumar",Other,1993-08-08,6166321008,meena_kumar300@example.com,"771, Nehru Nagar",Bengaluru,Karnataka,India
CUST000301,"Rahul Patel",Female,1999-02-17,6952678048,rahul_patel301@example.com,"751, Civil Lines",Indore,"Madhya Pradesh",India
CUST000302,"Nikhil Rathore",Female,1976-06-03,9508636999,nikhil_rathore302@example.com,"197, Main Market",Kolkata,"West Bengal",India
CUST000303,"Arjun Tiwari",Unknown,1982-02-04,6468726656,arjun_tiwari303@example.com,"303, Main Market",Chandigarh,Chandigarh,India
CUST000304,"Simran Singh",Unknown,1989-11-13,6253223242,simran_singh304@example.com,"668, Nehru Nagar",Mumbai,Maharashtra,India
CUST000305,"Anjali Agarwal",FEMALE,1978-09-27,6419755266,anjali_agarwal305@example.com,"918, MG Road",Pune,Maharashtra,India
CUST000306,"Amit Gupta",Other,2004-03-22,6281627102,amit_gupta306@example.com,"81, Nehru Nagar",Chandigarh,Chandigarh,India
CUST000307,"Kavita Mehta",Female,1953-08-14,8245045733,kavita_mehta307@example.com,"522, Nehru Nagar",Bengaluru,Karnataka,India
CUST000308,"Vikas Choudhary",Unknown,1981-03-23,6111249583,vikas_choudhary308@example.com,"629, Main Market",Jaipur,Rajasthan,India
CUST000309,"Kavita Jain",male,1962-05-26,8376205576,kavita_jain309@example.com,"629, Civil Lines",Kota,Rajasthan,India
CUST000310,"Vivek Joshi",Male,2003-06-23,8862417357,vivek_joshi310@example.com,"953, Station Road",Lucknow,"Uttar Pradesh",India
CUST000311,"Pooja Choudhary",Male,1973-03-08,6789436416,pooja_choudhary311@example.com,"336, Park Street",Pune,Maharashtra,India
CUST000312,"Deepak Malhotra",Male,1965-12-18,8179875459,deepak_malhotra312@example.com,"642, Station Road",Kolkata,"West Bengal",India
CUST000313,"Ankit Rathore",FEMALE,1959-01-19,8893938582,ankit_rathore313@example.com,"92, Main Market",Lucknow,"Uttar Pradesh",India
CUST000314,"Vikas Kumar",male,1964-05-07,8238218713,vikas_kumar314@example.com,"946, Main Market",Kota,Rajasthan,India
CUST000315,"Amit Yadav",male,1951-07-01,6580689956,amit_yadav315@example.com,"73, Civil Lines",Udaipur,Rajasthan,India
CUST000316,"Riya Tiwari",FEMALE,1961-02-18,9593605533,riya_tiwari316@example.com,"486, Nehru Nagar",mumbai,Maharashtra,India
CUST000317,"Anjali Malhotra",Unknown,1997-06-01,8542197526,anjali_malhotra317@example.com,"928, Nehru Nagar",Surat,Gujarat,India
CUST000318,"Arjun Tiwari",Male,1991-11-08,7002439129,arjun_tiwari318@example.com,"326, Main Market",Mumbai,Maharashtra,India
CUST000319,"Rohit Rathore",Male,1992-03-24,7541745386,rohit_rathore319@example.com,"600, Nehru Nagar",Alwar,Rajasthan,India
CUST000320,"Karan Yadav",Unknown,2001-04-15,7074452036,karan_yadav320@example.com,"459, Nehru Nagar",Bhopal,"Madhya Pradesh",India
CUST000321,"Vikas Kumar",Unknown,2004-05-26,8798661850,vikas_kumar321@example.com,"394, Main Market",Udaipur,Rajasthan,India
CUST000322,"Rohit Malhotra",Unknown,2006-08-02,7411595265,rohit_malhotra322@example.com,"837, Civil Lines",Bhopal,"Madhya Pradesh",India
CUST000323,"Amit Patel",male,1986-01-13,8813605165,amit_patel323@example.com,"532, Park Street",Bhopal,"Madhya Pradesh",India
CUST000324,"Ankit Singh",Unknown,1990-01-26,7228293253,ankit_singh324@example.com,"73, Nehru Nagar",Lucknow,"Uttar Pradesh",India
CUST000325,"Sneha Patel",Other,2004-03-11,7918432613,sneha_patel325@example.com,"180, MG Road",Lucknow,"Uttar Pradesh",India
CUST000326,"Suresh Sharma",FEMALE,2005-05-18,8379103374,suresh_sharma326@example.com,"203, Civil Lines",Lucknow,"Uttar Pradesh",India
CUST000327,"Kavita Choudhary",Unknown,1980-12-24,8625119175,null,"196, MG Road",Bengaluru,Karnataka,India
CUST000328,"Manish Singh",male,1997-10-22,9736394720,manish_singh328@example.com,"444, Station Road",Hyderabad,Telangana,India
CUST000329,"Suresh Bansal",Unknown,1957-07-09,7888290698,suresh_bansal329@example.com,"208, Main Market",Udaipur,Rajasthan,India
CUST000330,"Vivek Joshi",Male,1981-03-24,9751315721,vivek_joshi330@example.com,"492, Park Street",Lucknow,"Uttar Pradesh",India
CUST000331,"Deepak Jain",FEMALE,1984-12-15,8845977346,deepak_jain331@example.com,"409, MG Road",Indore,"Madhya Pradesh",India
CUST000332,"Nikhil Mehta",Male,1951-08-17,8690789900,nikhil_mehta332@example.com,"836, Station Road",Chandigarh,Chandigarh,India
CUST000333,"Amit Verma",male,1990-09-09,6108834920,amit_verma333@example.com,"471, MG Road",Jaipur,Rajasthan,India
CUST000334,"Suresh Kumar",Male,1967-03-04,9273988978,suresh_kumar334@example.com,"478, MG Road",Surat,Gujarat,India
CUST000335,"Rohit Bansal",Female,1998-03-04,8318068111,rohit_bansal335@example.com,"802, Civil Lines",Udaipur,Rajasthan,India
CUST000336,"Pawan Agarwal",male,1968-01-08,9146578771,pawan_agarwal336@example.com,"723, Main Market",Udaipur,Rajasthan,India
CUST000337,"Priya Tiwari",Unknown,1984-05-15,8951765982,priya_tiwari337@example.com,"499, MG Road",Chennai,"Tamil Nadu",India
CUST000338,"Pawan Saini",Unknown,1984-11-08,9829604933,pawan_saini338@example.com,"372, Park Street",Pune,Maharashtra,India
CUST000339,"Rohit Tiwari",male,1956-06-27,6040660526,rohit_tiwari339@example.com,"451, Civil Lines",Kolkata,"West Bengal",India
CUST000340,"Pooja Mehta",Unknown,1997-06-11,8849269485,pooja_mehta340@example.com,"885, MG Road",Chennai,"Tamil Nadu",India
CUST000341,"Vivek Malhotra",Unknown,1978-01-27,8808970873,vivek_malhotra341@example.com,"644, Civil Lines",Kota,Rajasthan,India
CUST000342,"Pawan Mishra",Male,1989-05-05,7011600416,pawan_mishra342@example.com,"287, MG Road",Jaipur,Rajasthan,India
CUST000343,"Priya Kumar",Female,1983-02-06,8270953030,priya_kumar343@example.com,"973, Park Street",Jodhpur,Unknown,India
CUST000344,"Priya Rathore",Unknown,1950-07-09,9349070910,priya_rathore344@example.com,"634, Park Street",Udaipur,Rajasthan,India
CUST000345,"Pawan Singh",FEMALE,2002-09-25,8670455377,pawan_singh345@example.com,"119, MG Road",Pune,Maharashtra,India
CUST000346,"Rahul Saini",male,1975-09-24,6213013443,rahul_saini346@example.com,"320, MG Road",Surat,Gujarat,India
CUST000347,"Arjun Malhotra",Other,2005-04-11,9637699121,arjun_malhotra347@example.com,"446, Park Street",Lucknow,"Uttar Pradesh",India
CUST000348,"Karan Sharma",FEMALE,1996-03-10,6472240684,karan_sharma348@example.com,"114, Civil Lines",Surat,Gujarat,India
CUST000349,"Pooja Mehta",male,2002-12-15,6969344536,pooja_mehta349@example.com,"137, Main Market",Surat,Gujarat,India
CUST000350,"Kavita Gupta",Unknown,2004-06-16,7973202969,kavita_gupta350@example.com,"372, Park Street",Alwar,Rajasthan,India
CUST000351,"Priya Patel",FEMALE,1951-08-05,8992500514,priya_patel351@example.com,"341, Main Market",Alwar,Rajasthan,India
CUST000352,"Karan Singh",FEMALE,1961-06-04,7448593488,karan_singh352@example.com,"817, Civil Lines",Jodhpur,Rajasthan,India
CUST000353,"Karan Joshi",Male,2006-06-09,6800826078,karan_joshi353@example.com,"195, Main Market",Bhopal,"Madhya Pradesh",India
CUST000354,"Arjun Patel",Female,1983-07-20,6661092751,arjun_patel354@example.com,"552, Park Street",Delhi,Delhi,India
CUST000355,"Ankit Agarwal",Female,1994-01-08,8501700739,invalid-email,"670, Park Street",Bhopal,"Madhya Pradesh",India
CUST000356,"Meena Saini",male,1977-07-02,8845146552,meena_saini356@example.com,"225, Park Street",Chennai,"Tamil Nadu",India
CUST000357,"Meena Singh",FEMALE,1998-07-27,9855436827,meena_singh357@example.com,"7, Station Road",Lucknow,"Uttar Pradesh",India
CUST000358,"Simran Verma",Female,1998-03-09,6201152214,simran_verma358@example.com,"548, Main Market",Delhi,Delhi,India
CUST000359,"Meena Sharma",male,1980-10-20,6342163889,meena_sharma359@example.com,"610, MG Road",Lucknow,"Uttar Pradesh",India
CUST000360,"Neha Sharma",Female,2002-06-25,7649749035,neha_sharma360@example.com,"769, Nehru Nagar",Bengaluru,Karnataka,India
CUST000361,"Amit Mehta",Unknown,1975-03-21,7049399448,amit_mehta361@example.com,"83, Station Road",Chandigarh,Chandigarh,India
CUST000362,"Sneha Yadav",male,1991-08-27,6142509857,sneha_yadav362@example.com,"271, Park Street",Bhopal,"Madhya Pradesh",India
CUST000363,"Riya Yadav",Unknown,1950-10-20,8209634894,riya_yadav363@example.com,"92, Park Street",Indore,"Madhya Pradesh",India
CUST000364,"Pawan Sharma",Male,1972-04-11,8680868595,pawan_sharma364@example.com,"420, Station Road",Jodhpur,Rajasthan,India
CUST000365,"Komal Patel",Unknown,1998-06-19,8174971595,komal_patel365@example.com,"430, Park Street",Indore,"Madhya Pradesh",India
CUST000366,"Nikhil Sharma",FEMALE,1983-11-12,9403023305,nikhil_sharma366@example.com,"226, Civil Lines",Hyderabad,Telangana,India
CUST000367,"Vivek Rathore",Female,1978-06-03,6871058239,vivek_rathore367@example.com,"184, Park Street",Bengaluru,Karnataka,India
CUST000368,"Amit Yadav",Male,2001-04-02,8052477485,amit_yadav368@example.com,"816, Nehru Nagar",Pune,Maharashtra,India
CUST000369,"Rohit Joshi",Unknown,1952-10-19,6408825660,rohit_joshi369@example.com,"516, Nehru Nagar",Udaipur,Rajasthan,India
CUST000370,"Pooja Gupta",Female,2005-08-14,9104487671,pooja_gupta370@example.com,"230, MG Road",Bhopal,"Madhya Pradesh",India
CUST000371,"Arjun Singh",Female,2001-04-25,6624113279,arjun_singh371@example.com,"315, Station Road",Surat,Gujarat,India
CUST000372,"Rahul Gupta",Unknown,1960-09-28,8812559710,rahul_gupta372@example.com,"796, MG Road",Pune,Maharashtra,India
CUST000373,"Manish Mehta",Other,1987-10-06,null,manish_mehta373@example.com,"469, Civil Lines",Indore,"Madhya Pradesh",India
CUST000374,"Rahul Jain",Male,2000-06-24,6257072760,rahul_jain374@example.com,"191, Station Road",Hyderabad,Telangana,India
CUST000375,"Komal Sharma",Unknown,1961-12-21,9749373786,komal_sharma375@example.com,"982, Main Market",Jaipur,Rajasthan,India
CUST000376,"Manish Kumar",Unknown,1977-03-10,9475779592,manish_kumar376@example.com,"224, Civil Lines",Hyderabad,Telangana,India
CUST000377,"Ankit Verma",male,2000-08-05,9593542180,ankit_verma377@example.com,"542, Main Market",Ahmedabad,Gujarat,India
CUST000378,"Kavita Saini",Male,1996-10-06,7273966372,kavita_saini378@example.com,"347, Civil Lines",Hyderabad,Telangana,India
CUST000379,"Sneha Gupta",male,1963-08-28,6055565157,sneha_gupta379@example.com,"655, Station Road",Mumbai,Maharashtra,India
CUST000380,"Simran Singh",Unknown,1981-08-21,6007628001,simran_singh380@example.com,"41, MG Road",Jaipur,Rajasthan,India
CUST000381,"Sneha Mehta",Other,1959-08-18,6270738012,sneha_mehta381@example.com,"422, Civil Lines",Bengaluru,Karnataka,India
CUST000382,"Riya Saini",Unknown,1977-01-13,6021739134,riya_saini382@example.com,"581, MG Road",Chennai,"Tamil Nadu",India
CUST000383,"Deepak Singh",Other,2004-02-14,9983266122,deepak_singh383@example.com,"641, Main Market",Ahmedabad,Gujarat,India
CUST000384,"Arjun Verma",Male,1969-02-18,6172477850,arjun_verma384@example.com,"713, MG Road",Delhi,Delhi,India
CUST000385,"Amit Patel",Unknown,1979-10-19,7502111240,amit_patel385@example.com,"664, Civil Lines",Kolkata,"West Bengal",India
CUST000386,"Neha Malhotra",Unknown,1968-10-13,7038042817,neha_malhotra386@example.com,"898, Park Street",Kota,Rajasthan,India
CUST000387,"Karan Yadav",Unknown,1988-09-08,7998128981,karan_yadav387@example.com,"561, MG Road",Bhopal,"Madhya Pradesh",India
CUST000388,"Pooja Saini",Male,1977-03-09,8812793354,pooja_saini388@example.com,"582, Station Road",Indore,"Madhya Pradesh",India
CUST000389,"Manish Sharma",Other,1974-12-09,9347274531,manish_sharma389@example.com,"138, Station Road",Udaipur,Rajasthan,India
CUST000390,"Priya Saini",male,1968-04-13,9823471083,priya_saini390@example.com,"508, Park Street",Hyderabad,Telangana,India
CUST000391,"Shreya Bansal",male,1992-11-09,6932510742,shreya_bansal391@example.com,"549, Station Road",Udaipur,Rajasthan,India
CUST000392,"Deepak Malhotra",male,1998-01-21,7812152213,deepak_malhotra392@example.com,"461, MG Road",Kota,Rajasthan,India
CUST000393,"Arjun Verma",Unknown,1970-06-02,6585702654,arjun_verma393@example.com,"341, Main Market",Pune,Maharashtra,India
CUST000394,"Rahul Agarwal",Other,1992-09-04,8041432669,rahul_agarwal394@example.com,"256, Main Market",Ahmedabad,Unknown,India
CUST000395,"Simran Choudhary",Female,2003-11-28,8273712577,simran_choudhary395@example.com,"893, Nehru Nagar",Chennai,"Tamil Nadu",India
CUST000396,"Arjun Gupta",male,1975-08-09,7045550435,arjun_gupta396@example.com,"526, Nehru Nagar",Chennai,"Tamil Nadu",India
CUST000397,"Ankit Mehta",Other,1965-10-08,6127363869,ankit_mehta397@example.com,"620, Main Market",Chennai,"Tamil Nadu",India
CUST000398,"Riya Verma",Unknown,1986-09-11,7248825216,riya_verma398@example.com,"521, Main Market",Mumbai,Maharashtra,India
CUST000399,"Rohit Yadav",FEMALE,1966-07-01,6912928585,rohit_yadav399@example.com,"141, Park Street",Jodhpur,Rajasthan,India
CUST000400,"Ankit Verma",FEMALE,1997-10-03,9051880425,ankit_verma400@example.com,"516, Park Street",Kolkata,"West Bengal",India
CUST000401,"Simran Yadav",Other,1960-12-14,7891482629,simran_yadav401@example.com,"413, Park Street",Indore,"Madhya Pradesh",India
CUST000402,"Meena Kumar",male,1985-02-23,6839285462,meena_kumar402@example.com,"288, Civil Lines",Kolkata,"West Bengal",India
CUST000403,"Pawan Choudhary",Female,1997-12-19,6138879984,pawan_choudhary403@example.com,"628, Station Road",Kota,Rajasthan,India
CUST000404,"Karan Mehta",Unknown,null,8979401144,karan_mehta404@example.com,"357, Main Market",Jaipur,Rajasthan,India
CUST000405,"Neha Malhotra",Unknown,1991-01-16,8986842874,neha_malhotra405@example.com,"645, Park Street",Chandigarh,Chandigarh,India
CUST000406,"Arjun Sharma",Unknown,1992-05-14,6206659794,arjun_sharma406@example.com,"81, Civil Lines",Ahmedabad,Gujarat,India
CUST000407,"Anjali Mishra",Male,1980-02-26,6615304941,anjali_mishra407@example.com,"68, Civil Lines",Bhopal,"Madhya Pradesh",India
CUST000408,"Kavita Mehta",Unknown,1962-11-18,6661852946,kavita_mehta408@example.com,"799, Park Street",Delhi,Delhi,India
CUST000409,"Arjun Malhotra",Unknown,1967-09-22,9266340862,arjun_malhotra409@example.com,Unknown,Alwar,Rajasthan,India
CUST000410,"Karan Mehta",Unknown,1950-04-20,8361833586,karan_mehta410@example.com,"183, Nehru Nagar",Ahmedabad,Gujarat,India
CUST000411,"Arjun Yadav",FEMALE,1998-12-20,9973985445,arjun_yadav411@example.com,"781, Civil Lines",Lucknow,"Uttar Pradesh",India
CUST000412,"Vivek Jain",male,1995-05-08,8590699134,vivek_jain412@example.com,"691, Park Street",Bengaluru,Karnataka,India
CUST000413,"Manish Choudhary",Female,1956-02-25,8354303467,manish_choudhary413@example.com,"956, MG Road",Bhopal,"Madhya Pradesh",India
CUST000414,"Neha Patel",Other,1981-04-18,9407508081,neha_patel414@example.com,"74, Park Street",Jodhpur,Rajasthan,India
CUST000415,"Shreya Saini",Unknown,1974-10-04,6986672358,shreya_saini415@example.com,"424, Nehru Nagar",Jaipur,Rajasthan,India
CUST000416,"Komal Saini",Female,1990-03-17,8693302562,komal_saini416@example.com,"170, Main Market",Kota,Rajasthan,India
CUST000417,"Nikhil Sharma",Other,1989-05-25,7945737383,nikhil_sharma417@example.com,"348, Nehru Nagar",Mumbai,Maharashtra,India
CUST000418,"Riya Verma",Unknown,2006-08-12,9769966914,riya_verma418@example.com,Unknown,Bhopal,"Madhya Pradesh",India
CUST000419,"Anjali Verma",FEMALE,null,8514018947,anjali_verma419@example.com,"809, Civil Lines",Lucknow,"Uttar Pradesh",India
CUST000420,"Suresh Joshi",Unknown,1996-01-02,9031328436,suresh_joshi420@example.com,"264, Nehru Nagar",Kota,Rajasthan,India
CUST000421,"Komal Kumar",Unknown,1988-09-04,7450659741,komal_kumar421@example.com,"302, Station Road",Ahmedabad,Gujarat,India
CUST000422,"Rohit Choudhary",Unknown,1978-08-06,6449639887,rohit_choudhary422@example.com,"704, Park Street",Lucknow,"Uttar Pradesh",India
CUST000423,"Simran Choudhary",Unknown,1956-05-05,8770030933,simran_choudhary423@example.com,"574, Station Road",surat,Gujarat,India
CUST000424,"Amit Patel",Male,1970-02-11,8495907981,amit_patel424@example.com,"946, Civil Lines",Chennai,"Tamil Nadu",India
CUST000425,"Komal Sharma",Other,1962-02-12,null,komal_sharma425@example.com,"374, Nehru Nagar",Chennai,"Tamil Nadu",India
CUST000426,"Anjali Malhotra",Unknown,1967-01-28,9401307321,anjali_malhotra426@example.com,"908, Park Street",Mumbai,Maharashtra,India
CUST000427,"Ankit Mehta",Female,1961-11-20,8180358055,ankit_mehta427@example.com,"413, Nehru Nagar",Indore,"Madhya Pradesh",India
CUST000428,"Deepak Mishra",male,1999-05-07,9482615182,deepak_mishra428@example.com,"10, Main Market",Bengaluru,Karnataka,India
CUST000429,"Karan Verma",Male,1985-05-02,6431494996,karan_verma429@example.com,"231, Park Street",Kota,Rajasthan,India
CUST000430,"Karan Verma",Female,2001-03-24,7858713505,karan_verma430@example.com,"916, Main Market",Bengaluru,Karnataka,India
CUST000431,"Amit Choudhary",Unknown,2004-12-10,8255818376,amit_choudhary431@example.com,"639, Nehru Nagar",Alwar,Rajasthan,India
CUST000432,"Meena Tiwari",Male,1985-09-22,7725204402,null,"341, Nehru Nagar",Bhopal,"Madhya Pradesh",India
CUST000433,"Rahul Mishra",Other,1991-10-12,9506404827,rahul_mishra433@example.com,"621, Civil Lines",Ahmedabad,Gujarat,India
CUST000434,"Manish Singh",Female,1965-04-06,6776091576,manish_singh434@example.com,"89, Nehru Nagar",Lucknow,"Uttar Pradesh",India
CUST000435,"Arjun Malhotra",Male,2002-11-26,7009770147,arjun_malhotra435@example.com,"690, Civil Lines",Bhopal,"Madhya Pradesh",India
CUST000436,"Anjali Patel",Unknown,1988-06-16,7917949278,anjali_patel436@example.com,"453, Nehru Nagar",Alwar,Rajasthan,India
CUST000437,"Amit Mishra",Female,2004-08-07,6764556599,amit_mishra437@example.com,"781, Park Street",Jodhpur,Rajasthan,India
CUST000438,"Sneha Verma",Unknown,1986-05-21,7293297794,sneha_verma438@example.com,"686, Civil Lines",Kolkata,"West Bengal",India
CUST000439,"Rahul Joshi",Other,2005-03-11,6380544915,invalid-email,"26, Civil Lines",Indore,"Madhya Pradesh",India
CUST000440,"Anjali Kumar",Unknown,1988-09-06,6038519536,anjali_kumar440@example.com,"558, Nehru Nagar",Hyderabad,Telangana,India
CUST000441,"Komal Joshi",Unknown,1961-02-22,6972322597,komal_joshi441@example.com,"787, MG Road",jaipur,Rajasthan,India
CUST000442,"Simran Tiwari",Male,1959-04-09,7310672185,simran_tiwari442@example.com,"339, Nehru Nagar",Kota,Rajasthan,India
CUST000443,"Karan Mishra",male,1985-10-13,12345,karan_mishra443@example.com,"25, Main Market",Ahmedabad,Gujarat,India
CUST000444,"Kavita Rathore",FEMALE,1964-07-09,9572030035,kavita_rathore444@example.com,"719, Park Street",Chandigarh,Chandigarh,India
CUST000445,"Rohit Mehta",Male,1953-08-15,7074222488,rohit_mehta445@example.com,"19, MG Road",Mumbai,Maharashtra,India
CUST000446,"Amit Rathore",Male,1996-02-20,9179283459,amit_rathore446@example.com,"242, Station Road",Hyderabad,Telangana,India
CUST000447,"Deepak Tiwari",male,1960-09-01,8294937458,deepak_tiwari447@example.com,"70, MG Road",Jaipur,Rajasthan,India
CUST000448,"Vivek Sharma",Other,null,9786319004,vivek_sharma448@example.com,"642, Civil Lines",Jaipur,Rajasthan,India
CUST000449,"Pooja Patel",Male,null,6078665914,pooja_patel449@example.com,"402, Nehru Nagar",Pune,Maharashtra,India
CUST000450,"Vivek Choudhary",FEMALE,1979-03-20,8145545271,vivek_choudhary450@example.com,"827, Nehru Nagar",Pune,Maharashtra,India
CUST000451,"Pooja Choudhary",male,1991-06-26,9777886558,pooja_choudhary451@example.com,"427, MG Road",Chennai,"Tamil Nadu",India
CUST000452,"Deepak Malhotra",Unknown,1979-10-19,6231801726,deepak_malhotra452@example.com,"985, Nehru Nagar",Alwar,Rajasthan,India
CUST000453,"Pawan Mehta",FEMALE,1995-06-09,6251018422,pawan_mehta453@example.com,"865, Station Road",Jodhpur,Rajasthan,India
CUST000454,"Sneha Jain",FEMALE,1957-06-20,6042303208,sneha_jain454@example.com,"712, Main Market",Kolkata,"West Bengal",India
CUST000455,"Rohit Yadav",Other,2001-05-02,6807860268,rohit_yadav455@example.com,"323, Station Road",Bengaluru,Karnataka,India
CUST000456,"Simran Mehta",Male,1995-02-11,6171668058,simran_mehta456@example.com,"467, MG Road",Bengaluru,Karnataka,India
CUST000457,"Riya Yadav",Female,1976-02-06,7137539378,riya_yadav457@example.com,"571, Park Street",Hyderabad,Telangana,India
CUST000458,"Rahul Malhotra",Unknown,1992-05-19,6742613400,rahul_malhotra458@example.com,"308, Nehru Nagar",Kota,Rajasthan,India
CUST000459,"Karan Singh",Other,1986-11-28,9585184110,karan_singh459@example.com,"492, Nehru Nagar",Hyderabad,Telangana,India
CUST000460,"Manish Rathore",Male,1989-04-21,9432865629,manish_rathore460@example.com,"393, MG Road",Bhopal,"Madhya Pradesh",India
CUST000461,"Pawan Patel",Unknown,1994-08-28,7368510982,pawan_patel461@example.com,"651, Civil Lines",Pune,Maharashtra,India
CUST000462,"Vivek Rathore",Other,1956-08-10,7158366425,null,"569, Park Street",Alwar,Rajasthan,India
CUST000463,"Vikas Mehta",Other,1996-05-20,6658563900,vikas_mehta463@example.com,"460, Main Market",Kolkata,"West Bengal",India
CUST000464,"Karan Choudhary",Female,1989-05-19,7958189042,karan_choudhary464@example.com,"203, Park Street",Bengaluru,Karnataka,India
CUST000465,"Vikas Saini",Unknown,2000-06-26,9731706413,vikas_saini465@example.com,"24, Nehru Nagar",Udaipur,Rajasthan,India
CUST000466,"Deepak Choudhary",male,1966-01-16,6168008560,deepak_choudhary466@example.com,"649, Park Street",Jodhpur,Rajasthan,India
CUST000467,"Nikhil Sharma",Female,1970-03-09,9892752261,nikhil_sharma467@example.com,"264, Park Street",Surat,Gujarat,India
CUST000468,"Riya Bansal",Male,1956-03-28,7823316821,riya_bansal468@example.com,"416, Civil Lines",Bhopal,"Madhya Pradesh",India
CUST000469,"Nikhil Gupta",Unknown,1978-01-02,8541794099,nikhil_gupta469@example.com,"174, Nehru Nagar",Bengaluru,Karnataka,India
CUST000470,"Meena Verma",Male,1987-10-01,9439302112,meena_verma470@example.com,"434, Civil Lines",Ahmedabad,Gujarat,India
CUST000471,"Shreya Mehta",male,1999-12-04,7751576908,shreya_mehta471@example.com,"985, Civil Lines",Indore,"Madhya Pradesh",India
CUST000472,"Meena Mishra",Unknown,1996-08-15,8001554442,meena_mishra472@example.com,"947, Station Road",Udaipur,Rajasthan,India
CUST000473,"Anjali Patel",Female,1975-11-20,6345890249,anjali_patel473@example.com,"810, MG Road",Mumbai,Maharashtra,India
CUST000474,"Anjali Choudhary",Unknown,1998-12-17,6774582042,anjali_choudhary474@example.com,"525, Park Street",Pune,Maharashtra,India
CUST000475,"Amit Tiwari",Unknown,1989-12-21,9700920683,amit_tiwari475@example.com,"693, MG Road",Surat,Gujarat,India
CUST000476,"Neha Tiwari",Other,1978-04-27,9783085911,neha_tiwari476@example.com,"131, Station Road",Kota,Rajasthan,India
CUST000477,"Anjali Gupta",FEMALE,1978-05-22,7371785792,anjali_gupta477@example.com,"727, Park Street",Hyderabad,Telangana,India
CUST000478,"Vikas Verma",Unknown,1967-06-01,7937520299,vikas_verma478@example.com,"148, Main Market",Jaipur,Rajasthan,India
CUST000479,"Pawan Singh",Male,2003-02-01,8284859451,pawan_singh479@example.com,"932, Park Street",Bhopal,"Madhya Pradesh",India
CUST000480,"Meena Agarwal",Unknown,1991-05-08,6802216993,meena_agarwal480@example.com,"515, Park Street",Jodhpur,Rajasthan,India
CUST000481,"Manish Kumar",Male,1982-06-18,8255425443,manish_kumar481@example.com,"442, Main Market",Mumbai,Maharashtra,India
CUST000482,"Neha Choudhary",Female,1968-01-13,9646697328,neha_choudhary482@example.com,"132, MG Road",Alwar,Rajasthan,India
CUST000483,"Arjun Gupta",FEMALE,1972-10-03,6659635623,arjun_gupta483@example.com,Unknown,Ahmedabad,Gujarat,India
CUST000484,"Sneha Gupta",Male,2000-07-25,8549764319,sneha_gupta484@example.com,"785, MG Road",Kota,Rajasthan,India
CUST000485,"Anjali Rathore",Unknown,1962-06-20,7102131475,anjali_rathore485@example.com,"656, MG Road",Chandigarh,Chandigarh,India
CUST000486,"Kavita Agarwal",Female,1987-09-19,7843108079,kavita_agarwal486@example.com,"481, Civil Lines",Hyderabad,Telangana,India
CUST000487,"Kavita Jain",Female,1999-05-01,8644342882,kavita_jain487@example.com,Unknown,Lucknow,"Uttar Pradesh",India
CUST000488,"Neha Jain",Unknown,1954-12-23,8404407179,neha_jain488@example.com,"721, Station Road",Alwar,Rajasthan,India
CUST000489,"Vikas Jain",Male,2002-08-11,7542106750,vikas_jain489@example.com,"336, Station Road",Alwar,Rajasthan,India
CUST000490,"Pawan Bansal",Other,1980-03-25,6990927401,pawan_bansal490@example.com,"443, Civil Lines",Bhopal,"Madhya Pradesh",India
CUST000491,"Meena Mishra",Unknown,2004-03-17,9986136662,meena_mishra491@example.com,"355, Civil Lines",Jodhpur,Rajasthan,India
CUST000492,"Amit Singh",Other,1973-05-16,8077924684,amit_singh492@example.com,"70, MG Road",Surat,Gujarat,India
CUST000493,"Shreya Tiwari",FEMALE,1995-02-21,9873719978,shreya_tiwari493@example.com,"866, Station Road",Jaipur,Rajasthan,India
CUST000494,"Suresh Rathore",Other,1977-02-18,6775268630,suresh_rathore494@example.com,"313, Park Street",Ahmedabad,Gujarat,India
CUST000495,"Karan Saini",Unknown,1978-02-03,7303179794,karan_saini495@example.com,"287, Station Road",Hyderabad,Telangana,India
CUST000496,"Vivek Bansal",Unknown,1981-12-28,8983085162,vivek_bansal496@example.com,"956, Main Market",Delhi,Delhi,India
CUST000497,"Amit Patel",FEMALE,1964-06-14,6938769222,amit_patel497@example.com,"924, Main Market",Lucknow,"Uttar Pradesh",India
CUST000498,"Sneha Tiwari",Female,2005-06-26,7326032511,sneha_tiwari498@example.com,"872, MG Road",Mumbai,Maharashtra,India
CUST000499,"Meena Malhotra",Unknown,2005-08-07,9353715620,meena_malhotra499@example.com,"259, Station Road",Chandigarh,Chandigarh,India
CUST000500,"Pooja Yadav",male,1950-03-15,6459577151,pooja_yadav500@example.com,"835, Main Market",Udaipur,Rajasthan,India
CUST000501,"Neha Saini",male,1950-08-19,9890620282,neha_saini501@example.com,"987, Civil Lines",Jaipur,Rajasthan,India
CUST000502,"Riya Mishra",Other,1965-05-22,8821559476,riya_mishra502@example.com,"49, Park Street",Kota,Rajasthan,India
CUST000503,"Shreya Malhotra",Male,1969-03-06,9829449449,shreya_malhotra503@example.com,"265, Park Street",Delhi,Delhi,India
CUST000504,"Neha Patel",Unknown,1987-07-26,9443486870,neha_patel504@example.com,"366, Station Road",Jodhpur,Rajasthan,India
CUST000505,"Ankit Malhotra",male,null,7934694895,ankit_malhotra505@example.com,"740, Nehru Nagar",Jaipur,Rajasthan,India
CUST000506,"Pooja Agarwal",Other,1955-02-11,6578272804,pooja_agarwal506@example.com,"672, Main Market",Bhopal,"Madhya Pradesh",India
CUST000507,"Vikas Rathore",male,1987-06-02,8413141321,vikas_rathore507@example.com,"625, Main Market",Surat,Gujarat,India
CUST000508,"Karan Bansal",FEMALE,1975-05-04,6989843713,karan_bansal508@example.com,"158, Nehru Nagar",Bhopal,"Madhya Pradesh",India
CUST000509,"Nikhil Singh",FEMALE,1979-06-15,7711204445,nikhil_singh509@example.com,"487, MG Road",Jodhpur,Rajasthan,India
CUST000510,"Amit Singh",Other,2004-11-26,8131046832,amit_singh510@example.com,"523, Station Road",Kota,Rajasthan,India
CUST000511,"Vivek Patel",Male,1987-12-19,7845670233,vivek_patel511@example.com,"498, Main Market",Kolkata,"West Bengal",India
CUST000512,"Manish Agarwal",Female,1970-05-03,7456208591,manish_agarwal512@example.com,"279, Station Road",Udaipur,Rajasthan,India
CUST000513,"Meena Patel",Female,1971-11-21,7955533159,meena_patel513@example.com,"880, Main Market",Mumbai,Maharashtra,India
CUST000514,"Manish Mishra",Female,2006-10-11,9309172640,manish_mishra514@example.com,"837, MG Road",Bhopal,"Madhya Pradesh",India
CUST000515,"Amit Patel",Male,2004-03-06,8389201614,amit_patel515@example.com,"671, MG Road",Bengaluru,Karnataka,India
CUST000516,"Meena Joshi",Unknown,1964-10-16,7881791590,meena_joshi516@example.com,"792, Park Street",Lucknow,"Uttar Pradesh",India
CUST000517,"Riya Jain",Female,1951-06-27,7773552079,riya_jain517@example.com,"682, MG Road",Delhi,Delhi,India
CUST000518,"Ankit Bansal",Male,1957-12-01,9033502812,ankit_bansal518@example.com,"299, Main Market",Pune,Maharashtra,India
CUST000519,"Simran Mishra",FEMALE,1961-07-07,8052783418,invalid-email,"711, Civil Lines",Udaipur,Rajasthan,India
CUST000520,"Deepak Jain",Female,1973-04-27,8832502894,deepak_jain520@example.com,"564, Civil Lines",Hyderabad,Telangana,India
CUST000521,"Simran Singh",Male,1957-05-18,7956918271,simran_singh521@example.com,Unknown,Hyderabad,Telangana,India
CUST000522,"Rohit Kumar",Female,null,7571699198,rohit_kumar522@example.com,"353, Park Street",Kolkata,"West Bengal",India
CUST000523,"Deepak Tiwari",male,1998-05-25,6981105822,deepak_tiwari523@example.com,"914, Station Road",Bhopal,"Madhya Pradesh",India
CUST000524,"Pawan Patel",Male,1982-11-23,7851346829,pawan_patel524@example.com,"508, Station Road",Indore,"Madhya Pradesh",India
CUST000525,"Kavita Agarwal",Female,1971-03-28,8602941325,kavita_agarwal525@example.com,"312, MG Road",Mumbai,Maharashtra,India
CUST000526,"Simran Singh",Female,1970-04-02,7325248681,simran_singh526@example.com,"837, Station Road",Kota,Rajasthan,India
CUST000527,"Amit Malhotra",Other,1952-04-14,8535604216,amit_malhotra527@example.com,"840, Main Market",Delhi,Delhi,India
CUST000528,"Pawan Kumar",Unknown,1985-11-15,9644127698,pawan_kumar528@example.com,"691, Station Road",Jodhpur,Rajasthan,India
CUST000529,"Ankit Rathore",Unknown,1987-10-17,8531058774,ankit_rathore529@example.com,"7, Main Market",Ahmedabad,Gujarat,India
CUST000530,"Pooja Singh",Male,1999-03-27,9811092907,pooja_singh530@example.com,"238, Main Market",Chandigarh,Chandigarh,India
CUST000531,"Riya Gupta",male,2001-12-21,9788418980,riya_gupta531@example.com,Unknown,Udaipur,Rajasthan,India
CUST000532,"Suresh Agarwal",Unknown,1959-06-13,8323235486,suresh_agarwal532@example.com,"105, Civil Lines",Pune,Maharashtra,India
CUST000533,"Anjali Verma",Unknown,1987-09-09,7626781730,anjali_verma533@example.com,"445, Main Market",Jodhpur,Rajasthan,India
CUST000534,"Pooja Mehta",Other,1954-09-24,6416897418,pooja_mehta534@example.com,"616, Station Road",Lucknow,"Uttar Pradesh",India
CUST000535,"Deepak Rathore",Unknown,1963-06-01,7946820605,deepak_rathore535@example.com,"577, Civil Lines",Bengaluru,Karnataka,India
CUST000536,"Rohit Jain",FEMALE,null,9367456794,rohit_jain536@example.com,"142, Nehru Nagar",Alwar,Rajasthan,India
CUST000537,"Komal Joshi",Other,1962-09-13,9249721614,komal_joshi537@example.com,"538, Park Street",Kolkata,"West Bengal",India
CUST000538,"Riya Verma",Male,1986-11-10,6027784541,riya_verma538@example.com,"988, Civil Lines",Chandigarh,Chandigarh,India
CUST000539,"Shreya Kumar",FEMALE,1995-02-27,7816113924,shreya_kumar539@example.com,"589, Civil Lines",Indore,"Madhya Pradesh",India
CUST000540,"Manish Malhotra",Unknown,1958-06-02,9744588864,manish_malhotra540@example.com,"695, Park Street",Kota,Rajasthan,India
CUST000541,"Deepak Yadav",Unknown,1988-07-08,8590424951,deepak_yadav541@example.com,"164, MG Road",Delhi,Delhi,India
CUST000542,"Rohit Mehta",Unknown,1971-03-22,8829876724,rohit_mehta542@example.com,"418, Station Road",Mumbai,Maharashtra,India
CUST000543,"Meena Malhotra",Female,1982-05-19,9696145477,meena_malhotra543@example.com,"825, Nehru Nagar",Kota,Rajasthan,India
CUST000544,"Kavita Singh",Unknown,1994-07-08,8951476687,kavita_singh544@example.com,"780, Station Road",Ahmedabad,Gujarat,India
CUST000545,"Kavita Saini",Male,2004-08-06,6516329830,kavita_saini545@example.com,"768, Park Street",Chennai,"Tamil Nadu",India
CUST000546,"Suresh Gupta",Male,2000-09-17,9274863017,suresh_gupta546@example.com,"128, MG Road",Pune,Maharashtra,India
CUST000547,"Manish Jain",Unknown,1953-02-28,8277085713,manish_jain547@example.com,"647, MG Road",Surat,Gujarat,India
CUST000548,"Komal Gupta",male,1987-02-13,7153008662,komal_gupta548@example.com,"890, Nehru Nagar",Delhi,Delhi,India
CUST000549,"Amit Patel",male,1957-02-23,8595765256,amit_patel549@example.com,"705, Main Market",Mumbai,Maharashtra,India
CUST000550,"Meena Sharma",Unknown,2005-01-15,6923417017,meena_sharma550@example.com,"820, Civil Lines",Indore,"Madhya Pradesh",India
CUST000551,"Ankit Patel",Unknown,1973-08-13,6885683720,ankit_patel551@example.com,"185, Park Street",Jaipur,Rajasthan,India
CUST000552,"Simran Bansal",Unknown,1954-03-01,8226761824,simran_bansal552@example.com,"435, Park Street",Bengaluru,Karnataka,India
CUST000553,"Riya Choudhary",FEMALE,1950-03-13,null,riya_choudhary553@example.com,"348, Station Road",Jodhpur,Rajasthan,India
CUST000554,"Manish Bansal",Other,1970-01-13,7116915744,invalid-email,"536, Civil Lines",Hyderabad,Telangana,India
CUST000555,"Priya Agarwal",Other,1999-02-15,9072075279,null,"704, Nehru Nagar",Mumbai,Maharashtra,India
CUST000556,"Rohit Choudhary",FEMALE,1982-08-10,9951520173,rohit_choudhary556@example.com,"914, Park Street",Chennai,"Tamil Nadu",India
CUST000557,"Ankit Choudhary",Unknown,1985-06-27,9883284439,ankit_choudhary557@example.com,"144, Main Market",Jodhpur,Rajasthan,India
CUST000558,"Rohit Yadav",Male,1968-08-02,6771325180,rohit_yadav558@example.com,"528, Nehru Nagar",Ahmedabad,Gujarat,India
CUST000559,"Suresh Singh",male,2005-09-05,9151372468,suresh_singh559@example.com,"857, MG Road",Bengaluru,Karnataka,India
CUST000560,"Pooja Mehta",Unknown,1980-04-23,7238485088,pooja_mehta560@example.com,"278, Civil Lines",Chennai,"Tamil Nadu",India
CUST000561,"Karan Mehta",Unknown,1960-05-05,8479104788,karan_mehta561@example.com,"105, Main Market",Jaipur,Rajasthan,India
CUST000562,"Deepak Bansal",Unknown,1960-08-18,9757004425,deepak_bansal562@example.com,"938, Station Road",Surat,Gujarat,India
CUST000563,"Manish Verma",male,1987-02-06,9385814296,manish_verma563@example.com,"659, Main Market",Mumbai,Maharashtra,India
CUST000564,"Shreya Mehta",Male,2004-01-04,6146711553,shreya_mehta564@example.com,"363, Nehru Nagar",Delhi,Delhi,India
CUST000565,"Karan Mehta",Male,1978-08-23,9098778935,karan_mehta565@example.com,"694, Park Street",Surat,Gujarat,India
CUST000566,"Amit Mishra",FEMALE,1974-01-28,6051483047,amit_mishra566@example.com,"820, Main Market",Delhi,Delhi,India
CUST000567,"Sneha Rathore",Male,1993-09-06,8797728609,sneha_rathore567@example.com,"472, MG Road",Chennai,"Tamil Nadu",India
CUST000568,"Neha Verma",Female,1952-05-15,9812428197,neha_verma568@example.com,"393, MG Road",Bhopal,"Madhya Pradesh",India
CUST000569,"Sneha Yadav",Other,1960-03-17,6280863058,sneha_yadav569@example.com,"467, Park Street",Chandigarh,Chandigarh,India
CUST000570,"Nikhil Bansal",Unknown,1983-01-24,6223910831,nikhil_bansal570@example.com,"880, Main Market",Lucknow,"Uttar Pradesh",India
CUST000571,"Ankit Sharma",Male,1986-01-09,9554751311,ankit_sharma571@example.com,"912, Civil Lines",Ahmedabad,Gujarat,India
CUST000572,"Meena Mehta",Other,1954-04-24,6371216152,null,"901, MG Road",Bhopal,"Madhya Pradesh",India
CUST000573,"Nikhil Choudhary",male,1963-10-12,8260883204,nikhil_choudhary573@example.com,"884, Park Street",Chennai,"Tamil Nadu",India
CUST000574,"Vivek Bansal",Male,2000-12-09,8372332314,vivek_bansal574@example.com,"698, Park Street",Kolkata,"West Bengal",India
CUST000575,"Nikhil Bansal",FEMALE,1990-09-23,8134007828,nikhil_bansal575@example.com,"768, Station Road",Jaipur,Rajasthan,India
CUST000576,"Ankit Verma",Other,1998-01-19,6348103273,ankit_verma576@example.com,"723, Civil Lines",Mumbai,Maharashtra,India
CUST000577,"Nikhil Sharma",Female,2005-01-05,7827685024,nikhil_sharma577@example.com,"974, Main Market",Alwar,Rajasthan,India
CUST000578,"Priya Gupta",Other,1995-08-02,8842839837,priya_gupta578@example.com,"193, Main Market",Chandigarh,Chandigarh,India
CUST000579,"Meena Saini",Other,1972-08-21,7073213232,meena_saini579@example.com,"857, Main Market",Chandigarh,Chandigarh,India
CUST000580,"Deepak Bansal",Male,1982-01-01,8605519270,deepak_bansal580@example.com,"222, Nehru Nagar",Bengaluru,Karnataka,India
CUST000581,"Rahul Yadav",Male,1989-04-25,8050221790,rahul_yadav581@example.com,"599, Nehru Nagar",Lucknow,"Uttar Pradesh",India
CUST000582,"Manish Patel",Female,1951-07-19,8504726877,manish_patel582@example.com,"836, Nehru Nagar",Mumbai,Maharashtra,India
CUST000583,"Neha Agarwal",Unknown,1992-04-10,7442655558,neha_agarwal583@example.com,"491, Station Road",Pune,Maharashtra,India
CUST000584,"Nikhil Kumar",male,1956-10-02,6035900076,nikhil_kumar584@example.com,"38, Nehru Nagar",Udaipur,Rajasthan,India
CUST000585,"Komal Sharma",Unknown,1984-04-21,6018815918,komal_sharma585@example.com,"751, Main Market",Surat,Gujarat,India
CUST000586,"Riya Agarwal",FEMALE,1996-02-21,6841023411,riya_agarwal586@example.com,"615, Park Street",Surat,Gujarat,India
CUST000587,"Komal Singh",Male,1951-02-02,7356923602,komal_singh587@example.com,"689, Park Street",Chandigarh,Chandigarh,India
CUST000588,"Suresh Mehta",FEMALE,1955-08-07,9022579626,suresh_mehta588@example.com,"503, Civil Lines",Kolkata,"West Bengal",India
CUST000589,"Anjali Joshi",male,1973-01-14,8481653198,anjali_joshi589@example.com,"533, Park Street",Udaipur,Rajasthan,India
CUST000590,"Sneha Kumar",FEMALE,1960-02-08,9760896384,sneha_kumar590@example.com,"777, Nehru Nagar",Chennai,"Tamil Nadu",India
CUST000591,"Sneha Mishra",Unknown,2002-10-06,7729781562,sneha_mishra591@example.com,"762, Civil Lines",Udaipur,Rajasthan,India
CUST000592,"Pooja Kumar",Unknown,2000-03-25,6643594066,pooja_kumar592@example.com,"319, Main Market",Pune,Maharashtra,India
CUST000593,"Sneha Singh",Male,1961-03-06,7543081191,sneha_singh593@example.com,"510, Park Street",Chandigarh,Chandigarh,India
CUST000594,"Rohit Joshi",Unknown,2000-04-12,6779067534,rohit_joshi594@example.com,"37, Station Road",Surat,Gujarat,India
CUST000595,"Ankit Malhotra",Unknown,null,7927266418,ankit_malhotra595@example.com,"989, Station Road",Mumbai,Maharashtra,India
CUST000596,"Nikhil Bansal",Other,1979-01-24,6615736944,nikhil_bansal596@example.com,"945, MG Road",Kolkata,Unknown,India
CUST000597,"Rohit Joshi",Female,1974-08-14,9122145357,rohit_joshi597@example.com,"538, Civil Lines",Alwar,Rajasthan,India
CUST000598,"Priya Saini",Other,1955-04-15,8672145288,priya_saini598@example.com,"82, Civil Lines",Delhi,Delhi,India
CUST000599,"Karan Malhotra",male,1954-05-04,6238018872,karan_malhotra599@example.com,"917, MG Road",Bengaluru,Karnataka,India
CUST000600,"Karan Singh",Unknown,1950-10-07,6636571106,karan_singh600@example.com,"102, MG Road",Indore,"Madhya Pradesh",India
CUST000601,"Rahul Yadav",Male,1966-07-11,6797202054,rahul_yadav601@example.com,"890, Park Street",Surat,Gujarat,India
CUST000602,"Sneha Tiwari",Other,1981-12-07,null,sneha_tiwari602@example.com,"16, MG Road",Bhopal,"Madhya Pradesh",India
CUST000603,"Sneha Mishra",Female,1999-08-04,9433837650,sneha_mishra603@example.com,"666, MG Road",Surat,Gujarat,India
CUST000604,"Ankit Rathore",Male,1978-12-16,8125210716,ankit_rathore604@example.com,"10, Station Road",Bhopal,"Madhya Pradesh",India
CUST000605,"Manish Mishra",Female,1987-09-24,8712304825,manish_mishra605@example.com,"66, Station Road",Pune,Maharashtra,India
CUST000606,"Rahul Joshi",Unknown,2005-03-20,6128866299,rahul_joshi606@example.com,"601, Park Street",Delhi,Delhi,India
CUST000607,"Meena Singh",Male,1970-10-17,9868380082,meena_singh607@example.com,"248, MG Road",Mumbai,Maharashtra,India
CUST000608,"Ankit Gupta",male,1965-01-02,6276164535,ankit_gupta608@example.com,"791, MG Road",Jaipur,Rajasthan,India
CUST000609,"Arjun Tiwari",Male,1980-01-18,6747673994,arjun_tiwari609@example.com,"528, MG Road",Hyderabad,Telangana,India
CUST000610,"Simran Agarwal",Female,1977-04-09,7152176025,simran_agarwal610@example.com,"609, MG Road",Lucknow,"Uttar Pradesh",India
CUST000611,"Manish Agarwal",male,1977-08-01,7698209131,manish_agarwal611@example.com,"88, Main Market",Delhi,Delhi,India
CUST000612,"Ankit Sharma",Unknown,2005-10-10,8022696092,ankit_sharma612@example.com,"419, Civil Lines",Surat,Gujarat,India
CUST000613,"Rahul Bansal",Unknown,1979-11-22,8118691477,rahul_bansal613@example.com,"647, Park Street",Jodhpur,Rajasthan,India
CUST000614,"Sneha Joshi",male,null,6174726230,sneha_joshi614@example.com,"857, Park Street",Lucknow,"Uttar Pradesh",India
CUST000615,"Suresh Yadav",Female,1990-05-05,9541533858,suresh_yadav615@example.com,"355, Main Market",bengaluru,Karnataka,India
CUST000616,"Komal Verma",Unknown,1975-01-05,8389115915,komal_verma616@example.com,"476, MG Road",Bhopal,"Madhya Pradesh",India
CUST000617,"Riya Jain",Female,2006-07-04,6233991254,riya_jain617@example.com,"265, Nehru Nagar",Surat,Gujarat,India
CUST000618,"Simran Verma",Unknown,1991-03-20,6679460348,simran_verma618@example.com,"313, Main Market",Lucknow,"Uttar Pradesh",India
CUST000619,"Simran Gupta",male,1990-11-01,8882293343,simran_gupta619@example.com,"753, Station Road",Delhi,Delhi,India
CUST000620,"Neha Saini",male,1973-05-11,9222771168,neha_saini620@example.com,"789, Civil Lines",Ahmedabad,Gujarat,India
CUST000621,"Amit Yadav",Unknown,1993-12-16,7411394011,amit_yadav621@example.com,"787, Nehru Nagar",Jaipur,Rajasthan,India
CUST000622,"Kavita Bansal",male,1986-10-02,9571630064,kavita_bansal622@example.com,"229, Station Road",Chandigarh,Chandigarh,India
CUST000623,"Neha Gupta",Unknown,1978-01-14,8202245439,neha_gupta623@example.com,"286, Civil Lines",Delhi,Delhi,India
CUST000624,"Kavita Kumar",Male,1994-04-19,9137035116,kavita_kumar624@example.com,"613, Main Market",Surat,Gujarat,India
CUST000625,"Anjali Agarwal",Other,1985-06-02,6441405536,anjali_agarwal625@example.com,"748, MG Road",Mumbai,Maharashtra,India
CUST000626,"Neha Tiwari",FEMALE,1956-03-02,7867319682,neha_tiwari626@example.com,"522, Station Road",Chandigarh,Chandigarh,India
CUST000627,"Pawan Choudhary",Male,2003-08-07,8296067271,pawan_choudhary627@example.com,"54, Park Street",Lucknow,"Uttar Pradesh",India
CUST000628,"Nikhil Joshi",Male,1994-10-22,7599501248,nikhil_joshi628@example.com,"153, Station Road",Kolkata,"West Bengal",India
CUST000629,"Rahul Joshi",FEMALE,1994-09-28,7119545967,rahul_joshi629@example.com,"923, Civil Lines",Jaipur,Rajasthan,India
CUST000630,"Suresh Rathore",Unknown,1976-07-21,9882659201,suresh_rathore630@example.com,"480, Park Street",Bhopal,"Madhya Pradesh",India
CUST000631,"Komal Malhotra",male,1962-08-09,6869047558,komal_malhotra631@example.com,"226, Nehru Nagar",Surat,Gujarat,India
CUST000632,"Suresh Kumar",Female,1958-03-22,7027373338,suresh_kumar632@example.com,"845, Nehru Nagar",Chennai,"Tamil Nadu",India
CUST000633,"Neha Rathore",Other,1980-01-24,7037258928,neha_rathore633@example.com,"894, Station Road",Jodhpur,Rajasthan,India
CUST000634,"Rohit Saini",Unknown,2000-08-18,9424924951,rohit_saini634@example.com,"358, Nehru Nagar",Chandigarh,Chandigarh,India
CUST000635,"Riya Gupta",Other,1985-07-08,8791079067,riya_gupta635@example.com,"730, MG Road",Indore,"Madhya Pradesh",India
CUST000636,"Kavita Joshi",Unknown,1983-10-25,7699688013,kavita_joshi636@example.com,"46, Park Street",Indore,"Madhya Pradesh",India
CUST000637,"Riya Choudhary",Unknown,1964-02-20,8234332048,riya_choudhary637@example.com,"141, Nehru Nagar",Delhi,Delhi,India
CUST000638,"Karan Gupta",Other,1974-02-07,9086244415,karan_gupta638@example.com,"893, Civil Lines",Lucknow,"Uttar Pradesh",India
CUST000639,"Priya Mishra",Unknown,2004-11-20,7791906035,priya_mishra639@example.com,"949, Civil Lines",Udaipur,Rajasthan,India
CUST000640,"Rohit Mishra",Other,1975-11-13,9704515705,rohit_mishra640@example.com,"934, Nehru Nagar",Lucknow,"Uttar Pradesh",India
CUST000641,"Meena Sharma",Unknown,1956-11-22,6931091818,meena_sharma641@example.com,"575, Station Road",Ahmedabad,Gujarat,India
CUST000642,"Nikhil Patel",Other,1951-01-04,8395847794,nikhil_patel642@example.com,"638, Civil Lines",Jaipur,Rajasthan,India
CUST000643,"Vivek Saini",Female,1990-06-15,7033720138,vivek_saini643@example.com,"612, Nehru Nagar",Pune,Maharashtra,India
CUST000644,"Vikas Kumar",male,1991-02-10,7505610973,vikas_kumar644@example.com,Unknown,Delhi,Delhi,India
CUST000645,"Manish Saini",Unknown,2005-05-15,8773533738,manish_saini645@example.com,"233, Main Market",Indore,"Madhya Pradesh",India
CUST000646,"Vivek Saini",Male,1961-06-18,9146660210,vivek_saini646@example.com,"88, Park Street",Kolkata,"West Bengal",India
CUST000647,"Karan Gupta",Female,1982-09-28,9146080766,karan_gupta647@example.com,"797, Station Road",Alwar,Rajasthan,India
CUST000648,"Amit Yadav",Male,1970-02-07,8001034655,amit_yadav648@example.com,"294, Park Street",Hyderabad,Telangana,India
CUST000649,"Vivek Kumar",FEMALE,1973-06-05,8355786748,vivek_kumar649@example.com,"10, Nehru Nagar",Jaipur,Rajasthan,India
CUST000650,"Anjali Mishra",Male,1978-06-11,9544338573,anjali_mishra650@example.com,"277, Nehru Nagar",Chandigarh,Chandigarh,India
CUST000651,"Arjun Joshi",Other,1975-05-25,9305229445,arjun_joshi651@example.com,"549, Park Street",Kota,Rajasthan,India
CUST000652,"Sneha Gupta",Male,2000-04-16,8590076593,sneha_gupta652@example.com,"559, Civil Lines",Mumbai,Maharashtra,India
CUST000653,"Sneha Choudhary",FEMALE,1963-03-07,7458897393,sneha_choudhary653@example.com,"930, Nehru Nagar",Indore,"Madhya Pradesh",India
CUST000654,"Anjali Verma",Male,1969-03-17,9649986285,anjali_verma654@example.com,"459, Station Road",Delhi,Delhi,India
CUST000655,"Ankit Kumar",Unknown,1976-01-13,6263928182,ankit_kumar655@example.com,"807, Park Street",Jodhpur,Rajasthan,India
CUST000656,"Arjun Singh",Other,1963-08-10,6953086195,arjun_singh656@example.com,"761, Station Road",Hyderabad,Telangana,India
CUST000657,"Anjali Sharma",Male,1977-04-13,7198623145,anjali_sharma657@example.com,"339, Park Street",Alwar,Rajasthan,India
CUST000658,"Nikhil Kumar",Male,1977-08-27,9067997613,nikhil_kumar658@example.com,"599, Park Street",Kota,Rajasthan,India
CUST000659,"Manish Sharma",male,1974-09-09,9125230073,manish_sharma659@example.com,"87, Civil Lines",Jaipur,Rajasthan,India
CUST000660,"Rahul Saini",Male,2004-05-20,6382455949,rahul_saini660@example.com,"535, MG Road",Lucknow,"Uttar Pradesh",India
CUST000661,"Ankit Saini",Male,1958-08-05,7177232996,ankit_saini661@example.com,"594, Civil Lines",Udaipur,Rajasthan,India
CUST000662,"Arjun Jain",Other,1979-10-19,7712129894,arjun_jain662@example.com,"592, MG Road",Chandigarh,Chandigarh,India
CUST000663,"Simran Gupta",Unknown,1955-01-05,6168059992,simran_gupta663@example.com,"89, Main Market",Bengaluru,Karnataka,India
CUST000664,"Karan Joshi",male,2006-05-11,9595196463,karan_joshi664@example.com,"398, Park Street",Kota,Rajasthan,India
CUST000665,"Meena Agarwal",Male,1958-10-10,9960642614,meena_agarwal665@example.com,"507, Nehru Nagar",Mumbai,Maharashtra,India
CUST000666,"Rahul Joshi",Unknown,2001-04-28,9946505877,rahul_joshi666@example.com,Unknown,Mumbai,Maharashtra,India
CUST000667,"Rahul Agarwal",Other,1961-12-19,8430834960,invalid-email,"169, MG Road",Pune,Maharashtra,India
CUST000668,"Arjun Bansal",Unknown,2002-05-13,7767734387,arjun_bansal668@example.com,"311, Civil Lines",Lucknow,"Uttar Pradesh",India
CUST000669,"Sneha Joshi",Unknown,2000-02-28,8877829446,sneha_joshi669@example.com,"164, Station Road",Chennai,"Tamil Nadu",India
CUST000670,"Priya Yadav",Unknown,1968-11-26,6837849885,priya_yadav670@example.com,"110, MG Road",Chandigarh,Chandigarh,India
CUST000671,"Vivek Saini",Other,1991-07-27,8536974084,vivek_saini671@example.com,"227, MG Road",Alwar,Rajasthan,India
CUST000672,"Manish Mishra",FEMALE,1971-03-21,8564965205,manish_mishra672@example.com,"625, Park Street",Kota,Rajasthan,India
CUST000673,"Neha Mehta",Male,2004-02-09,7829350515,neha_mehta673@example.com,"434, Nehru Nagar",Kolkata,"West Bengal",India
CUST000674,"Shreya Joshi",Unknown,1962-03-01,9166646951,shreya_joshi674@example.com,"469, MG Road",Mumbai,Maharashtra,India
CUST000675,"Vivek Tiwari",Other,1989-06-21,9857499000,vivek_tiwari675@example.com,"833, Station Road",Udaipur,Rajasthan,India
CUST000676,"Vikas Bansal",FEMALE,2004-10-09,7413289098,vikas_bansal676@example.com,"326, Station Road",Indore,"Madhya Pradesh",India
CUST000677,"Vivek Choudhary",Female,1960-12-11,6430706455,vivek_choudhary677@example.com,"558, MG Road",Bhopal,"Madhya Pradesh",India
CUST000678,"Sneha Jain",Female,1961-10-13,6800345499,sneha_jain678@example.com,"586, Civil Lines",Udaipur,Rajasthan,India
CUST000679,"Simran Yadav",Female,1997-02-11,8234373059,simran_yadav679@example.com,"53, Main Market",Udaipur,Rajasthan,India
CUST000680,"Priya Verma",Other,1970-01-22,8711453416,priya_verma680@example.com,"555, MG Road",Chennai,"Tamil Nadu",India
CUST000681,"Vivek Tiwari",Unknown,1971-04-23,9153771457,vivek_tiwari681@example.com,"614, Park Street",Delhi,Delhi,India
CUST000682,"Shreya Yadav",Female,1994-06-07,null,shreya_yadav682@example.com,"545, Main Market",Pune,Maharashtra,India
CUST000683,"Deepak Tiwari",Unknown,1960-10-22,9905488371,null,"119, Civil Lines",Lucknow,"Uttar Pradesh",India
CUST000684,"Vivek Saini",Female,2000-09-24,7440026375,vivek_saini684@example.com,"39, Nehru Nagar",Kota,Rajasthan,India
CUST000685,"Rohit Gupta",Male,1999-11-08,9874801626,rohit_gupta685@example.com,"423, Main Market",Mumbai,Maharashtra,India
CUST000686,"Riya Yadav",Male,1993-04-12,9290837822,null,"150, Civil Lines",Ahmedabad,Gujarat,India
CUST000687,"Pooja Jain",Other,1955-12-02,9091565442,pooja_jain687@example.com,"878, MG Road",Chennai,"Tamil Nadu",India
CUST000688,"Anjali Verma",Unknown,1958-04-01,6720274852,anjali_verma688@example.com,"895, MG Road",Chennai,"Tamil Nadu",India
CUST000689,"Amit Singh",Unknown,1984-10-04,7660541923,amit_singh689@example.com,"169, Civil Lines",Bengaluru,Karnataka,India
CUST000690,"Vivek Mishra",male,1984-03-13,7270158454,vivek_mishra690@example.com,"407, Nehru Nagar",Chandigarh,Chandigarh,India
CUST000691,"Riya Kumar",Unknown,1998-11-17,8648299783,riya_kumar691@example.com,"560, Main Market",Ahmedabad,Gujarat,India
CUST000692,"Meena Choudhary",Other,1979-03-02,6984283495,meena_choudhary692@example.com,"921, Civil Lines",Lucknow,"Uttar Pradesh",India
CUST000693,"Karan Kumar",FEMALE,1967-11-26,9029233927,karan_kumar693@example.com,"445, Park Street",Indore,"Madhya Pradesh",India
CUST000694,"Suresh Agarwal",Other,1982-12-28,9723134236,suresh_agarwal694@example.com,"668, Nehru Nagar",Chennai,"Tamil Nadu",India
CUST000695,"Karan Jain",FEMALE,1994-06-22,7776869914,karan_jain695@example.com,"14, Station Road",Hyderabad,Telangana,India
CUST000696,"Simran Choudhary",Female,1968-03-24,9228308253,simran_choudhary696@example.com,"242, Park Street",Lucknow,"Uttar Pradesh",India
CUST000697,"Vikas Sharma",Unknown,1973-06-28,9383187627,vikas_sharma697@example.com,"88, Park Street",Indore,"Madhya Pradesh",India
CUST000698,"Deepak Jain",Unknown,1950-11-22,6964833662,deepak_jain698@example.com,"45, Main Market",Jodhpur,Rajasthan,India
CUST000699,"Vikas Patel",male,2003-06-22,7310429554,vikas_patel699@example.com,"93, Civil Lines",Chennai,"Tamil Nadu",India
CUST000700,"Amit Gupta",Unknown,null,8691878186,amit_gupta700@example.com,"250, Nehru Nagar",Jodhpur,Rajasthan,India
CUST000701,"Manish Choudhary",Other,1981-06-10,6502023090,manish_choudhary701@example.com,"585, Main Market",Jaipur,Rajasthan,India
CUST000702,"Ankit Rathore",Other,1953-08-19,6100647496,ankit_rathore702@example.com,"82, Main Market",Alwar,Rajasthan,India
CUST000703,"Karan Sharma",Unknown,1972-06-06,7206473778,karan_sharma703@example.com,"679, Civil Lines",Ahmedabad,Gujarat,India
CUST000704,"Shreya Verma",Unknown,2001-02-19,8390076005,shreya_verma704@example.com,"652, MG Road",Bhopal,"Madhya Pradesh",India
CUST000705,"Rahul Tiwari",Unknown,1967-09-16,7830354054,rahul_tiwari705@example.com,"658, Civil Lines",Alwar,Rajasthan,India
CUST000706,"Kavita Mishra",Other,1988-06-21,9176737319,kavita_mishra706@example.com,"45, MG Road",Jodhpur,Rajasthan,India
CUST000707,"Kavita Verma",Unknown,1999-05-11,6753899133,kavita_verma707@example.com,"484, Nehru Nagar",Hyderabad,Telangana,India
CUST000708,"Ankit Kumar",Female,1963-12-15,8972415937,ankit_kumar708@example.com,"847, MG Road",Udaipur,Rajasthan,India
CUST000709,"Ankit Jain",Unknown,1973-02-26,6961605298,ankit_jain709@example.com,"15, MG Road",Indore,"Madhya Pradesh",India
CUST000710,"Rahul Joshi",Other,1975-03-20,9941520241,rahul_joshi710@example.com,"551, Civil Lines",indore,"Madhya Pradesh",India
CUST000711,"Priya Saini",Unknown,1984-01-26,6428071235,priya_saini711@example.com,"852, Nehru Nagar",Kota,Rajasthan,India
CUST000712,"Rahul Yadav",Female,1995-11-19,6930242931,rahul_yadav712@example.com,"835, Park Street",Bhopal,"Madhya Pradesh",India
CUST000713,"Shreya Tiwari",male,1973-04-28,8290659597,shreya_tiwari713@example.com,"113, Station Road",Indore,"Madhya Pradesh",India
CUST000714,"Simran Agarwal",Female,1969-12-11,7074932812,simran_agarwal714@example.com,"690, Main Market",Jodhpur,Rajasthan,India
CUST000715,"Anjali Gupta",Unknown,1962-11-05,7882757878,anjali_gupta715@example.com,"469, Civil Lines",Jaipur,Rajasthan,India
CUST000716,"Sneha Yadav",Unknown,1953-10-06,8699281888,sneha_yadav716@example.com,"856, MG Road",Indore,"Madhya Pradesh",India
CUST000717,"Shreya Rathore",Female,1963-12-28,6242993759,shreya_rathore717@example.com,"831, Civil Lines",Chennai,"Tamil Nadu",India
CUST000718,"Deepak Tiwari",male,1985-06-28,9097230684,deepak_tiwari718@example.com,"540, Nehru Nagar",Kota,Rajasthan,India
CUST000719,"Arjun Singh",Unknown,1996-02-10,7527230347,arjun_singh719@example.com,"897, Main Market",Surat,Gujarat,India
CUST000720,"Kavita Rathore",Unknown,1975-11-02,7956377782,kavita_rathore720@example.com,"414, MG Road",Kolkata,"West Bengal",India
CUST000721,"Sneha Verma",Unknown,1955-01-27,9197189095,sneha_verma721@example.com,"843, MG Road",bengaluru,Karnataka,India
CUST000722,"Anjali Mehta",Female,1957-11-16,9790007011,anjali_mehta722@example.com,Unknown,Kolkata,"West Bengal",India
CUST000723,"Arjun Gupta",Other,1973-06-27,7520541641,arjun_gupta723@example.com,"911, Nehru Nagar",Mumbai,Maharashtra,India
CUST000724,"Karan Agarwal",FEMALE,1953-11-21,6377604809,karan_agarwal724@example.com,"146, Station Road",Kota,Rajasthan,India
CUST000725,"Vikas Sharma",Male,1959-07-13,6196248071,vikas_sharma725@example.com,"789, Nehru Nagar",Ahmedabad,Gujarat,India
CUST000726,"Pooja Rathore",Other,1996-07-19,7074774016,pooja_rathore726@example.com,"221, Main Market",Chandigarh,Chandigarh,India
CUST000727,"Vikas Patel",Male,1959-02-12,9779616317,vikas_patel727@example.com,"605, Park Street",Jaipur,Rajasthan,India
CUST000728,"Anjali Malhotra",male,1992-12-25,6567742378,anjali_malhotra728@example.com,"332, Nehru Nagar",Udaipur,Rajasthan,India
CUST000729,"Karan Malhotra",Female,1986-02-19,9579948490,karan_malhotra729@example.com,"662, Main Market",Udaipur,Rajasthan,India
CUST000730,"Vikas Choudhary",male,1963-04-14,8881097223,vikas_choudhary730@example.com,"857, Nehru Nagar",Bhopal,"Madhya Pradesh",India
CUST000731,"Arjun Gupta",Male,1961-10-06,7336885817,arjun_gupta731@example.com,"704, Park Street",Hyderabad,Telangana,India
CUST000732,"Komal Rathore",Male,2004-08-20,6114942507,komal_rathore732@example.com,"33, Station Road",Alwar,Rajasthan,India
CUST000733,"Pooja Mehta",male,1957-01-26,6701552750,pooja_mehta733@example.com,"967, MG Road",Jaipur,Rajasthan,India
CUST000734,"Kavita Mehta",Female,2003-02-20,7243055637,kavita_mehta734@example.com,"699, Station Road",Pune,Maharashtra,India
CUST000735,"Simran Joshi",male,2006-12-01,6356315494,simran_joshi735@example.com,"611, MG Road",Delhi,Delhi,India
CUST000736,"Riya Verma",Male,1988-03-04,7499971801,riya_verma736@example.com,"522, Nehru Nagar",Ahmedabad,Gujarat,India
CUST000737,"Deepak Joshi",Other,1985-11-01,7632243475,deepak_joshi737@example.com,"355, MG Road",Chandigarh,Chandigarh,India
CUST000738,"Ankit Tiwari",Other,2002-04-12,6576731337,ankit_tiwari738@example.com,"518, Main Market",Alwar,Rajasthan,India
CUST000739,"Rahul Verma",Unknown,2001-03-11,9480718861,rahul_verma739@example.com,"896, Civil Lines",Bhopal,"Madhya Pradesh",India
CUST000740,"Riya Yadav",Other,1977-02-14,9904694835,riya_yadav740@example.com,"929, Main Market",Bhopal,"Madhya Pradesh",India
CUST000741,"Vikas Joshi",Female,null,9393862943,vikas_joshi741@example.com,"537, Park Street",Chandigarh,Chandigarh,India
CUST000742,"Vivek Tiwari",Male,2005-06-26,9618766680,vivek_tiwari742@example.com,"35, Nehru Nagar",Bengaluru,Karnataka,India
CUST000743,"Neha Patel",Unknown,1997-08-18,9181431792,neha_patel743@example.com,"681, Main Market",Indore,"Madhya Pradesh",India
CUST000744,"Vikas Kumar",FEMALE,1983-12-04,6999825540,vikas_kumar744@example.com,"664, Park Street",Hyderabad,Telangana,India
CUST000745,"Deepak Singh",Other,2006-03-19,6524536455,deepak_singh745@example.com,"437, Main Market",Lucknow,"Uttar Pradesh",India
CUST000746,"Arjun Gupta",Male,1960-06-12,9568836769,arjun_gupta746@example.com,"200, Park Street",Chandigarh,Chandigarh,India
CUST000747,"Pawan Patel",FEMALE,1978-03-16,6062209415,pawan_patel747@example.com,"14, Nehru Nagar",Chennai,"Tamil Nadu",India
CUST000748,"Rohit Saini",Unknown,1975-01-26,6296547944,rohit_saini748@example.com,"721, Station Road",Pune,Maharashtra,India
CUST000749,"Pooja Gupta",FEMALE,1956-08-20,9777581909,pooja_gupta749@example.com,"493, Station Road",Lucknow,"Uttar Pradesh",India
CUST000750,"Vikas Saini",Female,2002-02-25,8645176370,vikas_saini750@example.com,"761, MG Road",Alwar,Rajasthan,India
CUST000751,"Shreya Yadav",male,1963-11-21,6663409861,shreya_yadav751@example.com,"227, Station Road",Chandigarh,Chandigarh,India
CUST000752,"Rahul Verma",Unknown,1995-08-23,6078272556,rahul_verma752@example.com,"424, Station Road",Chandigarh,Chandigarh,India
CUST000753,"Rahul Gupta",Male,1962-12-09,9654275518,rahul_gupta753@example.com,"756, Nehru Nagar",Udaipur,Rajasthan,India
CUST000754,"Suresh Choudhary",Unknown,1993-08-16,6874493438,suresh_choudhary754@example.com,"961, Nehru Nagar",Jaipur,Rajasthan,India
CUST000755,"Karan Tiwari",Other,1953-07-18,8610361247,karan_tiwari755@example.com,"197, Park Street",Indore,"Madhya Pradesh",India
CUST000756,"Arjun Verma",Unknown,1959-07-11,6951410959,arjun_verma756@example.com,"587, Nehru Nagar",Bhopal,"Madhya Pradesh",India
CUST000757,"Arjun Verma",Other,1999-12-07,8173316929,arjun_verma757@example.com,Unknown,Alwar,Rajasthan,India
CUST000758,"Meena Jain",Unknown,1983-01-17,7811633665,meena_jain758@example.com,"927, MG Road",Bhopal,"Madhya Pradesh",India
CUST000759,"Rohit Mehta",Female,1986-03-28,7275904539,rohit_mehta759@example.com,"757, MG Road",Pune,Maharashtra,India
CUST000760,"Deepak Yadav",FEMALE,1974-02-25,8746752327,deepak_yadav760@example.com,"194, MG Road",Jaipur,Rajasthan,India
CUST000761,"Rohit Jain",Unknown,1976-07-08,6094772509,rohit_jain761@example.com,"55, Park Street",Indore,"Madhya Pradesh",India
CUST000762,"Pooja Kumar",FEMALE,1951-06-27,8641973056,pooja_kumar762@example.com,"134, Station Road",Surat,Gujarat,India
CUST000763,"Ankit Joshi",male,1958-12-22,8712390071,ankit_joshi763@example.com,"300, Park Street",Jodhpur,Rajasthan,India
CUST000764,"Simran Malhotra",Unknown,1950-04-13,9528972811,simran_malhotra764@example.com,"31, Civil Lines",Udaipur,Rajasthan,India
CUST000765,"Sneha Mishra",FEMALE,1963-06-19,9836420835,sneha_mishra765@example.com,"467, Main Market",Kolkata,"West Bengal",India
CUST000766,"Sneha Mehta",Unknown,null,8037347476,sneha_mehta766@example.com,"567, MG Road",Bengaluru,Karnataka,India
CUST000767,"Arjun Joshi",Unknown,2002-05-22,9302484093,arjun_joshi767@example.com,"377, MG Road",Kolkata,"West Bengal",India
CUST000768,"Deepak Patel",FEMALE,1981-06-05,7062287412,deepak_patel768@example.com,"305, Civil Lines",Bengaluru,Karnataka,India
CUST000769,"Rahul Verma",Unknown,2001-10-16,7569906270,rahul_verma769@example.com,"612, Main Market",Kota,Rajasthan,India
CUST000770,"Pooja Choudhary",Other,1984-10-19,8304664390,pooja_choudhary770@example.com,"184, Civil Lines",Chennai,"Tamil Nadu",India
CUST000771,"Simran Gupta",FEMALE,1976-08-27,8330701994,simran_gupta771@example.com,"325, Nehru Nagar",Chennai,"Tamil Nadu",India
CUST000772,"Simran Choudhary",Other,1972-01-27,9201695103,simran_choudhary772@example.com,"629, Civil Lines",Bhopal,"Madhya Pradesh",India
CUST000773,"Sneha Tiwari",male,1982-11-06,6081273918,sneha_tiwari773@example.com,"134, Main Market",Indore,"Madhya Pradesh",India
CUST000774,"Neha Choudhary",Male,1984-09-09,9452248666,neha_choudhary774@example.com,"977, Park Street",Alwar,Rajasthan,India
CUST000775,"Ankit Tiwari",Unknown,1968-05-11,8700501679,ankit_tiwari775@example.com,"918, Park Street",Alwar,Rajasthan,India
CUST000776,"Shreya Saini",Unknown,1985-04-01,6375588601,shreya_saini776@example.com,"302, MG Road",Alwar,Rajasthan,India
CUST000777,"Pooja Rathore",male,2006-04-04,9493188889,pooja_rathore777@example.com,"322, Civil Lines",Hyderabad,Telangana,India
CUST000778,"Rahul Yadav",Unknown,1966-11-26,9963213486,rahul_yadav778@example.com,"394, Main Market",Kolkata,"West Bengal",India
CUST000779,"Ankit Agarwal",Female,1955-05-09,6463221017,ankit_agarwal779@example.com,"673, Station Road",Chandigarh,Chandigarh,India
CUST000780,"Kavita Choudhary",Unknown,1963-09-28,7760758778,kavita_choudhary780@example.com,"381, Station Road",Surat,Gujarat,India
CUST000781,"Vivek Kumar",Unknown,1973-09-12,7829737565,vivek_kumar781@example.com,"961, MG Road",Surat,Gujarat,India
CUST000782,"Nikhil Jain",Male,2004-11-19,7467753692,nikhil_jain782@example.com,"299, Park Street",Ahmedabad,Gujarat,India
CUST000783,"Shreya Joshi",male,1976-03-15,8020763186,shreya_joshi783@example.com,"430, Nehru Nagar",Bhopal,"Madhya Pradesh",India
CUST000784,"Ankit Patel",Male,1951-12-25,7840000744,ankit_patel784@example.com,"35, Park Street",Jaipur,Rajasthan,India
CUST000785,"Rohit Kumar",Unknown,1968-12-16,8760243675,rohit_kumar785@example.com,Unknown,Surat,Gujarat,India
CUST000786,"Vivek Saini",Unknown,1975-07-22,8237719005,vivek_saini786@example.com,"383, Park Street",Surat,Gujarat,India
CUST000787,"Kavita Choudhary",FEMALE,1965-08-27,9172784851,kavita_choudhary787@example.com,Unknown,Bengaluru,Karnataka,India
CUST000788,"Vikas Agarwal",FEMALE,1998-12-16,7836774943,vikas_agarwal788@example.com,"426, Nehru Nagar",Bhopal,"Madhya Pradesh",India
CUST000789,"Vivek Jain",Other,2005-01-05,6107958615,vivek_jain789@example.com,"5, Nehru Nagar",Indore,"Madhya Pradesh",India
CUST000790,"Rohit Sharma",Unknown,1966-07-04,6811751473,rohit_sharma790@example.com,"959, MG Road",Kolkata,"West Bengal",India
CUST000791,"Riya Yadav",FEMALE,1954-09-11,7047195875,riya_yadav791@example.com,"192, Nehru Nagar",Ahmedabad,Gujarat,India
CUST000792,"Nikhil Singh",Unknown,1962-12-14,9417010601,nikhil_singh792@example.com,"347, MG Road",Ahmedabad,Gujarat,India
CUST000793,"Ankit Bansal",Unknown,1980-05-10,6137449056,ankit_bansal793@example.com,"595, Station Road",Chandigarh,Chandigarh,India
CUST000794,"Suresh Choudhary",Unknown,1999-06-26,6248909101,suresh_choudhary794@example.com,"564, Nehru Nagar",Bhopal,"Madhya Pradesh",India
CUST000795,"Pawan Mishra",Unknown,1975-02-05,8240523356,pawan_mishra795@example.com,"399, Civil Lines",Delhi,Delhi,India
CUST000796,"Kavita Kumar",Female,1953-08-27,8443690693,kavita_kumar796@example.com,"903, Nehru Nagar",Jaipur,Rajasthan,India
CUST000797,"Kavita Saini",Female,1971-06-18,7994136552,kavita_saini797@example.com,"450, Nehru Nagar",Delhi,Delhi,India
CUST000798,"Arjun Saini",Unknown,2004-10-28,6867315763,arjun_saini798@example.com,"247, MG Road",Kota,Rajasthan,India
CUST000799,"Pooja Mishra",FEMALE,1963-11-17,6591682187,pooja_mishra799@example.com,"606, MG Road",Chennai,"Tamil Nadu",India
CUST000800,"Pawan Joshi",Male,1994-09-05,6552952944,pawan_joshi800@example.com,"868, Main Market",Ahmedabad,Gujarat,India
CUST000801,"Rahul Jain",male,1957-06-26,8271060052,rahul_jain801@example.com,"442, Main Market",Jodhpur,Rajasthan,India
CUST000802,"Deepak Yadav",Unknown,1973-06-14,8744020841,deepak_yadav802@example.com,"835, MG Road",mumbai,Maharashtra,India
CUST000803,"Suresh Rathore",Unknown,1968-11-05,8537848244,suresh_rathore803@example.com,"618, Park Street",Mumbai,Maharashtra,India
CUST000804,"Rohit Malhotra",male,1963-04-28,6199880443,rohit_malhotra804@example.com,"302, Park Street",Alwar,Rajasthan,India
CUST000805,"Karan Saini",Female,1958-09-16,9065864611,karan_saini805@example.com,"826, Station Road",Lucknow,"Uttar Pradesh",India
CUST000806,"Nikhil Tiwari",FEMALE,1970-02-04,6449635839,nikhil_tiwari806@example.com,"37, Main Market",Lucknow,"Uttar Pradesh",India
CUST000807,"Deepak Yadav",Unknown,1981-11-18,6752671491,deepak_yadav807@example.com,"346, Main Market",Bengaluru,Karnataka,India
CUST000808,"Simran Malhotra",FEMALE,1979-04-18,6473301885,simran_malhotra808@example.com,"664, Station Road",Chandigarh,Chandigarh,India
CUST000809,"Manish Mehta",Male,1989-02-25,6904522909,manish_mehta809@example.com,"374, Station Road",Bengaluru,Karnataka,India
CUST000810,"Neha Agarwal",Unknown,2002-01-09,7585047704,neha_agarwal810@example.com,"976, Nehru Nagar",Pune,Maharashtra,India
CUST000811,"Vikas Bansal",Unknown,1987-05-19,7438914166,vikas_bansal811@example.com,"257, MG Road",Hyderabad,Telangana,India
CUST000812,"Suresh Bansal",Male,1985-10-02,8446565244,suresh_bansal812@example.com,"677, Park Street",Bhopal,"Madhya Pradesh",India
CUST000813,"Nikhil Agarwal",Other,1983-04-14,8649624601,nikhil_agarwal813@example.com,"903, Nehru Nagar",Indore,"Madhya Pradesh",India
CUST000814,"Vikas Agarwal",Other,1953-09-06,8331780479,vikas_agarwal814@example.com,"290, Nehru Nagar",Kolkata,"West Bengal",India
CUST000815,"Anjali Rathore",Male,1997-11-13,8301157735,anjali_rathore815@example.com,"331, MG Road",Alwar,Rajasthan,India
CUST000816,"Vivek Sharma",Male,1959-06-02,7525044659,null,"136, Civil Lines",Kolkata,"West Bengal",India
CUST000817,"Nikhil Joshi",Male,1952-05-05,6983893488,nikhil_joshi817@example.com,"772, Main Market",Jodhpur,Rajasthan,India
CUST000818,"Anjali Malhotra",male,1959-10-28,8230568392,anjali_malhotra818@example.com,"565, Civil Lines",chandigarh,Chandigarh,India
CUST000819,"Meena Saini",Male,1976-11-01,9016592677,meena_saini819@example.com,"268, Main Market",Ahmedabad,Gujarat,India
CUST000820,"Riya Bansal",Unknown,1950-07-20,12345,riya_bansal820@example.com,"692, Nehru Nagar",Chandigarh,Chandigarh,India
CUST000821,"Vikas Gupta",male,1957-04-11,6510378880,vikas_gupta821@example.com,"848, Nehru Nagar",Jodhpur,Rajasthan,India
CUST000822,"Pawan Verma",Unknown,1992-10-10,7667215569,pawan_verma822@example.com,"342, Civil Lines",Delhi,Delhi,India
CUST000823,"Rahul Mishra",Other,1994-03-19,9741607463,rahul_mishra823@example.com,Unknown,Kolkata,"West Bengal",India
CUST000824,"Deepak Mehta",Unknown,1996-06-09,8317786397,deepak_mehta824@example.com,"254, Station Road",Mumbai,Maharashtra,India
CUST000825,"Simran Rathore",Male,1957-11-24,8311245304,simran_rathore825@example.com,"264, Civil Lines",Bengaluru,Karnataka,India
CUST000826,"Priya Mehta",Other,1986-04-05,9914511930,priya_mehta826@example.com,"256, Civil Lines",Jaipur,Rajasthan,India
CUST000827,"Amit Malhotra",FEMALE,1967-08-14,6016614513,amit_malhotra827@example.com,"281, Civil Lines",Kolkata,"West Bengal",India
CUST000828,"Shreya Choudhary",male,null,9115682088,shreya_choudhary828@example.com,"767, Station Road",Chandigarh,Chandigarh,India
CUST000829,"Arjun Jain",Unknown,1978-02-13,9716888783,arjun_jain829@example.com,"172, Nehru Nagar",Ahmedabad,Gujarat,India
CUST000830,"Deepak Jain",FEMALE,1978-04-24,8622804447,deepak_jain830@example.com,"103, Nehru Nagar",Indore,"Madhya Pradesh",India
CUST000831,"Neha Choudhary",FEMALE,1997-06-16,8925488295,neha_choudhary831@example.com,"295, Main Market",Jaipur,Rajasthan,India
CUST000832,"Shreya Bansal",Female,null,8414958577,shreya_bansal832@example.com,"954, Nehru Nagar",Indore,"Madhya Pradesh",India
CUST000833,"Arjun Patel",Female,2004-04-24,9889104338,arjun_patel833@example.com,"537, Park Street",Chandigarh,Chandigarh,India
CUST000834,"Vikas Saini",male,1967-06-20,6812678732,vikas_saini834@example.com,"766, Civil Lines",Jaipur,Unknown,India
CUST000835,"Arjun Singh",Unknown,1988-05-27,8316227684,arjun_singh835@example.com,"712, Nehru Nagar",Chennai,"Tamil Nadu",India
CUST000836,"Riya Verma",Unknown,1961-10-18,7096614463,riya_verma836@example.com,Unknown,Indore,"Madhya Pradesh",India
CUST000837,"Riya Singh",Other,1971-06-27,9239538625,riya_singh837@example.com,"139, Park Street",Indore,"Madhya Pradesh",India
CUST000838,"Sneha Sharma",Unknown,1972-10-25,6385507959,sneha_sharma838@example.com,"863, Park Street",Hyderabad,Telangana,India
CUST000839,"Suresh Kumar",Female,1977-09-28,7140361924,suresh_kumar839@example.com,"705, Nehru Nagar",Alwar,Rajasthan,India
CUST000840,"Sneha Choudhary",Female,1984-04-14,9936560315,sneha_choudhary840@example.com,"259, Station Road",Bhopal,"Madhya Pradesh",India
CUST000841,"Deepak Jain",Male,1971-07-06,8975989424,deepak_jain841@example.com,"577, Main Market",Surat,Gujarat,India
CUST000842,"Vivek Saini",Female,1955-08-22,7747071380,vivek_saini842@example.com,"340, MG Road",Surat,Gujarat,India
CUST000843,"Amit Patel",Unknown,1984-06-05,9912722951,amit_patel843@example.com,"620, Main Market",Pune,Maharashtra,India
CUST000844,"Karan Yadav",Unknown,null,null,karan_yadav844@example.com,Unknown,Bhopal,"Madhya Pradesh",India
CUST000845,"Arjun Rathore",Unknown,1951-07-17,8164726824,arjun_rathore845@example.com,"932, Civil Lines",Bengaluru,Karnataka,India
CUST000846,"Kavita Tiwari",FEMALE,1953-03-20,6964941546,kavita_tiwari846@example.com,"66, Civil Lines",Hyderabad,Telangana,India
CUST000847,"Karan Patel",male,2005-11-09,9223676058,invalid-email,"320, Nehru Nagar",Lucknow,"Uttar Pradesh",India
CUST000848,"Nikhil Jain",Female,1991-03-06,9500091669,nikhil_jain848@example.com,Unknown,Chennai,"Tamil Nadu",India
CUST000849,"Neha Saini",Male,1954-11-18,8710939060,neha_saini849@example.com,"430, MG Road",Chennai,"Tamil Nadu",India
CUST000850,"Suresh Mishra",Unknown,1957-07-09,9201924559,suresh_mishra850@example.com,"82, Nehru Nagar",Kota,Rajasthan,India
CUST000851,"Meena Patel",Unknown,1978-04-26,9310508685,meena_patel851@example.com,"158, Main Market",Surat,Gujarat,India
CUST000852,"Rahul Agarwal",FEMALE,1977-05-23,9746832158,rahul_agarwal852@example.com,"353, Park Street",Pune,Maharashtra,India
CUST000853,"Komal Sharma",Unknown,1971-06-22,7380904921,komal_sharma853@example.com,"877, Station Road",Delhi,Unknown,India
CUST000854,"Simran Joshi",Female,2004-07-21,8468238445,simran_joshi854@example.com,"295, Main Market",Pune,Maharashtra,India
CUST000855,"Priya Jain",Other,1993-08-28,7245484980,priya_jain855@example.com,"412, Station Road",Lucknow,"Uttar Pradesh",India
CUST000856,"Manish Patel",Female,1967-01-27,8430839392,manish_patel856@example.com,"599, MG Road",Alwar,Rajasthan,India
CUST000857,"Rahul Saini",Female,1950-03-11,7266950139,rahul_saini857@example.com,"291, Civil Lines",Alwar,Rajasthan,India
CUST000858,"Karan Malhotra",Unknown,1980-06-06,7670161938,karan_malhotra858@example.com,"534, MG Road",Jodhpur,Rajasthan,India
CUST000859,"Amit Mishra",Other,1997-02-22,9536521916,amit_mishra859@example.com,"943, Main Market",Surat,Gujarat,India
CUST000860,"Pawan Patel",Male,1951-09-01,6569790257,null,"933, MG Road",Pune,Maharashtra,India
CUST000861,"Priya Rathore",Male,1995-08-18,9738674888,priya_rathore861@example.com,"130, Nehru Nagar",Jodhpur,Rajasthan,India
CUST000862,"Suresh Tiwari",male,1960-06-17,6105457620,suresh_tiwari862@example.com,"614, MG Road",Alwar,Rajasthan,India
CUST000863,"Pawan Verma",Other,1971-12-23,6552539212,pawan_verma863@example.com,"826, Station Road",Chennai,"Tamil Nadu",India
CUST000864,"Rahul Yadav",FEMALE,1962-12-26,6461975023,rahul_yadav864@example.com,"904, Station Road",Jodhpur,Rajasthan,India
CUST000865,"Arjun Jain",Other,1969-02-16,9041507987,arjun_jain865@example.com,"45, Park Street",Surat,Gujarat,India
CUST000866,"Sneha Malhotra",male,1967-12-28,6542310015,sneha_malhotra866@example.com,"413, MG Road",Jodhpur,Rajasthan,India
CUST000867,"Vikas Kumar",Male,2003-10-08,6860071998,vikas_kumar867@example.com,"355, Main Market",Udaipur,Rajasthan,India
CUST000868,"Vikas Sharma",Unknown,1975-01-18,8488864709,vikas_sharma868@example.com,"395, Main Market",Hyderabad,Telangana,India
CUST000869,"Pawan Kumar",male,1988-01-11,8725430430,pawan_kumar869@example.com,"380, Station Road",Indore,"Madhya Pradesh",India
CUST000870,"Deepak Gupta",FEMALE,1955-10-12,6408071397,deepak_gupta870@example.com,"311, MG Road",Chandigarh,Chandigarh,India
CUST000871,"Priya Kumar",Male,1975-01-20,9065659546,priya_kumar871@example.com,"607, Nehru Nagar",Lucknow,"Uttar Pradesh",India
CUST000872,"Riya Saini",Male,1977-10-17,7559550650,riya_saini872@example.com,"270, Park Street",Delhi,Delhi,India
CUST000873,"Pawan Mishra",Female,1985-07-11,6774465634,pawan_mishra873@example.com,"407, Park Street",Lucknow,"Uttar Pradesh",India
CUST000874,"Riya Patel",male,1989-10-22,6227841798,riya_patel874@example.com,"267, Main Market",Alwar,Rajasthan,India
CUST000875,"Ankit Kumar",Male,1987-03-20,7996685534,ankit_kumar875@example.com,"415, Civil Lines",Indore,"Madhya Pradesh",India
CUST000876,"Komal Verma",Other,2001-03-05,8419071570,komal_verma876@example.com,"336, MG Road",Bengaluru,Karnataka,India
CUST000877,"Pawan Choudhary",Unknown,1960-05-10,8423251722,pawan_choudhary877@example.com,Unknown,Ahmedabad,Gujarat,India
CUST000878,"Ankit Gupta",Female,1987-05-28,6746528471,ankit_gupta878@example.com,"381, MG Road",Jaipur,Rajasthan,India
CUST000879,"Komal Agarwal",Unknown,1955-10-08,8318994487,komal_agarwal879@example.com,"951, Station Road",Mumbai,Maharashtra,India
CUST000880,"Vikas Sharma",Unknown,1985-03-10,8277487726,vikas_sharma880@example.com,"820, Station Road",Mumbai,Maharashtra,India
CUST000881,"Pooja Mishra",male,1975-04-12,7357780190,pooja_mishra881@example.com,"467, Civil Lines",Kota,Rajasthan,India
CUST000882,"Vikas Mehta",FEMALE,1981-07-02,null,vikas_mehta882@example.com,"351, Park Street",Bengaluru,Karnataka,India
CUST000883,"Komal Saini",Male,2002-02-25,9234202099,komal_saini883@example.com,"208, Nehru Nagar",Bengaluru,Karnataka,India
CUST000884,"Manish Rathore",Other,1982-06-18,9714261339,manish_rathore884@example.com,"665, Park Street",Hyderabad,Telangana,India
CUST000885,"Kavita Mishra",FEMALE,1970-01-09,8749183699,kavita_mishra885@example.com,"425, MG Road",Hyderabad,Telangana,India
CUST000886,"Vikas Sharma",Unknown,1957-04-01,6626104222,vikas_sharma886@example.com,"310, Nehru Nagar",Udaipur,Rajasthan,India
CUST000887,"Pawan Bansal",FEMALE,1969-04-15,6669147922,pawan_bansal887@example.com,"147, Civil Lines",Chandigarh,Chandigarh,India
CUST000888,"Rahul Singh",Unknown,1966-04-15,7981721711,rahul_singh888@example.com,"196, Station Road",Lucknow,"Uttar Pradesh",India
CUST000889,"Karan Mishra",male,1999-12-10,6012779425,karan_mishra889@example.com,"969, MG Road",Hyderabad,Telangana,India
CUST000890,"Riya Gupta",Unknown,1978-10-26,7694202613,riya_gupta890@example.com,"756, MG Road",Udaipur,Rajasthan,India
CUST000891,"Vivek Joshi",Other,1962-05-01,7428509696,vivek_joshi891@example.com,"423, Station Road",Bengaluru,Karnataka,India
CUST000892,"Simran Saini",FEMALE,1959-08-14,8920397978,simran_saini892@example.com,"687, Park Street",Udaipur,Rajasthan,India
CUST000893,"Meena Agarwal",FEMALE,1995-01-26,9399512390,meena_agarwal893@example.com,"917, Nehru Nagar",Chandigarh,Unknown,India
CUST000894,"Arjun Verma",FEMALE,1999-11-14,8487853381,arjun_verma894@example.com,"121, Park Street",Hyderabad,Telangana,India
CUST000895,"Kavita Singh",Unknown,1998-09-23,7955869310,kavita_singh895@example.com,"254, Civil Lines",Delhi,Delhi,India
CUST000896,"Rohit Verma",Other,1996-10-04,8702704454,rohit_verma896@example.com,"361, Main Market",Indore,"Madhya Pradesh",India
CUST000897,"Simran Saini",Unknown,1984-02-09,8534753769,simran_saini897@example.com,"769, MG Road",Kota,Rajasthan,India
CUST000898,"Deepak Gupta",male,1960-11-04,6049654533,deepak_gupta898@example.com,"56, Main Market",Surat,Gujarat,India
CUST000899,"Shreya Kumar",Male,1962-10-14,6238677247,shreya_kumar899@example.com,"233, Civil Lines",Surat,Gujarat,India
CUST000900,"Rahul Patel",male,1982-08-06,8399719312,rahul_patel900@example.com,"351, Park Street",Pune,Maharashtra,India
CUST000901,"Rohit Agarwal",FEMALE,1961-01-13,6740928019,rohit_agarwal901@example.com,"551, Nehru Nagar",Udaipur,Rajasthan,India
CUST000902,"Pooja Verma",Male,1999-01-19,7952273302,pooja_verma902@example.com,"559, Park Street",Chandigarh,Chandigarh,India
CUST000903,"Rahul Tiwari",Unknown,1953-06-11,9583129374,rahul_tiwari903@example.com,"911, MG Road",Mumbai,Maharashtra,India
CUST000904,"Deepak Choudhary",Male,2002-10-27,8713894592,deepak_choudhary904@example.com,"621, Station Road",Kota,Rajasthan,India
CUST000905,"Suresh Yadav",Unknown,1975-10-08,7148917899,suresh_yadav905@example.com,"199, MG Road",Jodhpur,Rajasthan,India
CUST000906,"Suresh Yadav",FEMALE,1953-05-26,6241177953,suresh_yadav906@example.com,"811, Main Market",Jodhpur,Rajasthan,India
CUST000907,"Rohit Agarwal",male,2006-04-15,8417035058,rohit_agarwal907@example.com,"876, Park Street",Bhopal,"Madhya Pradesh",India
CUST000908,"Sneha Choudhary",FEMALE,1993-05-09,9702172656,sneha_choudhary908@example.com,"995, MG Road",Ahmedabad,Gujarat,India
CUST000909,"Manish Choudhary",Unknown,1982-05-04,7736450466,manish_choudhary909@example.com,"92, Civil Lines",Jodhpur,Rajasthan,India
CUST000910,"Neha Agarwal",Unknown,1967-07-26,7940971572,neha_agarwal910@example.com,"66, Nehru Nagar",Jaipur,Rajasthan,India
CUST000911,"Deepak Yadav",Unknown,1951-07-28,9654057125,deepak_yadav911@example.com,"554, Park Street",Surat,Gujarat,India
CUST000912,"Riya Joshi",Male,1953-03-08,9409097501,riya_joshi912@example.com,"937, Civil Lines",Kota,Rajasthan,India
CUST000913,"Sneha Jain",Male,1955-02-13,7759036851,sneha_jain913@example.com,"268, MG Road",Mumbai,Maharashtra,India
CUST000914,"Riya Mishra",Unknown,1983-08-12,7349960120,riya_mishra914@example.com,"918, Civil Lines",Indore,"Madhya Pradesh",India
CUST000915,"Priya Choudhary",Unknown,1989-01-16,12345,priya_choudhary915@example.com,"415, Civil Lines",Indore,"Madhya Pradesh",India
CUST000916,"Suresh Mehta",Unknown,1960-06-13,6786391821,null,"905, MG Road",Jaipur,Rajasthan,India
CUST000917,"Arjun Rathore",Other,1970-12-15,9680698480,arjun_rathore917@example.com,"229, MG Road",Chennai,"Tamil Nadu",India
CUST000918,"Deepak Sharma",Male,1963-07-12,7419599358,deepak_sharma918@example.com,"413, Main Market",Kota,Rajasthan,India
CUST000919,"Sneha Verma",Other,1974-09-27,7170508759,sneha_verma919@example.com,"177, Nehru Nagar",Bhopal,"Madhya Pradesh",India
CUST000920,"Vivek Verma",Other,1971-04-11,8217020064,vivek_verma920@example.com,"702, Station Road",surat,Gujarat,India
CUST000921,"Priya Gupta",male,1950-09-05,8377238710,priya_gupta921@example.com,"323, Station Road",Jodhpur,Rajasthan,India
CUST000922,"Sneha Joshi",Male,1988-07-10,7905494371,sneha_joshi922@example.com,"894, Station Road",Udaipur,Rajasthan,India
CUST000923,"Manish Yadav",Unknown,1968-03-03,6497410328,manish_yadav923@example.com,"449, Civil Lines",Alwar,Rajasthan,India
CUST000924,"Neha Verma",Female,1978-04-15,6442370408,neha_verma924@example.com,"788, Main Market",Delhi,Delhi,India
CUST000925,"Kavita Sharma",Unknown,1959-09-08,7568994261,kavita_sharma925@example.com,"770, Nehru Nagar",Pune,Maharashtra,India
CUST000926,"Anjali Kumar",Male,1993-05-12,9921140057,anjali_kumar926@example.com,"258, Main Market",Jaipur,Rajasthan,India
CUST000927,"Vikas Joshi",Unknown,1997-04-26,9317517136,vikas_joshi927@example.com,"47, Civil Lines",Mumbai,Maharashtra,India
CUST000928,"Kavita Mishra",Unknown,1952-06-10,9697156470,kavita_mishra928@example.com,"506, Nehru Nagar",Surat,Gujarat,India
CUST000929,"Riya Yadav",male,1989-10-07,7242181547,riya_yadav929@example.com,"525, MG Road",Pune,Maharashtra,India
CUST000930,"Ankit Joshi",male,2006-06-11,8264110416,ankit_joshi930@example.com,"495, MG Road",Bhopal,"Madhya Pradesh",India
CUST000931,"Arjun Singh",Unknown,1971-02-04,6467300984,arjun_singh931@example.com,"602, Civil Lines",Kolkata,"West Bengal",India
CUST000932,"Simran Choudhary",Unknown,1979-04-20,6548179186,simran_choudhary932@example.com,"661, MG Road",Indore,"Madhya Pradesh",India
CUST000933,"Komal Yadav",Male,1977-04-02,8215612309,komal_yadav933@example.com,"474, Nehru Nagar",Hyderabad,Telangana,India
CUST000934,"Nikhil Jain",Unknown,1997-08-06,9325982100,nikhil_jain934@example.com,"819, Park Street",Jodhpur,Rajasthan,India
CUST000935,"Manish Singh",FEMALE,1966-10-04,null,manish_singh935@example.com,"12, Station Road",Udaipur,Rajasthan,India
CUST000936,"Rahul Mishra",Unknown,1982-08-13,6203855889,rahul_mishra936@example.com,"479, Nehru Nagar",Alwar,Rajasthan,India
CUST000937,"Ankit Bansal",Male,1953-09-23,6272678741,ankit_bansal937@example.com,"150, Nehru Nagar",Lucknow,"Uttar Pradesh",India
CUST000938,"Rahul Mishra",Male,1998-01-19,7912299118,rahul_mishra938@example.com,"824, Nehru Nagar",Delhi,Delhi,India
CUST000939,"Pawan Joshi",Male,1989-04-23,8472028887,pawan_joshi939@example.com,"795, Main Market",Kota,Rajasthan,India
CUST000940,"Priya Saini",Female,1950-04-27,null,priya_saini940@example.com,"33, Civil Lines",Chandigarh,Chandigarh,India
CUST000941,"Amit Yadav",Unknown,1964-04-11,7221414931,amit_yadav941@example.com,"610, Nehru Nagar",Jaipur,Rajasthan,India
CUST000942,"Manish Mishra",Male,1986-05-05,6996874536,manish_mishra942@example.com,"849, Park Street",Pune,Maharashtra,India
CUST000943,"Amit Jain",Unknown,1991-02-04,7585474468,amit_jain943@example.com,"898, MG Road",Alwar,Rajasthan,India
CUST000944,"Riya Agarwal",Unknown,1951-05-24,7435181067,riya_agarwal944@example.com,"744, Civil Lines",Mumbai,Maharashtra,India
CUST000945,"Simran Mehta",Other,2002-12-09,8211874964,simran_mehta945@example.com,"998, MG Road",Jaipur,Rajasthan,India
CUST000946,"Manish Patel",Other,1986-10-19,9846015055,manish_patel946@example.com,"362, Park Street",Surat,Gujarat,India
CUST000947,"Amit Choudhary",Female,1971-07-27,9783514524,amit_choudhary947@example.com,"618, Park Street",Hyderabad,Telangana,India
CUST000948,"Deepak Tiwari",male,1985-11-20,6364703454,deepak_tiwari948@example.com,"937, Nehru Nagar",Ahmedabad,Gujarat,India
CUST000949,"Pawan Sharma",Female,1967-04-28,9547513264,pawan_sharma949@example.com,"298, Main Market",Chandigarh,Chandigarh,India
CUST000950,"Riya Tiwari",Unknown,1984-09-18,7202333400,riya_tiwari950@example.com,"748, Civil Lines",Surat,Gujarat,India
CUST000951,"Manish Yadav",male,null,8293857755,manish_yadav951@example.com,Unknown,Surat,Gujarat,India
CUST000952,"Shreya Mehta",male,null,6873824131,shreya_mehta952@example.com,"191, Station Road",Kota,Rajasthan,India
CUST000953,"Vivek Joshi",Unknown,1964-07-09,6093081194,vivek_joshi953@example.com,"459, Park Street",Jodhpur,Rajasthan,India
CUST000954,"Priya Saini",Other,1955-06-23,9470775601,priya_saini954@example.com,"990, Civil Lines",Kota,Rajasthan,India
CUST000955,"Simran Mehta",FEMALE,1972-08-16,7175519353,simran_mehta955@example.com,"788, Station Road",Delhi,Delhi,India
CUST000956,"Meena Rathore",male,1986-04-03,7455898857,meena_rathore956@example.com,"435, Park Street",Indore,"Madhya Pradesh",India
CUST000957,"Deepak Bansal",Other,2005-02-03,7878413177,deepak_bansal957@example.com,"262, Park Street",Udaipur,Rajasthan,India
CUST000958,"Arjun Gupta",Unknown,2005-02-23,9620517990,arjun_gupta958@example.com,"895, Main Market",Kolkata,"West Bengal",India
CUST000959,"Pawan Gupta",Male,1969-08-19,8823834471,pawan_gupta959@example.com,"215, Park Street",Ahmedabad,Gujarat,India
CUST000960,"Rohit Tiwari",Male,1987-03-02,9352798160,rohit_tiwari960@example.com,"782, MG Road",Indore,"Madhya Pradesh",India
CUST000961,"Deepak Choudhary",Unknown,1978-08-01,9805849138,deepak_choudhary961@example.com,"398, Main Market",Lucknow,"Uttar Pradesh",India
CUST000962,"Deepak Verma",FEMALE,1973-09-01,7667914637,deepak_verma962@example.com,"150, Civil Lines",hyderabad,Telangana,India
CUST000963,"Priya Jain",Male,1976-12-16,8738767631,priya_jain963@example.com,"19, Civil Lines",Alwar,Rajasthan,India
CUST000964,"Anjali Kumar",Unknown,1980-05-19,9541385552,anjali_kumar964@example.com,"325, Civil Lines",Surat,Gujarat,India
CUST000965,"Ankit Jain",Male,1980-08-15,9541622422,ankit_jain965@example.com,"971, Station Road",Alwar,Rajasthan,India
CUST000966,"Simran Mehta",FEMALE,2001-02-15,9305794211,simran_mehta966@example.com,"946, Nehru Nagar",Alwar,Rajasthan,India
CUST000967,"Vivek Yadav",Male,1950-12-10,8524141721,vivek_yadav967@example.com,"9, Civil Lines",Pune,Maharashtra,India
CUST000968,"Shreya Patel",Other,1977-01-24,9491631797,shreya_patel968@example.com,"246, MG Road",indore,"Madhya Pradesh",India
CUST000969,"Arjun Yadav",Other,1994-04-16,8377295705,arjun_yadav969@example.com,"798, Station Road",Hyderabad,Telangana,India
CUST000970,"Meena Mehta",Unknown,1990-05-27,6933198596,meena_mehta970@example.com,"982, Park Street",Lucknow,"Uttar Pradesh",India
CUST000971,"Manish Jain",Female,1966-06-15,7088371458,manish_jain971@example.com,"488, Nehru Nagar",Bengaluru,Karnataka,India
CUST000972,"Rohit Patel",FEMALE,1971-09-08,6761856787,rohit_patel972@example.com,"986, MG Road",Udaipur,Rajasthan,India
CUST000973,"Pawan Gupta",Unknown,1973-12-17,6477148845,pawan_gupta973@example.com,"936, Station Road",Indore,"Madhya Pradesh",India
CUST000974,"Deepak Rathore",Male,1996-08-19,null,deepak_rathore974@example.com,"461, Park Street",Mumbai,Maharashtra,India
CUST000975,"Pooja Rathore",Male,1953-09-16,8902599229,pooja_rathore975@example.com,"329, Main Market",Kota,Rajasthan,India
CUST000976,"Kavita Bansal",male,1987-12-28,8177008787,kavita_bansal976@example.com,"545, Civil Lines",Jodhpur,Rajasthan,India
CUST000977,"Pooja Saini",male,1971-08-24,7533214787,pooja_saini977@example.com,"255, Nehru Nagar",Kota,Rajasthan,India
CUST000978,"Manish Sharma",Unknown,1997-07-11,9989307764,manish_sharma978@example.com,"991, MG Road",Ahmedabad,Gujarat,India
CUST000979,"Deepak Singh",Male,1963-10-01,6997394320,deepak_singh979@example.com,"531, Station Road",Udaipur,Rajasthan,India
CUST000980,"Vivek Verma",Unknown,1957-12-17,8386645184,vivek_verma980@example.com,"215, MG Road",Bhopal,"Madhya Pradesh",India
CUST000981,"Manish Mishra",Female,1978-07-06,9005150397,manish_mishra981@example.com,"704, MG Road",Udaipur,Rajasthan,India
CUST000982,"Suresh Verma",male,1991-09-12,7718095275,suresh_verma982@example.com,"28, Park Street",Kota,Rajasthan,India
CUST000983,"Anjali Gupta",Unknown,1976-03-20,9029671113,anjali_gupta983@example.com,"90, Park Street",Chandigarh,Chandigarh,India
CUST000984,"Riya Choudhary",Unknown,1990-11-07,null,riya_choudhary984@example.com,"299, Nehru Nagar",Lucknow,"Uttar Pradesh",India
CUST000985,"Shreya Singh",male,1993-03-17,8752677465,shreya_singh985@example.com,"126, MG Road",Chandigarh,Chandigarh,India
CUST000986,"Ankit Choudhary",Other,2002-01-20,7912427320,ankit_choudhary986@example.com,"316, MG Road",Pune,Maharashtra,India
CUST000987,"Vivek Tiwari",Other,1974-03-02,8974278966,vivek_tiwari987@example.com,"7, Nehru Nagar",Udaipur,Rajasthan,India
CUST000988,"Meena Choudhary",Female,1974-10-13,9909275340,meena_choudhary988@example.com,"474, Civil Lines",Chandigarh,Chandigarh,India
CUST000989,"Rohit Tiwari",FEMALE,1977-06-10,6070567277,rohit_tiwari989@example.com,"105, MG Road",Lucknow,"Uttar Pradesh",India
CUST000990,"Shreya Patel",Other,1995-12-16,7563782957,shreya_patel990@example.com,"773, Park Street",Bhopal,"Madhya Pradesh",India
CUST000991,"Shreya Rathore",Unknown,1975-09-03,6815231304,shreya_rathore991@example.com,"376, Civil Lines",Bengaluru,Karnataka,India
CUST000992,"Suresh Singh",Female,1994-02-09,7286134910,suresh_singh992@example.com,"437, MG Road",Delhi,Delhi,India
CUST000993,"Vivek Agarwal",FEMALE,1993-02-09,8917613096,vivek_agarwal993@example.com,"991, Station Road",Jaipur,Rajasthan,India
CUST000994,"Ankit Singh",male,1975-08-14,6807815715,ankit_singh994@example.com,"21, Nehru Nagar",Ahmedabad,Gujarat,India
CUST000995,"Deepak Tiwari",Female,1958-10-24,9747781365,deepak_tiwari995@example.com,"747, Station Road",Mumbai,Maharashtra,India
CUST000996,"Anjali Jain",Other,1978-05-28,8055203924,anjali_jain996@example.com,"173, Park Street",Chennai,"Tamil Nadu",India
CUST000997,"Pooja Patel",FEMALE,2006-09-03,6077524527,pooja_patel997@example.com,"407, Main Market",Lucknow,"Uttar Pradesh",India
CUST000998,"Nikhil Choudhary",Unknown,1966-03-22,7989564188,nikhil_choudhary998@example.com,"890, MG Road",Bhopal,"Madhya Pradesh",India
CUST000999,"Rahul Patel",male,1950-12-16,8931655290,rahul_patel999@example.com,"323, Park Street",Kota,Rajasthan,India
CUST001000,"Kavita Sharma",Male,1960-07-12,6773994293,kavita_sharma1000@example.com,"993, Park Street",Surat,Gujarat,India
